"baseMean","log2FoldChange","lfcSE","pvalue","padj","gene_id","ensembl_id","SYMBOL","GENENAME","ENTREZID","significance","neg_log10_padj","label"
2616.51198250378,-2.51195776156155,0.139738058301548,2.75213543237502e-74,2.54278966381903e-71,"ENSG00000178695","ENSG00000178695","KCTD12","potassium channel tetramerization domain containing 12","115207","Downregulated",70.5946895626008,"KCTD12"
507.78189954285,-3.65358567105823,0.205299192529346,3.91944974758541e-73,3.39497837823664e-70,"ENSG00000162692","ENSG00000162692","VCAM1","vascular cell adhesion molecule 1","7412","Downregulated",69.469162987287,"VCAM1"
1346.4204998245,-1.85793600890444,0.114949104124952,3.3085942835934e-60,2.1835146750629e-57,"ENSG00000148848","ENSG00000148848","ADAM12","ADAM metallopeptidase domain 12","8038","Downregulated",56.6608438849071,"ADAM12"
1177.97308326378,-2.18131262195256,0.137148260117854,2.04847921085524e-58,1.23434232101056e-55,"ENSG00000163394","ENSG00000163394","CCKAR","cholecystokinin A receptor","886","Downregulated",54.908564380409,"CCKAR"
1241.83343503733,-2.39283578128132,0.151376415108935,3.29668703085733e-58,1.90369939836049e-55,"ENSG00000124766","ENSG00000124766","SOX4","SRY-box transcription factor 4","6659","Downregulated",54.7204016273486,"SOX4"
309.637680398269,-2.69345514998205,0.172423894204585,2.83706827579729e-56,1.45625663830647e-53,"ENSG00000146250","ENSG00000146250","PRSS35","serine protease 35","167681","Downregulated",52.8367620819058,"PRSS35"
27477.5245905,-1.82266540895362,0.119032874818885,1.50693358922553e-54,6.73696535905696e-52,"ENSG00000107562","ENSG00000107562","CXCL12","C-X-C motif chemokine ligand 12","6387","Downregulated",51.1715356857495,"CXCL12"
1236.91909489879,-1.6573341170058,0.110481567268383,4.96072458237905e-52,2.08335399961186e-49,"ENSG00000137809","ENSG00000137809","ITGA11","integrin subunit alpha 11","22801","Downregulated",48.6812369292766,"ITGA11"
348.447260834886,-3.01057576293292,0.202753742511858,3.22440273837611e-51,1.24130548753207e-48,"ENSG00000105989","ENSG00000105989","WNT2","Wnt family member 2","7472","Downregulated",47.9061213246876,"WNT2"
965.342679309817,-2.10019730894682,0.143071675620758,2.6949573465358e-50,9.57677278606144e-48,"ENSG00000106484","ENSG00000106484","MEST","mesoderm specific transcript","4232","Downregulated",47.0187808163213,"MEST"
97254.505032103,-1.27784406519073,0.0891740437435762,2.72922068239887e-47,8.59642487212861e-45,"ENSG00000108821","ENSG00000108821","COL1A1","collagen type I alpha 1 chain","1277","Downregulated",44.0656821279571,"COL1A1"
738.091798172715,-2.46136819601541,0.178845258115563,4.91903185600453e-45,1.42026796859097e-42,"ENSG00000138316","ENSG00000138316","ADAMTS14","ADAM metallopeptidase with thrombospondin type 1 motif 14","140766","Downregulated",41.8476297075177,"ADAMTS14"
7780.60421738497,-0.99088584664069,0.0717382752555304,1.93594491864152e-44,5.36605212549056e-42,"ENSG00000124762","ENSG00000124762","CDKN1A","cyclin dependent kinase inhibitor 1A","1026","Downregulated",41.2703451129345,"CDKN1A"
1990.38732247978,-1.19064416569511,0.0865979315537786,5.24797031431646e-44,1.42611020757082e-41,"ENSG00000145685","ENSG00000145685","LHFPL2","LHFPL tetraspan subfamily member 2","10184","Downregulated",40.8458469115876,"LHFPL2"
350.620666283251,-2.25873374486236,0.16775733055769,1.24758123491308e-42,3.03337339204568e-40,"ENSG00000103742","ENSG00000103742","IGDCC4","immunoglobulin superfamily DCC subclass member 4","57722","Downregulated",39.5180741270702,"IGDCC4"
786.349263705095,-1.8399474235104,0.137503783742763,3.03003860435106e-42,7.11750932503412e-40,"ENSG00000172986","ENSG00000172986","GXYLT2","glucoside xylosyltransferase 2","727936","Downregulated",39.1476719551879,"GXYLT2"
24646.6668867821,-0.986825237375893,0.0751281727800733,2.39088736727099e-40,5.02050121560738e-38,"ENSG00000162407","ENSG00000162407","PLPP3","phospholipid phosphatase 3","8613","Downregulated",37.2992529234314,"PLPP3"
7458.86606520238,-1.13650164115481,0.0873186422480122,8.45781017423175e-40,1.69879407543011e-37,"ENSG00000138735","ENSG00000138735","PDE5A","phosphodiesterase 5A","8654","Downregulated",36.7698592622873,"PDE5A"
2619.47446322829,-1.67197172730432,0.129864081195209,2.23001141764279e-39,4.29246225515436e-37,"ENSG00000112837","ENSG00000112837","TBX18","T-box transcription factor 18","9096","Downregulated",36.3672935150256,"TBX18"
728.141915024558,-2.0313523727397,0.159414063694181,8.90699927885887e-39,1.66813652710412e-36,"ENSG00000131389","ENSG00000131389","SLC6A6","solute carrier family 6 member 6","6533","Downregulated",35.7777684078101,"SLC6A6"
416.961207950927,-1.93905703857129,0.152684054365391,2.9346555713218e-38,5.35149888986169e-36,"ENSG00000130513","ENSG00000130513","GDF15","growth differentiation factor 15","9518","Downregulated",35.2715245603293,"GDF15"
4717.76266465199,-1.29674673104095,0.102005104338458,3.17315544836625e-38,5.71126770894906e-36,"ENSG00000101825","ENSG00000101825","MXRA5","matrix remodeling associated 5","25878","Downregulated",35.2432674823156,"MXRA5"
432.834547380702,-2.53901207348094,0.202000838491472,4.90550900746925e-38,8.71608324801492e-36,"ENSG00000136999","ENSG00000136999","CCN3","cellular communication network factor 3","4856","Downregulated",35.0596786304243,"CCN3"
4543.64455446561,-1.08916701678938,0.0901235348595213,1.21118493250913e-34,1.86509021996044e-32,"ENSG00000227051","ENSG00000227051","C14orf132","chromosome 14 open reading frame 132","56967","Downregulated",31.7293001552315,"C14orf132"
692.74781901055,-1.34228123799112,0.111244834376841,1.23011127843323e-34,1.87341892393474e-32,"ENSG00000126785","ENSG00000126785","RHOJ","ras homolog family member J","57381","Downregulated",31.7273650971523,"RHOJ"
2742.809166005,-1.06646513563298,0.089817234214709,1.12231949358061e-33,1.60352843933336e-31,"ENSG00000139289","ENSG00000139289","PHLDA1","pleckstrin homology like domain family A member 1","22822","Downregulated",30.7949233332497,"PHLDA1"
2706.01884450965,-1.50733759924681,0.128747654930527,4.35206761728961e-33,5.97181238693235e-31,"ENSG00000134363","ENSG00000134363","FST","follistatin","10468","Downregulated",30.2238938447179,"FST"
225.70703510405,-2.32314464706378,0.200967622320235,2.50570618387826e-32,3.27609264173291e-30,"ENSG00000196517","ENSG00000196517","SLC6A9","solute carrier family 6 member 9","6536","Downregulated",29.4846438257076,"SLC6A9"
6079.44522551824,-2.05287188926858,0.182596840230415,2.69848129845925e-31,3.43103232250888e-29,"ENSG00000168398","ENSG00000168398","BDKRB2","bradykinin receptor B2","624","Downregulated",28.464575190594,"BDKRB2"
2159.50051863315,-1.03493542234469,0.0920700819721532,2.0211127708095e-30,2.47881432660609e-28,"ENSG00000116584","ENSG00000116584","ARHGEF2","Rho/Rac guanine nucleotide exchange factor 2","9181","Downregulated",27.6057560024578,"ARHGEF2"
395.61130613741,-1.97202694039849,0.177673188613092,4.28299625673566e-30,5.16156914105213e-28,"ENSG00000133216","ENSG00000133216","EPHB2","EPH receptor B2","2048","Downregulated",27.2872182507556,"EPHB2"
1471.61059509334,-1.6573057989821,0.152116868794188,4.09714217557039e-29,4.77162129506135e-27,"ENSG00000143320","ENSG00000143320","CRABP2","cellular retinoic acid binding protein 2","1382","Downregulated",26.3213340318901,"CRABP2"
1260.16936056631,-2.42320971249118,0.226123134748981,4.72241844269814e-29,5.45399976644612e-27,"ENSG00000128606","ENSG00000128606","LRRC17","leucine rich repeat containing 17","10234","Downregulated",26.263284884992,"LRRC17"
378.749396081449,-2.33961405080552,0.216460582545642,6.38710533535591e-29,7.31561097873534e-27,"ENSG00000126016","ENSG00000126016","AMOT","angiomotin","154796","Downregulated",26.1357493970011,"AMOT"
8501.19912788112,-1.26834359123461,0.11662650462098,7.13064384057129e-29,8.10029450708832e-27,"ENSG00000167552","ENSG00000167552","TUBA1A","tubulin alpha 1a","7846","Downregulated",26.0914991909389,"TUBA1A"
26478.2445815118,-0.955692161065899,0.0881305426496869,3.57758837807245e-28,3.90407853005559e-26,"ENSG00000166482","ENSG00000166482","MFAP4","microfibril associated protein 4","4239","Downregulated",25.4084814551378,"MFAP4"
700.803568588146,-1.20849416089794,0.112458229723755,5.71576565923368e-28,6.14068188149765e-26,"ENSG00000075213","ENSG00000075213","SEMA3A","semaphorin 3A","10371","Downregulated",25.2117834006945,"SEMA3A"
255.529366915936,-2.96878497799454,0.279684310282003,5.68838672546731e-28,6.14068188149765e-26,"ENSG00000214814","ENSG00000214814","FER1L6","fer-1 like family member 6","654463","Downregulated",25.2117834006945,"FER1L6"
5401.97362441132,-1.15623840244752,0.109498053080369,2.50407565542347e-27,2.60932214349728e-25,"ENSG00000277443","ENSG00000277443","MARCKS","myristoylated alanine rich protein kinase C substrate","4082","Downregulated",24.5834723001613,"MARCKS"
1286.82246843214,-1.32250563857623,0.125419350259848,3.3655205085914e-27,3.480802143923e-25,"ENSG00000144369","ENSG00000144369","FAM171B","family with sequence similarity 171 member B","165215","Downregulated",24.4583206622212,"FAM171B"
152.224628775579,-2.7468195906767,0.2636107237501,8.19438293750291e-27,8.17021245545703e-25,"ENSG00000145777","ENSG00000145777","TSLP","thymic stromal lymphopoietin","85480","Downregulated",24.0877666500731,"TSLP"
354.366758191759,-2.61231767616035,0.255243832757112,1.70748428822534e-26,1.6782996276961e-24,"ENSG00000164742","ENSG00000164742","ADCY1","adenylate cyclase 1","107","Downregulated",23.775130501768,"ADCY1"
637.244727841542,-1.23365697170351,0.120078275161797,7.46509117589047e-26,7.23487402843819e-24,"ENSG00000181467","ENSG00000181467","RAP2B","RAP2B, member of RAS oncogene family","5912","Downregulated",23.1405690262907,"RAP2B"
697.388782674022,-2.24104853666883,0.223085780391806,9.51384195306137e-26,9.15641219635261e-24,"ENSG00000146592","ENSG00000146592","CREB5","cAMP responsive element binding protein 5","9586","Downregulated",23.038274664821,"CREB5"
123.17909146106,-2.80205973932146,0.277695506665643,3.19717974205111e-25,2.99389959764097e-23,"ENSG00000116991","ENSG00000116991","SIPA1L2","signal induced proliferation associated 1 like 2","57568","Downregulated",22.523762768095,"SIPA1L2"
2927.66054636702,-1.17921820976015,0.117251310243485,5.60883288134456e-25,5.147868536593e-23,"ENSG00000183160","ENSG00000183160","TMEM119","transmembrane protein 119","338773","Downregulated",22.2883725523973,"TMEM119"
1232.57745407946,-1.41820281160173,0.141635167364937,6.41979044415115e-25,5.77739453022668e-23,"ENSG00000092621","ENSG00000092621","PHGDH","phosphoglycerate dehydrogenase","26227","Downregulated",22.2382679740806,"PHGDH"
1380.1351968152,-1.92646477571211,0.194828614942159,9.04828192223589e-25,8.03847045899149e-23,"ENSG00000099194","ENSG00000099194","SCD","stearoyl-CoA desaturase","6319","Downregulated",22.09482657991,"SCD"
2355.3043721753,-1.07650410406093,0.107418959171098,1.00371891407883e-24,8.86021683453405e-23,"ENSG00000033867","ENSG00000033867","SLC4A7","solute carrier family 4 member 7","9497","Downregulated",22.0525556495701,"SLC4A7"
1552.48890311502,-1.07690004652099,0.108845323425565,3.25132713694958e-24,2.79876663298038e-22,"ENSG00000184254","ENSG00000184254","ALDH1A3","aldehyde dehydrogenase 1 family member A3","220","Downregulated",21.5530333124071,"ALDH1A3"
707.729773307254,-1.39961645001023,0.142977753528854,5.79328162292098e-24,4.95611666741122e-22,"ENSG00000164070","ENSG00000164070","HSPA4L","heat shock protein family A (Hsp70) member 4 like","22824","Downregulated",21.3048584788463,"HSPA4L"
302.504104062548,-1.77734273516544,0.182193896202971,7.61318005536494e-24,6.43360136507944e-22,"ENSG00000276600","ENSG00000276600","RAB7B","RAB7B, member RAS oncogene family","338382","Downregulated",21.1915458520927,"RAB7B"
13378.1673052621,-0.85615413345761,0.0878731540709638,1.33026455071244e-23,1.10396026397148e-21,"ENSG00000123243","ENSG00000123243","ITIH5","inter-alpha-trypsin inhibitor heavy chain 5","80760","Downregulated",20.9570465583536,"ITIH5"
165.738114451738,-2.67711049284408,0.279490382352481,1.44698451244159e-23,1.19367609273381e-21,"ENSG00000128342","ENSG00000128342","LIF","LIF interleukin 6 family cytokine","3976","Downregulated",20.9231135042137,"LIF"
243.508309778449,-1.65826030679163,0.171703273704861,2.69103393646877e-23,2.2068070606817e-21,"ENSG00000127824","ENSG00000127824","TUBA4A","tubulin alpha 4a","7277","Downregulated",20.6562356351864,"TUBA4A"
2838.22809797263,-0.998727394721103,0.10337272851065,3.53596193980064e-23,2.86578342243843e-21,"ENSG00000174136","ENSG00000174136","RGMB","repulsive guidance molecule BMP co-receptor b","285704","Downregulated",20.5427566338947,"RGMB"
719.44799280872,-1.5944817178438,0.16607650162367,3.65913742214953e-23,2.94837125195176e-21,"ENSG00000088756","ENSG00000088756","ARHGAP28","Rho GTPase activating protein 28","79822","Downregulated",20.5304178320333,"ARHGAP28"
4773.23265555405,-0.74310649486448,0.0779449290023796,2.24219662684951e-22,1.72636683619486e-20,"ENSG00000179222","ENSG00000179222","MAGED1","MAGE family member D1","9500","Downregulated",19.7628669154531,"MAGED1"
505.311067442156,-1.1643232918696,0.12333875195756,3.2023785573781e-22,2.45203118379575e-20,"ENSG00000112773","ENSG00000112773","TENT5A","terminal nucleotidyltransferase 5A","55603","Downregulated",19.6104740109626,"TENT5A"
860.511360170515,-1.10245942028626,0.117619074816056,5.6478756298062e-22,4.18577050018632e-20,"ENSG00000103485","ENSG00000103485","QPRT","quinolinate phosphoribosyltransferase","23475","Downregulated",19.3782245870903,"QPRT"
1570.24947888793,-1.11310192140852,0.121134795122336,2.93667420103017e-21,2.04519435940086e-19,"ENSG00000205978","ENSG00000205978","NYNRIN","NYN domain and retroviral integrase containing","57523","Downregulated",18.6892654137181,"NYNRIN"
3225.8546849435,-1.81767771860895,0.203352911677489,7.05810136833374e-21,4.84248647840283e-19,"ENSG00000013297","ENSG00000013297","CLDN11","claudin 11","5010","Downregulated",18.3149315832807,"CLDN11"
700.374953062108,-1.2733291797579,0.140621951161359,7.17450289766826e-21,4.89810027875785e-19,"ENSG00000169744","ENSG00000169744","LDB2","LIM domain binding 2","9079","Downregulated",18.3099723278137,"LDB2"
2820.27274772844,-1.32298602846696,0.146558216742011,7.26480509619605e-21,4.92940988833994e-19,"ENSG00000140105","ENSG00000140105","WARS1","tryptophanyl-tRNA synthetase 1","7453","Downregulated",18.3072050680609,"WARS1"
157.674316818355,-2.74328530544712,0.309475193675561,8.70229132305423e-21,5.85461434204896e-19,"ENSG00000177614","ENSG00000177614","PGBD5","piggyBac transposable element derived 5","79605","Downregulated",18.2325017077029,"PGBD5"
385.863639785832,-1.26980173638276,0.139921187241353,8.9642976957583e-21,6.00174887756108e-19,"ENSG00000286190","ENSG00000286190","SMIM48","small integral membrane protein 48","728392","Downregulated",18.2217221800826,"SMIM48"
190.323425001864,-1.85392507059185,0.20616704512687,1.22529964733281e-20,8.12508507769635e-19,"ENSG00000183876","ENSG00000183876","ARSI","arylsulfatase family member I","340075","Downregulated",18.0901720828315,"ARSI"
775.627106935798,-1.6712527294335,0.188430508826192,2.13818459750587e-20,1.38472431480532e-18,"ENSG00000126950","ENSG00000126950","TMEM35A","transmembrane protein 35A","59353","Downregulated",17.8586366818171,"TMEM35A"
2710.03812803935,-0.96722017429727,0.108275826151354,3.86412608550575e-20,2.45655612013873e-18,"ENSG00000157613","ENSG00000157613","CREB3L1","cAMP responsive element binding protein 3 like 1","90993","Downregulated",17.6096733099382,"CREB3L1"
7634.41499052514,-1.63910649776404,0.187909417476626,5.33264506034144e-20,3.34412343399421e-18,"ENSG00000164761","ENSG00000164761","TNFRSF11B","TNF receptor superfamily member 11b","4982","Downregulated",17.4757177008164,"TNFRSF11B"
1022.89974262143,-0.871180702640173,0.0976701875431802,5.81776161163681e-20,3.63190802593129e-18,"ENSG00000145431","ENSG00000145431","PDGFC","platelet derived growth factor C","56034","Downregulated",17.4398651580409,"PDGFC"
185.221468600325,-2.58920698173745,0.301231765432017,1.00211753499937e-19,6.20015487390907e-18,"ENSG00000125848","ENSG00000125848","FLRT3","fibronectin leucine rich transmembrane protein 3","23767","Downregulated",17.2075974621075,"FLRT3"
797.215684907485,-1.15498489638275,0.131509406412424,1.19596862831604e-19,7.36663520881425e-18,"ENSG00000164484","ENSG00000164484","TMEM200A","transmembrane protein 200A","114801","Downregulated",17.1327308356048,"TMEM200A"
1712.64466137503,-0.800653837623426,0.0904573460404341,1.42488000703458e-19,8.73779292809389e-18,"ENSG00000138078","ENSG00000138078","PREPL","prolyl endopeptidase like","9581","Downregulated",17.0585982515985,"PREPL"
1137.52905734336,-1.8403211590425,0.21439646057403,1.75434171129294e-19,1.06172147496982e-17,"ENSG00000106976","ENSG00000106976","DNM1","dynamin 1","1759","Downregulated",16.9739893982719,"DNM1"
214.577953903292,-2.41579832810344,0.281909598307244,2.33488091209248e-19,1.39478942071938e-17,"ENSG00000172061","ENSG00000172061","LRRC15","leucine rich repeat containing 15","131578","Downregulated",16.8554913553458,"LRRC15"
256.623201495384,-1.41724125241975,0.1636670912673,3.40932254653691e-19,2.01062983712575e-17,"ENSG00000110900","ENSG00000110900","TSPAN11","tetraspanin 11","441631","Downregulated",16.6966678769373,"TSPAN11"
542.479746454907,-1.4248643975942,0.165419653398188,3.49332933866153e-19,2.05144285188602e-17,"ENSG00000258947","ENSG00000258947","TUBB3","tubulin beta 3 class III","10381","Downregulated",16.6879405768966,"TUBB3"
7418.43820763389,-0.77427299528542,0.0891738555281582,5.06774454932971e-19,2.92641132121502e-17,"ENSG00000150687","ENSG00000150687","PRSS23","serine protease 23","11098","Downregulated",16.5336646317379,"PRSS23"
1088.15960162171,-0.859918094018408,0.0995827203797438,6.49471462813518e-19,3.68894467341498e-17,"ENSG00000146411","ENSG00000146411","SLC2A12","solute carrier family 2 member 12","154091","Downregulated",16.4330978582486,"SLC2A12"
5490.70931736255,-0.730013913048003,0.0845921084882622,9.01903022646426e-19,5.01986907263326e-17,"ENSG00000116132","ENSG00000116132","PRRX1","paired related homeobox 1","5396","Downregulated",16.2993076099017,"PRRX1"
1088.24648639963,-0.926437867758244,0.10897285024588,1.99287573428154e-18,1.07051413958945e-16,"ENSG00000131080","ENSG00000131080","EDA2R","ectodysplasin A2 receptor","60401","Downregulated",15.9704075920733,"EDA2R"
4187.28900243671,-0.857387935124195,0.101837990029787,4.0726742954861e-18,2.129931813628e-16,"ENSG00000135318","ENSG00000135318","NT5E","5'-nucleotidase ecto","4907","Downregulated",15.6716342995843,"NT5E"
8349.66639837972,-0.62708576026231,0.074078416770132,4.33219479469005e-18,2.2571386338199e-16,"ENSG00000106333","ENSG00000106333","PCOLCE","procollagen C-endopeptidase enhancer","5118","Downregulated",15.6464417656657,"PCOLCE"
394.246816265718,-1.22918112046463,0.148984939636997,1.20153832580619e-17,6.05531623903561e-16,"ENSG00000171132","ENSG00000171132","PRKCE","protein kinase C epsilon","5581","Downregulated",15.2178631708889,"PRKCE"
2826.00380882233,-1.01221454732101,0.122929112719879,1.52364499055838e-17,7.62317542388033e-16,"ENSG00000173068","ENSG00000173068","BNC2","basonuclin zinc finger protein 2","54796","Downregulated",15.1178640861664,"BNC2"
6514.72231246573,-0.889072626833673,0.108148669687647,2.28840872640689e-17,1.112809001378e-15,"ENSG00000189184","ENSG00000189184","PCDH18","protocadherin 18","54510","Downregulated",14.953579370046,"PCDH18"
718.174426893994,-1.24302597527869,0.15459183096954,5.25265432038692e-17,2.49303206254255e-15,"ENSG00000135069","ENSG00000135069","PSAT1","phosphoserine aminotransferase 1","29968","Downregulated",14.6032721360587,"PSAT1"
608.15161996102,-1.08183988816113,0.133845276137122,5.56397787286466e-17,2.63178052355056e-15,"ENSG00000175130","ENSG00000175130","MARCKSL1","MARCKS like 1","65108","Downregulated",14.5797503313899,"MARCKSL1"
2793.79402813984,-0.925698022818546,0.11447229170693,5.83054694778084e-17,2.74848810031614e-15,"ENSG00000113580","ENSG00000113580","NR3C1","nuclear receptor subfamily 3 group C member 1","2908","Downregulated",14.5609061389887,"NR3C1"
2072.71577128004,-0.701555974819291,0.0862089027746713,6.49465121751812e-17,3.03061855971662e-15,"ENSG00000067369","ENSG00000067369","TP53BP1","tumor protein p53 binding protein 1","7158","Downregulated",14.5184687214466,"TP53BP1"
11305.7419251815,-1.24186545208849,0.156483234759846,8.35087486561041e-17,3.87072825292624e-15,"ENSG00000196230","ENSG00000196230","TUBB","tubulin beta class I","203068","Downregulated",14.4122073175463,"TUBB"
1926.41542207824,-0.755432924518194,0.0933927677184405,8.61071679867144e-17,3.96464864162085e-15,"ENSG00000135446","ENSG00000135446","CDK4","cyclin dependent kinase 4","1019","Downregulated",14.4017952950467,"CDK4"
550.643318981138,-0.962628272396447,0.120507252894922,1.35114834388195e-16,6.09953254001954e-15,"ENSG00000132530","ENSG00000132530","XAF1","XIAP associated factor 1","54739","Downregulated",14.2147034474596,"XAF1"
317.399611818519,-1.3813910181235,0.174295531801015,1.36006930445681e-16,6.11987028911263e-15,"ENSG00000143507","ENSG00000143507","DUSP10","dual specificity phosphatase 10","11221","Downregulated",14.2132577826452,"DUSP10"
4133.2880418652,-1.49432796278919,0.191594663779476,1.49923687482372e-16,6.65959097698138e-15,"ENSG00000133110","ENSG00000133110","POSTN","periostin","10631","Downregulated",14.1765524437869,"POSTN"
2325.51122892495,-1.1638497303705,0.148049170299792,2.11870053945261e-16,9.32160977024562e-15,"ENSG00000113361","ENSG00000113361","CDH6","cadherin 6","1004","Downregulated",14.0305090818557,"CDH6"
95.9438854637741,-2.9243641703227,0.374551894340835,2.145126372255e-16,9.40800835224115e-15,"ENSG00000131771","ENSG00000131771","PPP1R1B","protein phosphatase 1 regulatory inhibitor subunit 1B","84152","Downregulated",14.0265023057098,"PPP1R1B"
181.686838041361,-1.69303749706109,0.216980724861265,2.95354883065426e-16,1.27916353887617e-14,"ENSG00000183496","ENSG00000183496","MEX3B","mex-3 RNA binding family member B","84206","Downregulated",13.8930739281631,"MEX3B"
132.841064187198,-2.7633809537366,0.360969948471371,3.001537943698e-16,1.295897643667e-14,"ENSG00000165272","ENSG00000165272","AQP3","aquaporin 3 (Gill blood group)","360","Downregulated",13.8874292998127,"AQP3"
532.596345162978,-0.968878339908656,0.123029186578698,3.48306962583057e-16,1.49912614734118e-14,"ENSG00000143891","ENSG00000143891","GALM","galactose mutarotase","130589","Downregulated",13.8241618209282,"GALM"
585.132045436222,-1.29187742340744,0.166030816055128,3.9311445539613e-16,1.68153494979474e-14,"ENSG00000205208","ENSG00000205208","C4orf46","chromosome 4 open reading frame 46","201725","Downregulated",13.7742941016795,"C4orf46"
559.717293634545,-1.00185114356822,0.127646118317769,4.71836771448036e-16,2.01205717399948e-14,"ENSG00000100626","ENSG00000100626","GALNT16","polypeptide N-acetylgalactosaminyltransferase 16","57452","Downregulated",13.696359682662,"GALNT16"
1057.91084482876,-1.04691951431069,0.135042248689532,6.97268956178532e-16,2.94617392185313e-14,"ENSG00000143344","ENSG00000143344","RGL1","ral guanine nucleotide dissociation stimulator like 1","23179","Downregulated",13.5307416189762,"RGL1"
39970.3028837906,-0.890195268171406,0.114678595062498,7.38317493635744e-16,3.11013439036407e-14,"ENSG00000131016","ENSG00000131016","AKAP12","A-kinase anchoring protein 12","9590","Downregulated",13.5072208444997,"AKAP12"
168.464163234428,-2.00635405280158,0.26259471527383,7.47574974568978e-16,3.13958835531863e-14,"ENSG00000025423","ENSG00000025423","HSD17B6","hydroxysteroid 17-beta dehydrogenase 6","8630","Downregulated",13.5031272903768,"HSD17B6"
889.36694576562,-1.09702410662484,0.142195100449635,8.69384523672736e-16,3.629156660717e-14,"ENSG00000151012","ENSG00000151012","SLC7A11","solute carrier family 7 member 11","23657","Downregulated",13.4401942840958,"SLC7A11"
553.477214174327,-0.989347689939602,0.127813561198588,9.57347566728478e-16,3.98434832651351e-14,"ENSG00000163947","ENSG00000163947","ARHGEF3","Rho guanine nucleotide exchange factor 3","50650","Downregulated",13.3996427009537,"ARHGEF3"
2309.04671003656,-1.12637279872408,0.146946582936898,9.79431554700644e-16,4.06405446604677e-14,"ENSG00000065809","ENSG00000065809","FAM107B","family with sequence similarity 107 member B","83641","Downregulated",13.3910404803144,"FAM107B"
112.017493862869,-2.35409937268948,0.309270463978509,1.01238295004178e-15,4.18824337451612e-14,"ENSG00000116711","ENSG00000116711","PLA2G4A","phospholipase A2 group IVA","5321","Downregulated",13.3779680898541,"PLA2G4A"
312.964177229548,-2.43919422280818,0.331685658501913,1.27637830923602e-15,5.21809055684427e-14,"ENSG00000123610","ENSG00000123610","TNFAIP6","TNF alpha induced protein 6","7130","Downregulated",13.2824883882491,"TNFAIP6"
1355.64912582773,-0.963801884474596,0.125370027143151,1.32821804576422e-15,5.4140511459548e-14,"ENSG00000154654","ENSG00000154654","NCAM2","neural cell adhesion molecule 2","4685","Downregulated",13.2664776458132,"NCAM2"
398.064619970322,-1.28489101017268,0.168417124343908,1.46742370811514e-15,5.96393700022513e-14,"ENSG00000186469","ENSG00000186469","GNG2","G protein subunit gamma 2","54331","Downregulated",13.2244669528446,"GNG2"
13654.2398669426,-0.838305574336967,0.10887081294734,1.53678818688091e-15,6.2094307527646e-14,"ENSG00000139329","ENSG00000139329","LUM","lumican","4060","Downregulated",13.2069482117823,"LUM"
1195.06298140005,-0.769616400019774,0.0992994219724732,1.60735508457541e-15,6.47567852242169e-14,"ENSG00000188042","ENSG00000188042","ARL4C","ARF like GTPase 4C","10123","Downregulated",13.1887147194313,"ARL4C"
162.972042374812,-1.80995696980855,0.240330348640665,2.16465657750506e-15,8.67051315249788e-14,"ENSG00000134253","ENSG00000134253","TRIM45","tripartite motif containing 45","80263","Downregulated",13.0619551986364,"TRIM45"
163.75431028185,-2.17815017454983,0.293239814287544,2.93555101132368e-15,1.16239432759814e-13,"ENSG00000128510","ENSG00000128510","CPA4","carboxypeptidase A4","51200","Downregulated",12.9346465180311,"CPA4"
785.768659853648,-1.1183529064015,0.14851083982997,3.53857025646e-15,1.39718077448089e-13,"ENSG00000196950","ENSG00000196950","SLC39A10","solute carrier family 39 member 10","57181","Downregulated",12.8547473989822,"SLC39A10"
2640.60172464157,-0.987077979788935,0.13174421493878,5.36820399028079e-15,2.10163669777688e-13,"ENSG00000106809","ENSG00000106809","OGN","osteoglycin","4969","Downregulated",12.6774423567128,"OGN"
6958.49302704389,-0.731832366041903,0.0966805405442686,5.48442128526722e-15,2.14108717162024e-13,"ENSG00000166963","ENSG00000166963","MAP1A","microtubule associated protein 1A","4130","Downregulated",12.6693656506024,"MAP1A"
2088.84650464782,-1.12193074051825,0.150996513181071,6.34521478971569e-15,2.47017785872668e-13,"ENSG00000170624","ENSG00000170624","SGCD","sarcoglycan delta","6444","Downregulated",12.6072717753708,"SGCD"
423.381777495806,-1.15502692817723,0.156207125016428,9.51033641184863e-15,3.63095736451268e-13,"ENSG00000119514","ENSG00000119514","GALNT12","polypeptide N-acetylgalactosaminyltransferase 12","79695","Downregulated",12.439978850637,"GALNT12"
1635.18462883491,-1.00060892088066,0.135851453671848,1.28609977802704e-14,4.85669123260948e-13,"ENSG00000101265","ENSG00000101265","RASSF2","Ras association domain family member 2","9770","Downregulated",12.3136595062112,"RASSF2"
10003.4136447371,-0.632721335080878,0.0847844253093458,1.33446661499471e-14,5.0120251537159e-13,"ENSG00000124212","ENSG00000124212","PTGIS","prostaglandin I2 synthase","5740","Downregulated",12.2999867580904,"PTGIS"
1371.67844477829,-1.22312050814612,0.167881613942051,1.62434724397638e-14,6.06787828956028e-13,"ENSG00000049759","ENSG00000049759","NEDD4L","NEDD4 like E3 ubiquitin protein ligase","23327","Downregulated",12.2169631389437,"NEDD4L"
1971.69564011901,-0.892319343835866,0.121165477357175,1.69575878709838e-14,6.3176131802141e-13,"ENSG00000165801","ENSG00000165801","ARHGEF40","Rho guanine nucleotide exchange factor 40","55701","Downregulated",12.1994469689408,"ARHGEF40"
507.103037370455,-1.04165049429188,0.142021810856407,2.12711847690688e-14,7.86126265905397e-13,"ENSG00000107821","ENSG00000107821","KAZALD1","Kazal type serine peptidase inhibitor domain 1","81621","Downregulated",12.104507692915,"KAZALD1"
1016.71061053446,-1.0447040321433,0.14317505680977,2.18305891803563e-14,8.04654615559996e-13,"ENSG00000072210","ENSG00000072210","ALDH3A2","aldehyde dehydrogenase 3 family member A2","224","Downregulated",12.0943904932272,"ALDH3A2"
1123.21446666091,-0.87363173842312,0.119076770947156,2.32549618161743e-14,8.52620412196718e-13,"ENSG00000196411","ENSG00000196411","EPHB4","EPH receptor B4","2050","Downregulated",12.0692442743182,"EPHB4"
2870.76055932142,-0.803649966695127,0.10949569140516,2.68297014161133e-14,9.7562051193915e-13,"ENSG00000074410","ENSG00000074410","CA12","carbonic anhydrase 12","771","Downregulated",12.0107190774354,"CA12"
1427.74398263709,-0.67483194032565,0.0915649182395802,2.99383060200783e-14,1.08050776857361e-12,"ENSG00000105810","ENSG00000105810","CDK6","cyclin dependent kinase 6","1021","Downregulated",11.9663721063036,"CDK6"
89.1989366898591,-2.4735709258736,0.349518678818273,3.40079026879664e-14,1.21786956938637e-12,"ENSG00000183508","ENSG00000183508","TENT5C","terminal nucleotidyltransferase 5C","54855","Downregulated",11.9143992210044,"TENT5C"
291.932639048886,-1.41663301682759,0.197124425327171,3.9277401406016e-14,1.40295233527313e-12,"ENSG00000138669","ENSG00000138669","PRKG2","protein kinase cGMP-dependent 2","5593","Downregulated",11.8529570836969,"PRKG2"
582.002322733505,-0.997207182009126,0.138220940003453,4.81612160417648e-14,1.71145203364825e-12,"ENSG00000170365","ENSG00000170365","SMAD1","SMAD family member 1","4086","Downregulated",11.7666352681965,"SMAD1"
3089.21469505215,-0.686371033041075,0.0940976607342623,5.40793176823552e-14,1.91684210680246e-12,"ENSG00000181019","ENSG00000181019","NQO1","NAD(P)H quinone dehydrogenase 1","1728","Downregulated",11.7174136591452,"NQO1"
202.149252552448,-2.02840389904057,0.292328285927579,7.90227721985008e-14,2.75169999974629e-12,"ENSG00000108830","ENSG00000108830","RND2","Rho family GTPase 2","8153","Downregulated",11.5603989162057,"RND2"
603.101905600566,-0.882660929219877,0.123269437164387,9.45577142919712e-14,3.25179990663134e-12,"ENSG00000158292","ENSG00000158292","GPR153","G protein-coupled receptor 153","387509","Downregulated",11.4878761857469,"GPR153"
700.687630046997,-0.866471928215169,0.121210191979494,9.72862139836225e-14,3.33735059306689e-12,"ENSG00000026950","ENSG00000026950","BTN3A1","butyrophilin subfamily 3 member A1","11119","Downregulated",11.4765981677424,"BTN3A1"
535.287424497493,-1.28042113687741,0.181696701613006,1.03146150268992e-13,3.52963579401964e-12,"ENSG00000103647","ENSG00000103647","CORO2B","coronin 2B","10391","Downregulated",11.4522701050393,"CORO2B"
1120.92584715984,-1.15398832864197,0.16381376064897,1.0515930954018e-13,3.58966224363882e-12,"ENSG00000070882","ENSG00000070882","OSBPL3","oxysterol binding protein like 3","26031","Downregulated",11.444946412877,"OSBPL3"
1320.4768973028,-0.782597520868196,0.109522168228076,1.17496801521228e-13,4.00095374025233e-12,"ENSG00000109654","ENSG00000109654","TRIM2","tripartite motif containing 2","23321","Downregulated",11.397836469983,"TRIM2"
1344.47556419525,-0.962660777749015,0.136057315549331,1.28028471019835e-13,4.31714496317248e-12,"ENSG00000183801","ENSG00000183801","OLFML1","olfactomedin like 1","283298","Downregulated",11.3648033681496,"OLFML1"
192.130890344521,-2.04104730381571,0.297552965884566,1.64975074812267e-13,5.46983148761531e-12,"ENSG00000163491","ENSG00000163491","NEK10","NIMA related kinase 10","152110","Downregulated",11.2620260530315,"NEK10"
84.8727503277276,-2.37282983391152,0.343576750646187,1.8470535800182e-13,6.09483703939814e-12,"ENSG00000126878","ENSG00000126878","AIF1L","allograft inflammatory factor 1 like","83543","Downregulated",11.2150379018317,"AIF1L"
202.318078516404,-1.97960159044516,0.290178021236364,1.97274661105773e-13,6.49413189611616e-12,"ENSG00000100739","ENSG00000100739","BDKRB1","bradykinin receptor B1","623","Downregulated",11.1874788950796,"BDKRB1"
166.524218799801,-1.72672773514336,0.249809344766456,2.13448653587248e-13,6.97685115581527e-12,"ENSG00000089041","ENSG00000089041","P2RX7","purinergic receptor P2X 7","5027","Downregulated",11.1563405421631,"P2RX7"
274.541083605152,-1.36903262800497,0.197298752965077,2.30272839717958e-13,7.49143494284313e-12,"ENSG00000185745","ENSG00000185745","IFIT1","interferon induced protein with tetratricopeptide repeats 1","3434","Downregulated",11.1254349876315,"IFIT1"
387.844628063276,-1.04538502015612,0.150549510635419,3.45908879285284e-13,1.11228565151154e-11,"ENSG00000205213","ENSG00000205213","LGR4","leucine rich repeat containing G protein-coupled receptor 4","55366","Downregulated",10.9537836651424,"LGR4"
519.80043610178,-0.922672634773125,0.132654036783069,3.78059711987327e-13,1.21005301349477e-11,"ENSG00000145632","ENSG00000145632","PLK2","polo like kinase 2","10769","Downregulated",10.9171956024407,"PLK2"
1957.41398815003,-0.856047795569509,0.123554484403238,4.64314450498129e-13,1.47929516539162e-11,"ENSG00000100154","ENSG00000100154","TTC28","tetratricopeptide repeat domain 28","23331","Downregulated",10.829945162101,"TTC28"
232.631592084589,-1.30246414727552,0.189605546853428,4.70161437495443e-13,1.49448792712141e-11,"ENSG00000196155","ENSG00000196155","PLEKHG4","pleckstrin homology and RhoGEF domain containing G4","25894","Downregulated",10.8255075889591,"PLEKHG4"
156.883317374757,-1.55656098927894,0.228409267779611,5.08250575987408e-13,1.60818372890627e-11,"ENSG00000147655","ENSG00000147655","RSPO2","R-spondin 2","340419","Downregulated",10.7936643362517,"RSPO2"
460.043405974001,-1.01176087745022,0.147235469420323,5.79155285574895e-13,1.82007099836337e-11,"ENSG00000136960","ENSG00000136960","ENPP2","ectonucleotide pyrophosphatase/phosphodiesterase 2","5168","Downregulated",10.7399116704786,"ENPP2"
1214.59147658121,-0.988218636271141,0.144468310017265,6.27780373677465e-13,1.96657669106306e-11,"ENSG00000019991","ENSG00000019991","HGF","hepatocyte growth factor","3082","Downregulated",10.7062891126379,"HGF"
554.026807545821,-1.27847322615786,0.18877815695204,6.70925684294382e-13,2.08131416750055e-11,"ENSG00000125398","ENSG00000125398","SOX9","SRY-box transcription factor 9","6662","Downregulated",10.6816623595223,"SOX9"
562.560408409106,-1.20318605386974,0.178756859839129,9.66917110040132e-13,2.95165291366656e-11,"ENSG00000075240","ENSG00000075240","GRAMD4","GRAM domain containing 4","23151","Downregulated",10.5299347127506,"GRAMD4"
530.728120975385,-0.841950903583152,0.123253885555125,9.8507902622736e-13,3.00048576362307e-11,"ENSG00000133943","ENSG00000133943","DGLUCY","D-glutamate cyclase","80017","Downregulated",10.522808429486,"DGLUCY"
234.063630205399,-1.28390390795729,0.191286322172284,1.37150067940833e-12,4.1320930252e-11,"ENSG00000070193","ENSG00000070193","FGF10","fibroblast growth factor 10","2255","Downregulated",10.3838299098348,"FGF10"
312.089894746758,-0.972195518102862,0.143818276926711,1.432672310621e-12,4.30702940409902e-11,"ENSG00000197872","ENSG00000197872","CYRIA","CYFIP related Rac1 interactor A","81553","Downregulated",10.3658221632979,"CYRIA"
841.7492349962,-0.906350938955654,0.134203813008253,1.55108203959669e-12,4.62289161005818e-11,"ENSG00000164171","ENSG00000164171","ITGA2","integrin subunit alpha 2","3673","Downregulated",10.3350862890636,"ITGA2"
5152.9226564603,-0.791401774123318,0.117297737298467,1.78335362190924e-12,5.28647718081164e-11,"ENSG00000182197","ENSG00000182197","EXT1","exostosin glycosyltransferase 1","2131","Downregulated",10.2768336380942,"EXT1"
242.945436204824,-2.07261004619233,0.323099432955507,1.97074253521835e-12,5.81117463735981e-11,"ENSG00000049246","ENSG00000049246","PER3","period circadian regulator 3","8863","Downregulated",10.2357360729519,"PER3"
190.783372806078,-1.35070650960497,0.203020486832311,1.99217419928143e-12,5.86189856217437e-11,"ENSG00000124249","ENSG00000124249","KCNK15","potassium two pore domain channel subfamily K member 15","60598","Downregulated",10.231961701126,"KCNK15"
6302.90902286818,-0.891274369957031,0.133573422084939,2.15977010264119e-12,6.30152712684299e-11,"ENSG00000136859","ENSG00000136859","ANGPTL2","angiopoietin like 2","23452","Downregulated",10.2005541898494,"ANGPTL2"
169.077288677228,-1.31594050707962,0.19804539389538,2.18967541202441e-12,6.37535956622821e-11,"ENSG00000166793","ENSG00000166793","YPEL4","yippee like 4","219539","Downregulated",10.1954953162705,"YPEL4"
646.52695130834,-0.943761349270719,0.141297907736222,2.26674529001462e-12,6.58591676610327e-11,"ENSG00000164237","ENSG00000164237","CMBL","carboxymethylenebutenolidase homolog","134147","Downregulated",10.1813837622744,"CMBL"
3299.93725447077,-0.673381668458815,0.0996981359891232,2.27646495739027e-12,6.60031963273469e-11,"ENSG00000151835","ENSG00000151835","SACS","sacsin molecular chaperone","26278","Downregulated",10.1804350324321,"SACS"
1459.50303798881,-1.40359904989295,0.215550782578871,2.4650936865822e-12,7.10264727699433e-11,"ENSG00000129048","ENSG00000129048","ACKR4","atypical chemokine receptor 4","51554","Downregulated",10.1485797521953,"ACKR4"
390.407609002741,-0.873504420881044,0.130231711535832,2.5548970278494e-12,7.34612404750307e-11,"ENSG00000107338","ENSG00000107338","SHB","SH2 domain containing adaptor protein B","6461","Downregulated",10.1339417423818,"SHB"
174706.213444811,-0.608964049398857,0.0899629517720103,2.57601030127145e-12,7.39149622470414e-11,"ENSG00000087086","ENSG00000087086","FTL","ferritin light chain","2512","Downregulated",10.1312676405822,"FTL"
400.363841744063,-1.00680067499706,0.15173207670758,2.97574921000153e-12,8.48578360111342e-11,"ENSG00000115884","ENSG00000115884","SDC1","syndecan 1","6382","Downregulated",10.0713080475212,"SDC1"
1270.94720845896,-0.642981447870603,0.0956708918998937,3.11886983555951e-12,8.87565031848445e-11,"ENSG00000103365","ENSG00000103365","GGA2","golgi associated, gamma adaptin ear containing, ARF binding protein 2","23062","Downregulated",10.0517998163706,"GGA2"
248.514776192385,-1.25842930171536,0.191168452924958,3.2015692217412e-12,9.09232537789165e-11,"ENSG00000171033","ENSG00000171033","PKIA","cAMP-dependent protein kinase inhibitor alpha","5569","Downregulated",10.0413250310097,"PKIA"
339.070468339336,-1.04546789335986,0.158473223198298,3.57901372711611e-12,1.00816161065248e-10,"ENSG00000077063","ENSG00000077063","CTTNBP2","cortactin binding protein 2","83992","Downregulated",9.99646984389372,"CTTNBP2"
497.832498146005,-1.31615945025252,0.203331057755824,4.56642636859075e-12,1.26825857800199e-10,"ENSG00000147883","ENSG00000147883","CDKN2B","cyclin dependent kinase inhibitor 2B","1030","Downregulated",9.89679219160363,"CDKN2B"
6530.79067195007,-0.954002960514794,0.145124327275547,4.97207802673908e-12,1.37816058745154e-10,"ENSG00000152580","ENSG00000152580","IGSF10","immunoglobulin superfamily member 10","285313","Downregulated",9.8607001741696,"IGSF10"
2099.71473984998,-0.677095132638889,0.10193682749449,5.27574578264663e-12,1.45941239125149e-10,"ENSG00000135842","ENSG00000135842","NIBAN1","niban apoptosis regulator 1","116496","Downregulated",9.83582197065749,"NIBAN1"
372.99277380894,-1.6516823948357,0.259619384610567,5.35286775971445e-12,1.47779669884228e-10,"ENSG00000129682","ENSG00000129682","FGF13","fibroblast growth factor 13","2258","Downregulated",9.83038530791948,"FGF13"
9425.03490695939,-0.65515128800319,0.0990557533831428,6.51398257761175e-12,1.79121596315717e-10,"ENSG00000135919","ENSG00000135919","SERPINE2","serpin family E member 2","5270","Downregulated",9.74685204901803,"SERPINE2"
1224.54015137184,-0.672347332198053,0.101740582727443,7.12311652175293e-12,1.95483706683116e-10,"ENSG00000012171","ENSG00000012171","SEMA3B","semaphorin 3B","7869","Downregulated",9.70888943464918,"SEMA3B"
400.792927884268,-1.16078452925862,0.179906357650557,7.39478783968166e-12,2.02138786331653e-10,"ENSG00000155962","ENSG00000155962","CLIC2","chloride intracellular channel 2","1193","Downregulated",9.69435034618965,"CLIC2"
1872.7745101721,-0.888143327480144,0.137381892827405,9.61967534106373e-12,2.61409961866279e-10,"ENSG00000064205","ENSG00000064205","CCN5","cellular communication network factor 5","8839","Downregulated",9.58267786625388,"CCN5"
2083.74495582227,-0.725221482921998,0.111349220919698,1.00186787609559e-11,2.71189197164235e-10,"ENSG00000136295","ENSG00000136295","TTYH3","tweety family member 3","80727","Downregulated",9.56672761460367,"TTYH3"
226.187447761258,-1.99640664009875,0.321119025439816,1.00383110850366e-11,2.71190942158912e-10,"ENSG00000100784","ENSG00000100784","RPS6KA5","ribosomal protein S6 kinase A5","9252","Downregulated",9.56672482010031,"RPS6KA5"
215.665433969473,-1.34710014631555,0.211006534287979,1.12487998659003e-11,3.02126196398281e-10,"ENSG00000117461","ENSG00000117461","PIK3R3","phosphoinositide-3-kinase regulatory subunit 3","8503","Downregulated",9.51981161680558,"PIK3R3"
3086.001456975,-0.744657212831713,0.114729547056737,1.14784454306725e-11,3.07697824417197e-10,"ENSG00000135679","ENSG00000135679","MDM2","MDM2 proto-oncogene","4193","Downregulated",9.51187557442835,"MDM2"
1251.80830772134,-0.686673171609333,0.105525558369218,1.25312397958958e-11,3.34625149000616e-10,"ENSG00000134684","ENSG00000134684","YARS1","tyrosyl-tRNA synthetase 1","8565","Downregulated",9.47544142242397,"YARS1"
1024.73848027513,-1.02001080175204,0.16017209120766,1.43006896530215e-11,3.79680570692002e-10,"ENSG00000103710","ENSG00000103710","RASL12","RAS like family 12","51285","Downregulated",9.42058162634492,"RASL12"
113.55720195536,-2.28962993447827,0.373635682904659,1.49057017883778e-11,3.94986847199097e-10,"ENSG00000176771","ENSG00000176771","NCKAP5","NCK associated protein 5","344148","Downregulated",9.40341736585192,"NCKAP5"
206.912534983876,-1.26794274821832,0.19989909999182,1.55494319332191e-11,4.10475385071398e-10,"ENSG00000111728","ENSG00000111728","ST8SIA1","ST8 alpha-N-acetyl-neuraminide alpha-2,8-sialyltransferase 1","6489","Downregulated",9.38671288104925,"ST8SIA1"
422.766929999124,-0.910098407790105,0.142252512273483,1.6247484066822e-11,4.27274917802821e-10,"ENSG00000070669","ENSG00000070669","ASNS","asparagine synthetase (glutamine-hydrolyzing)","440","Downregulated",9.36929260069918,"ASNS"
2980.0537600351,-1.1494268769148,0.183954519268565,2.05665778440926e-11,5.37796608191094e-10,"ENSG00000177606","ENSG00000177606","JUN","Jun proto-oncogene, AP-1 transcription factor subunit","3725","Downregulated",9.26938194113938,"JUN"
203.8619426998,-1.2975244098512,0.206831348619832,2.31005352332824e-11,5.98411808968337e-10,"ENSG00000137266","ENSG00000137266","SLC22A23","solute carrier family 22 member 23","63027","Downregulated",9.22299984475726,"SLC22A23"
21547.6394842303,-0.665179204035315,0.103656738115036,2.36467241365786e-11,6.11417816807543e-10,"ENSG00000116016","ENSG00000116016","EPAS1","endothelial PAS domain protein 1","2034","Downregulated",9.21366191001873,"EPAS1"
55.4023435924497,-4.06696634650043,0.718748321595052,2.40290777440203e-11,6.20147092093812e-10,"ENSG00000146006","ENSG00000146006","LRRTM2","leucine rich repeat transmembrane neuronal 2","26045","Downregulated",9.2075052883919,"LRRTM2"
159.606791688914,-1.37699687666737,0.221205405260955,2.94094871034087e-11,7.53393866480854e-10,"ENSG00000154263","ENSG00000154263","ABCA10","ATP binding cassette subfamily A member 10","10349","Downregulated",9.12297791979026,"ABCA10"
1765.37805988856,-1.16375667373722,0.186202776643179,3.36843397285361e-11,8.61312295752365e-10,"ENSG00000169855","ENSG00000169855","ROBO1","roundabout guidance receptor 1","6091","Downregulated",9.06483935292398,"ROBO1"
663.02192035849,-0.821167346279792,0.129814406528647,3.42802518281e-11,8.74935561852003e-10,"ENSG00000109680","ENSG00000109680","TBC1D19","TBC1 domain family member 19","55296","Downregulated",9.05802393116353,"TBC1D19"
1422.97141153731,-0.940447751929505,0.150630198193154,3.66267488826561e-11,9.33106824935166e-10,"ENSG00000178031","ENSG00000178031","ADAMTSL1","ADAMTS like 1","92949","Downregulated",9.03006863404113,"ADAMTSL1"
62.5949455626465,-2.23785108772949,0.365814440771941,4.12148855893239e-11,1.04233047332562e-09,"ENSG00000128165","ENSG00000128165","ADM2","adrenomedullin 2","79924","Downregulated",8.98199456511786,"ADM2"
410.803321383734,-0.901319743046367,0.144294929806588,4.48235773267371e-11,1.13152997845401e-09,"ENSG00000003096","ENSG00000003096","KLHL13","kelch like family member 13","90293","Downregulated",8.94633393547445,"KLHL13"
573.586504209249,-0.984612663021449,0.159053045871683,4.93040275169249e-11,1.23787050245845e-09,"ENSG00000161513","ENSG00000161513","FDXR","ferredoxin reductase","2232","Downregulated",8.90732478585656,"FDXR"
169.531304410108,-1.94861624974477,0.326882921631765,5.37024673872075e-11,1.34343410743558e-09,"ENSG00000135472","ENSG00000135472","FAIM2","Fas apoptotic inhibitory molecule 2","23017","Downregulated",8.87178362992223,"FAIM2"
8301.07567950193,-0.978665455791225,0.159505348250424,6.85568218903242e-11,1.7057971177343e-09,"ENSG00000159674","ENSG00000159674","SPON2","spondin 2","10417","Downregulated",8.76807262374767,"SPON2"
531.51710727585,-0.733331050884828,0.117798510581399,7.21182254056867e-11,1.78799013577355e-09,"ENSG00000162066","ENSG00000162066","AMDHD2","amidohydrolase domain containing 2","51005","Downregulated",8.74763488150819,"AMDHD2"
368.389262915244,-0.878733559307271,0.142033253613395,7.24258800363832e-11,1.79241119897185e-09,"ENSG00000168679","ENSG00000168679","SLC16A4","solute carrier family 16 member 4","9122","Downregulated",8.74656235128182,"SLC16A4"
63.9372242970738,-2.10287196119366,0.347919397563091,7.49852099548701e-11,1.84914595153834e-09,"ENSG00000132622","ENSG00000132622","HSPA12B","heat shock protein family A (Hsp70) member 12B","116835","Downregulated",8.73302880898893,"HSPA12B"
1662.66144523449,-0.697178570449567,0.11245263071413,8.66330086736893e-11,2.12503870302418e-09,"ENSG00000080200","ENSG00000080200","CRYBG3","crystallin beta-gamma domain containing 3","131544","Downregulated",8.67263315579872,"CRYBG3"
2053.1533028329,-0.960904937365618,0.157834614241416,8.68773956927884e-11,2.12726824541759e-09,"ENSG00000145362","ENSG00000145362","ANK2","ankyrin 2","287","Downregulated",8.67217774274454,"ANK2"
1999.95190605567,-0.624218756551866,0.100339386752105,9.07597202547885e-11,2.21450521656886e-09,"ENSG00000166341","ENSG00000166341","DCHS1","dachsous cadherin-related 1","8642","Downregulated",8.65472329233817,"DCHS1"
1324.83702591852,-0.681712251358153,0.110059108724427,9.57125255156508e-11,2.32715770372176e-09,"ENSG00000182199","ENSG00000182199","SHMT2","serine hydroxymethyltransferase 2","6472","Downregulated",8.63317418502637,"SHMT2"
4846.8677272078,-0.625473844430492,0.100745211525413,9.85471346876351e-11,2.38353357702606e-09,"ENSG00000163931","ENSG00000163931","TKT","transketolase","7086","Downregulated",8.62277872575312,"TKT"
661.146409938382,-0.708219822009124,0.114600023628419,1.08603619565472e-10,2.61308604784355e-09,"ENSG00000176845","ENSG00000176845","METRNL","meteorin like, glial cell differentiation regulator","284207","Downregulated",8.58284628889941,"METRNL"
647.988468759371,-1.41391967267742,0.239503663174052,1.10426623402907e-10,2.65234414859774e-09,"ENSG00000161381","ENSG00000161381","PLXDC1","plexin domain containing 1","57125","Downregulated",8.576370125765,"PLXDC1"
1256.76203022961,-0.734524264615688,0.119619608984057,1.11336675019885e-10,2.66957608840932e-09,"ENSG00000134247","ENSG00000134247","PTGFRN","prostaglandin F2 receptor inhibitor","5738","Downregulated",8.57355769634367,"PTGFRN"
3936.9385121228,-0.524531921800484,0.0839303015486148,1.15479375049355e-10,2.76412549017101e-09,"ENSG00000129038","ENSG00000129038","LOXL1","lysyl oxidase like 1","4016","Downregulated",8.55844224405773,"LOXL1"
53.576189346988,-2.50378874549579,0.42625361220188,1.37102764262134e-10,3.24250377117563e-09,"ENSG00000095585","ENSG00000095585","BLNK","B cell linker","29760","Downregulated",8.48911951013985,"BLNK"
48.0542513582056,-2.95534305160196,0.498451804630322,1.41621680679157e-10,3.33231727085304e-09,"ENSG00000188176","ENSG00000188176","SMTNL2","smoothelin like 2","342527","Downregulated",8.47725365599842,"SMTNL2"
513.725732237064,-0.721528739449724,0.117781240538925,1.5576656578909e-10,3.65273914597462e-09,"ENSG00000178425","ENSG00000178425","NT5DC1","5'-nucleotidase domain containing 1","221294","Downregulated",8.43738134106726,"NT5DC1"
6845.1155156208,-0.546482393885078,0.0883991258777243,1.57218320794485e-10,3.68055524981549e-09,"ENSG00000182670","ENSG00000182670","TTC3","tetratricopeptide repeat domain 3","7267","Downregulated",8.43408665857087,"TTC3"
1449.99031488638,-0.752804277794835,0.123846943289046,1.60527238447187e-10,3.74536531589153e-09,"ENSG00000072310","ENSG00000072310","SREBF1","sterol regulatory element binding transcription factor 1","6720","Downregulated",8.42650581563123,"SREBF1"
767.021027087249,-1.07829373991491,0.180652213901136,1.60445734298629e-10,3.74536531589153e-09,"ENSG00000100592","ENSG00000100592","DAAM1","dishevelled associated activator of morphogenesis 1","23002","Downregulated",8.42650581563123,"DAAM1"
720.489634865396,-0.946915055592292,0.158172597189754,1.8090010894491e-10,4.17849101644585e-09,"ENSG00000134138","ENSG00000134138","MEIS2","Meis homeobox 2","4212","Downregulated",8.37898052720799,"MEIS2"
5671.5241054024,-0.609578937494004,0.0994869442796755,1.82215832087497e-10,4.20187889667324e-09,"ENSG00000105894","ENSG00000105894","PTN","pleiotrophin","5764","Downregulated",8.37655646865174,"PTN"
102.145033834151,-1.52563036245794,0.25804980204554,2.08274201011494e-10,4.78685265641509e-09,"ENSG00000105516","ENSG00000105516","DBP","D-box binding PAR bZIP transcription factor","1628","Downregulated",8.31994994028298,"DBP"
719.564149710102,-0.863357417773216,0.143752420369488,2.14743611580232e-10,4.91922597171973e-09,"ENSG00000018625","ENSG00000018625","ATP1A2","ATPase Na+/K+ transporting subunit alpha 2","477","Downregulated",8.30810322704082,"ATP1A2"
93.9142657495543,-1.78719148999265,0.306567710981243,2.45725477824346e-10,5.61039439401583e-09,"ENSG00000162643","ENSG00000162643","DNAI3","dynein axonemal intermediate chain 3","126820","Downregulated",8.25100660806215,"DNAI3"
4679.09913202428,-0.572285158966871,0.0941194748771662,2.50627816784685e-10,5.71291268555749e-09,"ENSG00000113657","ENSG00000113657","DPYSL3","dihydropyrimidinase like 3","1809","Downregulated",8.24314241351522,"DPYSL3"
238.193815600398,-1.30919860942755,0.224081134577083,2.5848984451658e-10,5.87280451664801e-09,"ENSG00000170989","ENSG00000170989","S1PR1","sphingosine-1-phosphate receptor 1","1901","Downregulated",8.2311544549299,"S1PR1"
721.275737891125,-0.747428212276082,0.124504766275208,2.71154810232859e-10,6.14041587421111e-09,"ENSG00000132688","ENSG00000132688","NES","nestin","10763","Downregulated",8.21180221424015,"NES"
542.119000250551,-0.809037255365407,0.135205842252167,2.79122503967168e-10,6.29001428045687e-09,"ENSG00000242265","ENSG00000242265","PEG10","paternally expressed 10","23089","Downregulated",8.20134836855845,"PEG10"
1809.85085314826,-0.529473463508401,0.0869649653624414,2.8542687787309e-10,6.4216413968233e-09,"ENSG00000154767","ENSG00000154767","XPC","XPC complex subunit, DNA damage recognition and repair factor","7508","Downregulated",8.19235395036236,"XPC"
5975.57768784469,-0.668714435772691,0.111983383169006,3.50985168417807e-10,7.85832544281485e-09,"ENSG00000168214","ENSG00000168214","RBPJ","recombination signal binding protein for immunoglobulin kappa J region","3516","Downregulated",8.10466998938372,"RBPJ"
283.642911839719,-1.30937404029296,0.22624981940765,3.68240724449498e-10,8.21811304371272e-09,"ENSG00000137872","ENSG00000137872","SEMA6D","semaphorin 6D","80031","Downregulated",8.08522788912392,"SEMA6D"
405.402175887237,-1.39289033709982,0.243340026551955,3.78396413394279e-10,8.43118310808893e-09,"ENSG00000182580","ENSG00000182580","EPHB3","EPH receptor B3","2049","Downregulated",8.07411147860633,"EPHB3"
212.326024323228,-1.13661083995151,0.194302258135776,3.83070541895759e-10,8.52162863584803e-09,"ENSG00000185338","ENSG00000185338","SOCS1","suppressor of cytokine signaling 1","8651","Downregulated",8.06947739584739,"SOCS1"
1952.46547423381,-0.509147926008663,0.0847108996648793,5.05823541059694e-10,1.10745789187145e-08,"ENSG00000079432","ENSG00000079432","CIC","capicua transcriptional repressor","23152","Downregulated",7.95567277767873,"CIC"
765.074334870844,-0.682444281016133,0.115035880538138,5.07549431506966e-10,1.10948384404654e-08,"ENSG00000066697","ENSG00000066697","MSANTD3","Myb/SANT DNA binding domain containing 3","91283","Downregulated",7.95487901744506,"MSANTD3"
609.835220998185,-0.755238363713275,0.128375660181164,5.19851784167578e-10,1.13406571000466e-08,"ENSG00000141574","ENSG00000141574","SECTM1","secreted and transmembrane 1","6398","Downregulated",7.94536178083495,"SECTM1"
549.59743074907,-0.79412028982872,0.135025643123832,5.20431338165064e-10,1.13406571000466e-08,"ENSG00000158467","ENSG00000158467","AHCYL2","adenosylhomocysteinase like 2","23382","Downregulated",7.94536178083495,"AHCYL2"
245.500632338101,-1.53519198597162,0.271403354293292,5.30875644016697e-10,1.15319836213596e-08,"ENSG00000149633","ENSG00000149633","KIAA1755","KIAA1755","85449","Downregulated",7.93809598310296,"KIAA1755"
364.941230514563,-0.82845361704911,0.141218063659406,5.63063616310548e-10,1.21976061277874e-08,"ENSG00000183049","ENSG00000183049","CAMK1D","calcium/calmodulin dependent protein kinase ID","57118","Downregulated",7.91372539453056,"CAMK1D"
4233.58531953649,-0.466798358952695,0.077721360429701,5.7695821543319e-10,1.2474358670341e-08,"ENSG00000100813","ENSG00000100813","ACIN1","apoptotic chromatin condensation inducer 1","22985","Downregulated",7.90398177300651,"ACIN1"
74.7512772836054,-1.81387193419736,0.317461200457932,6.10770570336899e-10,1.31643380004651e-08,"ENSG00000196932","ENSG00000196932","TMEM26","transmembrane protein 26","219623","Downregulated",7.88060097552288,"TMEM26"
316.576034336593,-0.880510125074135,0.151724199945536,7.35904939945399e-10,1.57633795404997e-08,"ENSG00000156869","ENSG00000156869","FRRS1","ferric chelate reductase 1","391059","Downregulated",7.80235066765573,"FRRS1"
277.198626702507,-0.985585468595245,0.170949064832216,7.98048801870733e-10,1.7041846448577e-08,"ENSG00000128602","ENSG00000128602","SMO","smoothened, frizzled class receptor","6608","Downregulated",7.76848335211719,"SMO"
484.666983451552,-0.805022587738649,0.138687261313305,8.18289998620574e-10,1.74204010612635e-08,"ENSG00000121753","ENSG00000121753","ADGRB2","adhesion G protein-coupled receptor B2","576","Downregulated",7.75894185066655,"ADGRB2"
71.2470439115886,-1.94755212573318,0.345755839157334,8.83500440455591e-10,1.86652936040763e-08,"ENSG00000040731","ENSG00000040731","CDH10","cadherin 10","1008","Downregulated",7.72896517425483,"CDH10"
1355.46339586883,-0.621797158840698,0.106832386660615,1.09918518961372e-09,2.30463049059856e-08,"ENSG00000116001","ENSG00000116001","TIA1","TIA1 cytotoxic granule associated RNA binding protein","7072","Downregulated",7.63739869663364,"TIA1"
100.373381469936,-1.41020786271618,0.250308237432149,1.16430242419589e-09,2.43013061700765e-08,"ENSG00000166592","ENSG00000166592","RRAD","RRAD, Ras related glycolysis inhibitor and calcium channel regulator","6236","Downregulated",7.61437038289504,"RRAD"
365.47604052256,-0.891753970846895,0.156723592916638,1.33691379869613e-09,2.77662378675044e-08,"ENSG00000101255","ENSG00000101255","TRIB3","tribbles pseudokinase 3","57761","Downregulated",7.55648296015134,"TRIB3"
829.364421168276,-0.599867438949734,0.103259663950246,1.33832505198737e-09,2.77662378675044e-08,"ENSG00000177409","ENSG00000177409","SAMD9L","sterile alpha motif domain containing 9 like","219285","Downregulated",7.55648296015134,"SAMD9L"
237.211951592296,-1.46482401157768,0.266830308729442,1.49584283980387e-09,3.08955080727896e-08,"ENSG00000138944","ENSG00000138944","SHISAL1","shisa like 1","85352","Downregulated",7.51010465847191,"SHISAL1"
1904.97574380401,-1.04049558880116,0.187211277463374,1.6328245753539e-09,3.35249122812293e-08,"ENSG00000112715","ENSG00000112715","VEGFA","vascular endothelial growth factor A","7422","Downregulated",7.47463234981724,"VEGFA"
2668.34350732739,-0.674791514796628,0.117830366516172,1.63697351001991e-09,3.35603785138549e-08,"ENSG00000150593","ENSG00000150593","PDCD4","programmed cell death 4","27250","Downregulated",7.47417314958495,"PDCD4"
766.411723064963,-0.648536629062528,0.113326380667314,1.88685005943544e-09,3.85123048213782e-08,"ENSG00000184898","ENSG00000184898","RBM43","RNA binding motif protein 43","375287","Downregulated",7.41440048965425,"RBM43"
418.680050979887,-0.818438438235977,0.144800077110381,1.89121362895001e-09,3.8544602475909e-08,"ENSG00000087266","ENSG00000087266","SH3BP2","SH3 domain binding protein 2","6452","Downregulated",7.41403642900208,"SH3BP2"
2731.66196339935,-0.466638769137601,0.0800930035361036,1.93013627305663e-09,3.92801154306781e-08,"ENSG00000123983","ENSG00000123983","ACSL3","acyl-CoA synthetase long chain family member 3","2181","Downregulated",7.40582724464189,"ACSL3"
407.815805679935,-1.04986207645542,0.188558667480082,1.9379809888509e-09,3.93819333203586e-08,"ENSG00000176890","ENSG00000176890","TYMS","thymidylate synthetase","7298","Downregulated",7.40470296748297,"TYMS"
11907.0300539372,-0.593878113260189,0.103270190799774,2.02275053819479e-09,4.10443626776598e-08,"ENSG00000108828","ENSG00000108828","VAT1","vesicle amine transport 1","10493","Downregulated",7.38674648351672,"VAT1"
17454.9391671041,-0.731068853203732,0.129700158263273,2.22718813436894e-09,4.49950442481329e-08,"ENSG00000115963","ENSG00000115963","RND3","Rho family GTPase 3","390","Downregulated",7.34683531676265,"RND3"
405.756745790364,-1.42856064289046,0.266242582558016,2.4341260389493e-09,4.91041525091678e-08,"ENSG00000064309","ENSG00000064309","CDON","cell adhesion associated, oncogene regulated","50937","Downregulated",7.30888178006517,"CDON"
1074.08167247187,-0.697917268429351,0.123744890070878,2.544530956712e-09,5.11823723208587e-08,"ENSG00000134987","ENSG00000134987","WDR36","WD repeat domain 36","134430","Downregulated",7.29087958828117,"WDR36"
1720.93809861392,-1.01368252583467,0.184644328569778,2.64933291718233e-09,5.31361865401301e-08,"ENSG00000079257","ENSG00000079257","LXN","latexin","56925","Downregulated",7.2746096171069,"LXN"
454.752664236388,-0.791427068569594,0.141199046887497,2.65890215514158e-09,5.32510476417733e-08,"ENSG00000271254","ENSG00000271254","LOC124905564","neuroblastoma breakpoint family member 1-like","124905564","Downregulated",7.27367184365325,"LOC124905564"
650.463214529478,-0.827620981814167,0.148387529652897,2.84244926152168e-09,5.66567473304781e-08,"ENSG00000152990","ENSG00000152990","ADGRA3","adhesion G protein-coupled receptor A3","166647","Downregulated",7.24674836198948,"ADGRA3"
357.819542905038,-0.795340044501114,0.142065543043899,2.84233177213187e-09,5.66567473304781e-08,"ENSG00000158301","ENSG00000158301","GPRASP2","G protein-coupled receptor associated sorting protein 2","114928","Downregulated",7.24674836198948,"GPRASP2"
546.621614975641,-0.942538529831462,0.171508301874801,3.24414186411435e-09,6.43212619381412e-08,"ENSG00000107731","ENSG00000107731","UNC5B","unc-5 netrin receptor B","219699","Downregulated",7.19164544362225,"UNC5B"
3197.099835861,-0.561558506676749,0.0981533770060191,3.36021308055776e-09,6.63378818852563e-08,"ENSG00000086062","ENSG00000086062","B4GALT1","beta-1,4-galactosyltransferase 1","2683","Downregulated",7.1782383992656,"B4GALT1"
2634.56769231039,-0.775386949842963,0.139425937246167,3.40421093237619e-09,6.71108951803722e-08,"ENSG00000196562","ENSG00000196562","SULF2","sulfatase 2","55959","Downregulated",7.17320696816772,"SULF2"
859.364523229039,-0.699685758751166,0.124992863984194,3.51016522579837e-09,6.90033756940988e-08,"ENSG00000144730","ENSG00000144730","IL17RD","interleukin 17 receptor D","54756","Downregulated",7.16112966274884,"IL17RD"
1586.72071609787,-0.580432892473095,0.102983477057935,3.77209874106851e-09,7.3838300074108e-08,"ENSG00000113552","ENSG00000113552","GNPDA1","glucosamine-6-phosphate deaminase 1","10007","Downregulated",7.13171831031547,"GNPDA1"
8762.95965555714,-0.433084149724743,0.0758961274428984,3.85818383327276e-09,7.53106616131369e-08,"ENSG00000170315","ENSG00000170315","UBB","ubiquitin B","7314","Downregulated",7.12314353705312,"UBB"
1100.33399253955,-0.8339666510256,0.151982866195927,4.2760054508673e-09,8.2998822890154e-08,"ENSG00000183023","ENSG00000183023","SLC8A1","solute carrier family 8 member A1","6546","Downregulated",7.08092806685207,"SLC8A1"
874.598175461628,-0.610347977045434,0.109088682899043,4.30250503287657e-09,8.33963877631278e-08,"ENSG00000132646","ENSG00000132646","PCNA","proliferating cell nuclear antigen","5111","Downregulated",7.07885276001592,"PCNA"
564.780636250368,-0.653179749912792,0.117067487189494,4.45083855759521e-09,8.59111024647799e-08,"ENSG00000126705","ENSG00000126705","AHDC1","AT-hook DNA binding motif containing 1","27245","Downregulated",7.06595070779141,"AHDC1"
4266.28600259482,-0.462406771803901,0.0815929593302586,4.56470259070242e-09,8.79863883234281e-08,"ENSG00000172667","ENSG00000172667","ZMAT3","zinc finger matrin-type 3","64393","Downregulated",7.0555845089096,"ZMAT3"
1578.92176555168,-0.560742506126734,0.100062609111344,4.87233095230264e-09,9.37856037055032e-08,"ENSG00000185532","ENSG00000185532","PRKG1","protein kinase cGMP-dependent 1","5592","Downregulated",7.02786382165399,"PRKG1"
278.53826692066,-0.915191840126595,0.169216690752606,6.56170755691807e-09,1.25259924285575e-07,"ENSG00000161682","ENSG00000161682","FAM171A2","family with sequence similarity 171 member A2","284069","Downregulated",6.90218785514762,"FAM171A2"
312.980129569923,-0.926817441060214,0.17180353280485,6.66412419239444e-09,1.27040023634655e-07,"ENSG00000116830","ENSG00000116830","TTF2","transcription termination factor 2","8458","Downregulated",6.89605943412038,"TTF2"
432.089620213548,-0.787213835717369,0.144935028755004,6.78130124861966e-09,1.29096228028324e-07,"ENSG00000159023","ENSG00000159023","EPB41","erythrocyte membrane protein band 4.1","2035","Downregulated",6.8890864468925,"EPB41"
1259.09789141906,-0.550491666932787,0.0992805535914412,7.08255798842376e-09,1.34277935925533e-07,"ENSG00000172831","ENSG00000172831","CES2","carboxylesterase 2","8824","Downregulated",6.87199534319883,"CES2"
1844.78472497341,-0.589547368394197,0.106995885669534,7.12972051639747e-09,1.34987427099389e-07,"ENSG00000108797","ENSG00000108797","CNTNAP1","contactin associated protein 1","8506","Downregulated",6.86970668036159,"CNTNAP1"
226.234243903598,-0.907010214383426,0.16833137345407,7.53671788052767e-09,1.41533025889205e-07,"ENSG00000120341","ENSG00000120341","SEC16B","SEC16 homolog B, endoplasmic reticulum export factor","89866","Downregulated",6.84914220828182,"SEC16B"
747.45518608304,-1.05271215639231,0.200470321303579,7.95099324648295e-09,1.48909210004064e-07,"ENSG00000135744","ENSG00000135744","AGT","angiotensinogen","183","Downregulated",6.82707844039258,"AGT"
461.79306573664,-0.776331423351401,0.144217716601275,9.22233936633869e-09,1.71790861932914e-07,"ENSG00000161642","ENSG00000161642","ZNF385A","zinc finger protein 385A","25946","Downregulated",6.76499994130606,"ZNF385A"
2185.09567294698,-0.584745811967257,0.107124439893239,1.00151999737799e-08,1.8581078505571e-07,"ENSG00000142227","ENSG00000142227","EMP3","epithelial membrane protein 3 (MAM blood group)","2014","Downregulated",6.73092908176194,"EMP3"
1632.93409805003,-0.759535185225112,0.141714320848434,1.01121122552892e-08,1.87357972922531e-07,"ENSG00000196139","ENSG00000196139","AKR1C3","aldo-keto reductase family 1 member C3","8644","Downregulated",6.72732782099781,"AKR1C3"
372.977138467141,-0.771794900598685,0.143647939433062,1.047060658908e-08,1.92712000953598e-07,"ENSG00000165821","ENSG00000165821","SALL2","spalt like transcription factor 2","6297","Downregulated",6.7150912392333,"SALL2"
717.574210592955,-0.626061645442937,0.115235136374784,1.07476667877209e-08,1.97026341284423e-07,"ENSG00000165533","ENSG00000165533","TTC8","tetratricopeptide repeat domain 8","123016","Downregulated",6.70547570729163,"TTC8"
542.070678087695,-0.741867593219277,0.137456612524356,1.11069499327641e-08,2.0280793032698e-07,"ENSG00000074219","ENSG00000074219","TEAD2","TEA domain transcription factor 2","8463","Downregulated",6.6929150669427,"TEAD2"
615.45444888875,-0.656326232827097,0.121698201565573,1.20170161104029e-08,2.17989301405855e-07,"ENSG00000171604","ENSG00000171604","CXXC5","CXXC finger protein 5","51523","Downregulated",6.66156482040648,"CXXC5"
2048.67581817418,-0.530619831195714,0.0971916053496166,1.21765255202141e-08,2.20594074751173e-07,"ENSG00000205581","ENSG00000205581","HMGN1","high mobility group nucleosome binding domain 1","3150","Downregulated",6.65640615707003,"HMGN1"
793.456312544057,-1.17508012237753,0.228501221796096,1.27210961181377e-08,2.29260950716866e-07,"ENSG00000154310","ENSG00000154310","TNIK","TRAF2 and NCK interacting kinase","23043","Downregulated",6.6396699109586,"TNIK"
2971.07921070498,-0.699611061908376,0.131331941471348,1.31252979505681e-08,2.36238317268731e-07,"ENSG00000181072","ENSG00000181072","CHRM2","cholinergic receptor muscarinic 2","1129","Downregulated",6.6266496595221,"CHRM2"
1415.25166086796,-0.845451906333208,0.161234009164989,1.41617435556995e-08,2.53903756712081e-07,"ENSG00000131370","ENSG00000131370","SH3BP5","SH3 domain binding protein 5","9467","Downregulated",6.59533087333952,"SH3BP5"
3736.85553009295,-0.619357909349965,0.115334794878807,1.46596467386601e-08,2.61814489885426e-07,"ENSG00000185650","ENSG00000185650","ZFP36L1","ZFP36 like 1 zinc finger CCCH-type","677","Downregulated",6.58200632148601,"ZFP36L1"
1201.82021750599,-0.860864694032591,0.164709353675103,1.49940994300392e-08,2.67443016732192e-07,"ENSG00000143772","ENSG00000143772","ITPKB","inositol-trisphosphate 3-kinase B","3707","Downregulated",6.57276873758676,"ITPKB"
8830.50222763946,-0.458710388989633,0.0839099289500685,1.54815999984049e-08,2.75783411796779e-07,"ENSG00000197321","ENSG00000197321","SVIL","supervillin","6840","Downregulated",6.55943185992153,"SVIL"
2062.01295488582,-0.508704068470595,0.0943880825217165,1.6525134583146e-08,2.92866803309233e-07,"ENSG00000168502","ENSG00000168502","MTCL1","microtubule crosslinking factor 1","23255","Downregulated",6.53332985316198,"MTCL1"
2669.72617338602,-0.513814630782954,0.0950621033759295,1.76342097182723e-08,3.11328041382849e-07,"ENSG00000198728","ENSG00000198728","LDB1","LIM domain binding 1","8861","Downregulated",6.50678176055946,"LDB1"
1167.62981530389,-0.945333918569454,0.183187253302714,1.81959505124008e-08,3.20022434202237e-07,"ENSG00000109689","ENSG00000109689","STIM2","stromal interaction molecule 2","57620","Downregulated",6.49481957571533,"STIM2"
162.957447924102,-1.18252327950444,0.229860562388451,1.83910405690545e-08,3.23043639095725e-07,"ENSG00000175538","ENSG00000175538","KCNE3","potassium voltage-gated channel subfamily E regulatory subunit 3","10008","Downregulated",6.49073880603327,"KCNE3"
1646.11683642981,-0.525249221371511,0.097949127242111,2.12192889190154e-08,3.68518953795282e-07,"ENSG00000146247","ENSG00000146247","PHIP","PHIP subunit of CUL4-Ring ligase complex","55023","Downregulated",6.43354017044532,"PHIP"
3632.9898392283,-0.454535784903306,0.0840667598614977,2.1424741583061e-08,3.71156866999553e-07,"ENSG00000164294","ENSG00000164294","GPX8","glutathione peroxidase 8 (putative)","493869","Downregulated",6.43044249988989,"GPX8"
633.801305528862,-0.950773326537539,0.184911098078517,2.14232692265755e-08,3.71156866999553e-07,"ENSG00000175197","ENSG00000175197","DDIT3","DNA damage inducible transcript 3","1649","Downregulated",6.43044249988989,"DDIT3"
4750.00204017415,-0.49297154556697,0.0918849816140431,2.33551774717958e-08,4.02086216871575e-07,"ENSG00000166949","ENSG00000166949","SMAD3","SMAD family member 3","4088","Downregulated",6.39568081383868,"SMAD3"
250.219498179416,-0.967265113538065,0.187884299495159,2.38839084221005e-08,4.10169872146085e-07,"ENSG00000121858","ENSG00000121858","TNFSF10","TNF superfamily member 10","8743","Downregulated",6.38703624265423,"TNFSF10"
243.860851296428,-1.29619578832687,0.258355804827789,2.41414847885765e-08,4.13057824302323e-07,"ENSG00000167992","ENSG00000167992","VWCE","von Willebrand factor C and EGF domains","220001","Downregulated",6.3839891468483,"VWCE"
226.616651320862,-1.6837332932159,0.346931122267398,2.5056168249071e-08,4.27834574815872e-07,"ENSG00000092969","ENSG00000092969","TGFB2","transforming growth factor beta 2","7042","Downregulated",6.36872412148259,"TGFB2"
309.25030235144,-1.08911245400282,0.214809722022628,2.5887447622785e-08,4.40213664545003e-07,"ENSG00000168781","ENSG00000168781","PPIP5K1","diphosphoinositol pentakisphosphate kinase 1","9677","Downregulated",6.35633648076407,"PPIP5K1"
643.084321210477,-0.801924744974306,0.155053983072724,2.65667278462609e-08,4.506588509441e-07,"ENSG00000067445","ENSG00000067445","TRO","trophinin","7216","Downregulated",6.346152094966,"TRO"
30858.5972554407,-0.564377218376063,0.107044004326582,3.03153431223295e-08,5.11446217550562e-07,"ENSG00000113140","ENSG00000113140","SPARC","secreted protein acidic and cysteine rich","6678","Downregulated",6.29120002890994,"SPARC"
928.093008744404,-1.01565191592572,0.201614633016625,3.07570559877117e-08,5.17936863831952e-07,"ENSG00000167106","ENSG00000167106","EEIG1","estrogen-induced osteoclastogenesis regulator 1","399665","Downregulated",6.28572317724424,"EEIG1"
605.555537368401,-0.597197981650015,0.11384835210032,3.18982048339811e-08,5.35202446482014e-07,"ENSG00000198960","ENSG00000198960","ARMCX6","armadillo repeat containing X-linked 6","54470","Downregulated",6.27148191001749,"ARMCX6"
2168.14288291929,-0.497515426343971,0.093834942714139,3.26378451485253e-08,5.46289729364025e-07,"ENSG00000197555","ENSG00000197555","SIPA1L1","signal induced proliferation associated 1 like 1","26037","Downregulated",6.26257696445423,"SIPA1L1"
2253.01115318623,-0.638228118568919,0.122594171313669,3.31619741378456e-08,5.54393003107844e-07,"ENSG00000094916","ENSG00000094916","CBX5","chromobox 5","23468","Downregulated",6.25618225951246,"CBX5"
5101.78908659428,-0.392542480623685,0.0734754533788979,3.76241725518716e-08,6.25219912945309e-07,"ENSG00000124422","ENSG00000124422","USP22","ubiquitin specific peptidase 22","23326","Downregulated",6.20396719836791,"USP22"
626.339920867357,-0.672634185460299,0.129890722544029,3.79385317554923e-08,6.29688756406429e-07,"ENSG00000132510","ENSG00000132510","KDM6B","lysine demethylase 6B","23135","Downregulated",6.2008740613021,"KDM6B"
123.413628019717,-1.68223641252683,0.348097526546723,3.83017842992154e-08,6.34198839429899e-07,"ENSG00000182010","ENSG00000182010","RTKN2","rhotekin 2","219790","Downregulated",6.19777455705767,"RTKN2"
529.360608234829,-0.674054494073609,0.130500616372118,3.83922101955774e-08,6.34937519213015e-07,"ENSG00000171492","ENSG00000171492","LRRC8D","leucine rich repeat containing 8 VRAC subunit D","55144","Downregulated",6.19726900919003,"LRRC8D"
260.23015265743,-0.835793226981872,0.164738434972129,4.53422108702377e-08,7.46315558729958e-07,"ENSG00000138380","ENSG00000138380","CARF","calcium responsive transcription factor","79800","Downregulated",6.1270775043797,"CARF"
470.287298984833,-0.818498556502966,0.161616294423741,4.59865688475393e-08,7.56023555940744e-07,"ENSG00000165868","ENSG00000165868","HSPA12A","heat shock protein family A (Hsp70) member 12A","259217","Downregulated",6.12146467267908,"HSPA12A"
1713.31178460867,-0.883205896422474,0.177001966632324,4.95197955787371e-08,8.10265462722216e-07,"ENSG00000067113","ENSG00000067113","PLPP1","phospholipid phosphatase 1","8611","Downregulated",6.09137267234653,"PLPP1"
1020.32918368374,-0.795709996138121,0.157904235062187,5.16629938202854e-08,8.43342086402044e-07,"ENSG00000124104","ENSG00000124104","SNX21","sorting nexin family member 21","90203","Downregulated",6.07399622596711,"SNX21"
152.180407796405,-1.15798294316566,0.234111355738635,5.27220393198364e-08,8.58607218488382e-07,"ENSG00000176293","ENSG00000176293","ZNF135","zinc finger protein 135","7694","Downregulated",6.06620546463774,"ZNF135"
109.858288214601,-1.21746018981816,0.245501285157601,5.32358860153392e-08,8.65957915829326e-07,"ENSG00000157168","ENSG00000157168","NRG1","neuregulin 1","3084","Downregulated",6.06250321348751,"NRG1"
9070.31806424725,-0.541441964656723,0.105301264678177,5.37497545376307e-08,8.73291732868727e-07,"ENSG00000130635","ENSG00000130635","COL5A1","collagen type V alpha 1 chain","1289","Downregulated",6.05884065112801,"COL5A1"
45.4038135754118,-2.05116694616172,0.42104251895012,5.38191457864398e-08,8.7339524760453e-07,"ENSG00000149403","ENSG00000149403","GRIK4","glutamate ionotropic receptor kainate type subunit 4","2900","Downregulated",6.0587891755298,"GRIK4"
85.4618828236459,-1.63647802930603,0.334955410170939,5.57731350769093e-08,9.04046642141387e-07,"ENSG00000168843","ENSG00000168843","FSTL5","follistatin like 5","56884","Downregulated",6.04380916255331,"FSTL5"
535.480733480717,-1.31461979052192,0.274869551915862,5.80135327032979e-08,9.39263492681081e-07,"ENSG00000164619","ENSG00000164619","BMPER","BMP binding endothelial regulator","168667","Downregulated",6.02721255750509,"BMPER"
1267.23459796461,-0.6778715495235,0.133345920702306,5.98365838374866e-08,9.67578747529435e-07,"ENSG00000140450","ENSG00000140450","ARRDC4","arrestin domain containing 4","91947","Downregulated",6.01431367930567,"ARRDC4"
1481.86976930437,-0.577402475785554,0.112824780483599,6.63020312484754e-08,1.0684649431077e-06,"ENSG00000031823","ENSG00000031823","RANBP3","RAN binding protein 3","8498","Downregulated",5.97123972269471,"RANBP3"
11689.7796363327,-0.496561642567085,0.0961750014241909,6.7516590623787e-08,1.08677401795013e-06,"ENSG00000161011","ENSG00000161011","SQSTM1","sequestosome 1","8878","Downregulated",5.96386075302537,"SQSTM1"
2815.96943512586,-0.504481547855157,0.0979202523591532,6.87598374552502e-08,1.10550184140639e-06,"ENSG00000031698","ENSG00000031698","SARS1","seryl-tRNA synthetase 1","6301","Downregulated",5.95644052969135,"SARS1"
924.720275700608,-0.847771576187068,0.171189719320968,6.95025631374641e-08,1.11614834591207e-06,"ENSG00000198795","ENSG00000198795","ZNF521","zinc finger protein 521","25925","Downregulated",5.95227808001362,"ZNF521"
277.927718229961,-0.896764087473015,0.182822252292483,9.28320805690679e-08,1.47880437311116e-06,"ENSG00000055163","ENSG00000055163","CYFIP2","cytoplasmic FMR1 interacting protein 2","26999","Downregulated",5.83008927380407,"CYFIP2"
50.6894003513302,-1.92445944365086,0.406365616154672,9.61334918511895e-08,1.52613294795605e-06,"ENSG00000254726","ENSG00000254726","MEX3A","mex-3 RNA binding family member A","92312","Downregulated",5.81640763148684,"MEX3A"
171.422568804121,-1.66372646307701,0.361385793626505,9.71126148966752e-08,1.53815283411774e-06,"ENSG00000154864","ENSG00000154864","PIEZO2","piezo type mechanosensitive ion channel component 2","63895","Downregulated",5.81300050997263,"PIEZO2"
693.943807854424,-0.661273672106068,0.132700443614031,1.03998829843107e-07,1.63786338954047e-06,"ENSG00000196639","ENSG00000196639","HRH1","histamine receptor H1","3269","Downregulated",5.78572232457983,"HRH1"
2186.45387580981,-0.713196218456794,0.144677983127512,1.12472493972877e-07,1.76130654685887e-06,"ENSG00000137273","ENSG00000137273","FOXF2","forkhead box F2","2295","Downregulated",5.75416505060676,"FOXF2"
4409.12393711947,-0.754488346667523,0.154170935956924,1.1375163650021e-07,1.77932723505238e-06,"ENSG00000164920","ENSG00000164920","OSR2","odd-skipped related transciption factor 2","116039","Downregulated",5.74974417372133,"OSR2"
1772.30263145537,-0.691252371408532,0.139746592880984,1.14037385327737e-07,1.78178593377351e-06,"ENSG00000204941","ENSG00000204941","PSG5","pregnancy specific beta-1-glycoprotein 5","5673","Downregulated",5.74914447390483,"PSG5"
531.981040673232,-0.606743747506178,0.121370068355346,1.14687852147826e-07,1.78993124202334e-06,"ENSG00000148468","ENSG00000148468","FAM171A1","family with sequence similarity 171 member A1","221061","Downregulated",5.74716365158066,"FAM171A1"
825.371204548294,-0.525078181918763,0.104107840116288,1.18405767599783e-07,1.83966988023026e-06,"ENSG00000111752","ENSG00000111752","PHC1","polyhomeotic homolog 1","1911","Downregulated",5.73526010202147,"PHC1"
725.42669708989,-0.703232449737517,0.142597661967767,1.22469253314978e-07,1.89642612479584e-06,"ENSG00000111801","ENSG00000111801","BTN3A3","butyrophilin subfamily 3 member A3","10384","Downregulated",5.72206407055593,"BTN3A3"
971.681907986411,-0.593268746636359,0.11892753969214,1.22761840410042e-07,1.89883520786024e-06,"ENSG00000109339","ENSG00000109339","MAPK10","mitogen-activated protein kinase 10","5602","Downregulated",5.721512724269,"MAPK10"
1878.88378746589,-0.499983239178591,0.0992878248825755,1.29315127901268e-07,1.98689396627901e-06,"ENSG00000138185","ENSG00000138185","ENTPD1","ectonucleoside triphosphate diphosphohydrolase 1","953","Downregulated",5.70182530907975,"ENTPD1"
2916.91541143563,-0.496138135925523,0.0981787534061968,1.29056716702814e-07,1.98689396627901e-06,"ENSG00000147274","ENSG00000147274","RBMX","RNA binding motif protein X-linked","27316","Downregulated",5.70182530907975,"RBMX"
678.692655780126,-0.66139140004486,0.133867269570004,1.29301380589093e-07,1.98689396627901e-06,"ENSG00000166974","ENSG00000166974","MAPRE2","microtubule associated protein RP/EB family member 2","10982","Downregulated",5.70182530907975,"MAPRE2"
6655.76411019077,-0.817451485423507,0.169996215992346,1.31472292590572e-07,2.01780122149805e-06,"ENSG00000187955","ENSG00000187955","COL14A1","collagen type XIV alpha 1 chain","7373","Downregulated",5.69512161939672,"COL14A1"
3057.03602734901,-0.671135928261119,0.136645990917351,1.3569632964913e-07,2.0780281023285e-06,"ENSG00000187720","ENSG00000187720","THSD4","thrombospondin type 1 domain containing 4","79875","Downregulated",5.68234858353357,"THSD4"
1566.03219511892,-0.510762892323987,0.101824483928305,1.43541714835199e-07,2.19090817830509e-06,"ENSG00000068885","ENSG00000068885","IFT80","intraflagellar transport 80","57560","Downregulated",5.65937582348496,"IFT80"
3064.36783563927,-0.563893979761614,0.113296488205314,1.43393405160135e-07,2.19090817830509e-06,"ENSG00000084636","ENSG00000084636","COL16A1","collagen type XVI alpha 1 chain","1307","Downregulated",5.65937582348496,"COL16A1"
144.009318617732,-1.18620911304958,0.250806852441296,1.44628793354772e-07,2.20507199901407e-06,"ENSG00000165895","ENSG00000165895","ARHGAP42","Rho GTPase activating protein 42","143872","Downregulated",5.65657722557754,"ARHGAP42"
45.7331182943179,-2.79199097149363,0.61673172093792,1.46102241085524e-07,2.22508896615854e-06,"ENSG00000184564","ENSG00000184564","SLITRK6","SLIT and NTRK like family member 6","84189","Downregulated",5.6526526198564,"SLITRK6"
412.440214297558,-0.750679266099263,0.154251818353113,1.49295393604931e-07,2.26873339909073e-06,"ENSG00000155893","ENSG00000155893","PXYLP1","2-phosphoxylose phosphatase 1","92370","Downregulated",5.64421653545328,"PXYLP1"
627.929588512959,-0.957827299557287,0.202057822718167,1.50363355719494e-07,2.28245974470589e-06,"ENSG00000143850","ENSG00000143850","PLEKHA6","pleckstrin homology domain containing A6","22874","Downregulated",5.64159687329258,"PLEKHA6"
1979.89133601529,-0.511348520713244,0.102281706429083,1.50764094570547e-07,2.28354053186144e-06,"ENSG00000156011","ENSG00000156011","PSD3","pleckstrin and Sec7 domain containing 3","23362","Downregulated",5.64139127544847,"PSD3"
905.848031806602,-0.492372354681994,0.0980329805209903,1.50731206296271e-07,2.28354053186144e-06,"ENSG00000162664","ENSG00000162664","ZNF326","zinc finger protein 326","284695","Downregulated",5.64139127544847,"ZNF326"
142.130783197192,-1.09098156175781,0.229499543287829,1.51697061530911e-07,2.29516329231103e-06,"ENSG00000133069","ENSG00000133069","TMCC2","transmembrane and coiled-coil domain family 2","9911","Downregulated",5.63918641059434,"TMCC2"
260.620203272927,-0.776445053554036,0.159808674552529,1.54572546479737e-07,2.33518188142268e-06,"ENSG00000105327","ENSG00000105327","BBC3","BCL2 binding component 3","27113","Downregulated",5.63167928767946,"BBC3"
25.7035260533401,-2.67688841023515,0.569171529373919,1.54679050952163e-07,2.33518188142268e-06,"ENSG00000124134","ENSG00000124134","KCNS1","potassium voltage-gated channel modifier subfamily S member 1","3787","Downregulated",5.63167928767946,"KCNS1"
59.8579789135785,-3.10190003786798,0.78434635360289,1.55374396728301e-07,2.34312705577533e-06,"ENSG00000141469","ENSG00000141469","SLC14A1","solute carrier family 14 member 1 (Kidd blood group)","6563","Downregulated",5.63020416119986,"SLC14A1"
102.162402252175,-1.1537994166611,0.242873085358462,1.60575555934591e-07,2.41893111923641e-06,"ENSG00000109265","ENSG00000109265","CRACD","capping protein inhibiting regulator of actin dynamics","57482","Downregulated",5.61637649830263,"CRACD"
1143.80096418872,-0.690055353849796,0.142032030989901,1.6977778886146e-07,2.54924201065111e-06,"ENSG00000109625","ENSG00000109625","CPZ","carboxypeptidase Z","8532","Downregulated",5.59358893310618,"CPZ"
1531.77504890859,-0.797833140390109,0.166728919342973,1.76625255406827e-07,2.64632369154943e-06,"ENSG00000143702","ENSG00000143702","CEP170","centrosomal protein 170","9859","Downregulated",5.57735703510851,"CEP170"
228.230789150392,-0.800303845220232,0.166109255515583,1.84917304330007e-07,2.75270560763649e-06,"ENSG00000105486","ENSG00000105486","LIG1","DNA ligase 1","3978","Downregulated",5.56024023241904,"LIG1"
1446.0989267334,-0.486074730372155,0.097531156255893,1.84896193687084e-07,2.75270560763649e-06,"ENSG00000108468","ENSG00000108468","CBX1","chromobox 1","10951","Downregulated",5.56024023241904,"CBX1"
1526.55687303249,-0.471878951595752,0.0944685166537971,1.89325141578503e-07,2.8122798897497e-06,"ENSG00000110492","ENSG00000110492","MDK","midkine","4192","Downregulated",5.55094145871451,"MDK"
3095.0529265881,-0.406465445367645,0.0806925548774989,1.9092606433734e-07,2.8330239032668e-06,"ENSG00000085224","ENSG00000085224","ATRX","ATRX chromatin remodeler","546","Downregulated",5.5477497611615,"ATRX"
51.0855869375117,-2.19613419465728,0.491967986378481,1.93734291020269e-07,2.87161875855605e-06,"ENSG00000157368","ENSG00000157368","IL34","interleukin 34","146433","Downregulated",5.54187321834535,"IL34"
308.131419466116,-0.727911311463703,0.150726458332613,2.02505104411899e-07,2.99841692526123e-06,"ENSG00000134769","ENSG00000134769","DTNA","dystrobrevin alpha","1837","Downregulated",5.52310797930925,"DTNA"
465.376360876049,-0.718513680940501,0.149379692455609,2.03733015378842e-07,3.01337871946144e-06,"ENSG00000124496","ENSG00000124496","TRERF1","transcriptional regulating factor 1","55809","Downregulated",5.52094628305075,"TRERF1"
3367.25422175329,-0.439414785008704,0.0880255840032858,2.05584857062154e-07,3.03429236850307e-06,"ENSG00000189339","ENSG00000189339","SLC35E2B","solute carrier family 35 member E2B","728661","Downregulated",5.51794257519395,"SLC35E2B"
1547.28754128094,-0.521246827682248,0.105582446817646,2.07351905200953e-07,3.0571170789149e-06,"ENSG00000124226","ENSG00000124226","RNF114","ring finger protein 114","55905","Downregulated",5.51468792870831,"RNF114"
1349.715270343,-0.812576813811852,0.170808097141587,2.11480800695007e-07,3.11112522511842e-06,"ENSG00000204291","ENSG00000204291","COL15A1","collagen type XV alpha 1 chain","1306","Downregulated",5.5070825078616,"COL15A1"
15278.0321392828,-0.370058722919085,0.0738154131021195,2.19097741136181e-07,3.21320168720247e-06,"ENSG00000080824","ENSG00000080824","HSP90AA1","heat shock protein 90 alpha family class A member 1","3320","Downregulated",5.49306201366726,"HSP90AA1"
452.090970728114,-1.18067943020744,0.258531997235765,2.21521858127903e-07,3.24531863826068e-06,"ENSG00000196739","ENSG00000196739","COL27A1","collagen type XXVII alpha 1 chain","85301","Downregulated",5.48874265601473,"COL27A1"
1581.15437147914,-0.531137920949092,0.108580312344763,2.55291198815211e-07,3.72429549934738e-06,"ENSG00000008513","ENSG00000008513","ST3GAL1","ST3 beta-galactoside alpha-2,3-sialyltransferase 1","6482","Downregulated",5.42895586779687,"ST3GAL1"
437.864739279961,-0.83585298886269,0.177732194927183,2.71500295425944e-07,3.94415366279682e-06,"ENSG00000188153","ENSG00000188153","COL4A5","collagen type IV alpha 5 chain","1287","Downregulated",5.40404617344565,"COL4A5"
203599.855347148,-0.475480194600338,0.0970836294401978,2.8643517393494e-07,4.1524111669083e-06,"ENSG00000164692","ENSG00000164692","COL1A2","collagen type I alpha 2 chain","1278","Downregulated",5.38169964969757,"COL1A2"
178.874488759892,-1.03742296878526,0.224224853250031,2.94439926749542e-07,4.25954378373893e-06,"ENSG00000114670","ENSG00000114670","NEK11","NIMA related kinase 11","79858","Downregulated",5.37063691329512,"NEK11"
41.1001494208468,-2.52739986994426,0.586673987280856,2.96934134218764e-07,4.2866772563936e-06,"ENSG00000123689","ENSG00000123689","G0S2","G0/G1 switch 2","50486","Downregulated",5.36787921325721,"G0S2"
54.8641188029791,-2.3681095596343,0.549440582936763,2.986984125354e-07,4.30766004092416e-06,"ENSG00000119714","ENSG00000119714","GPR68","G protein-coupled receptor 68","8111","Downregulated",5.36575857839553,"GPR68"
623.857290939096,-0.682476622997434,0.143748581475419,3.02177238116178e-07,4.3532997329024e-06,"ENSG00000171469","ENSG00000171469","ZNF561","zinc finger protein 561","93134","Downregulated",5.36118142981845,"ZNF561"
86.3805096166089,-1.96157228337876,0.458024171058726,3.09927517733347e-07,4.45107302411032e-06,"ENSG00000187634","ENSG00000187634","SAMD11","sterile alpha motif domain containing 11","148398","Downregulated",5.35153528064266,"SAMD11"
2082.92330120137,-0.581151793335477,0.121036688103595,3.1267366485231e-07,4.48122473752654e-06,"ENSG00000168077","ENSG00000168077","SCARA3","scavenger receptor class A member 3","51435","Downregulated",5.3486032752746,"SCARA3"
1184.31135712378,-0.705508190232468,0.14991312663957,3.36584528114424e-07,4.80404219890608e-06,"ENSG00000136826","ENSG00000136826","KLF4","KLF transcription factor 4","9314","Downregulated",5.31839318639162,"KLF4"
110.228758916832,-1.09019244795151,0.237683876544629,3.75968758915115e-07,5.35513980452681e-06,"ENSG00000105711","ENSG00000105711","SCN1B","sodium voltage-gated channel beta subunit 1","6324","Downregulated",5.27122918672905,"SCN1B"
2756.3088826389,-0.499083886331049,0.10350990093184,3.82970255600735e-07,5.44926568005193e-06,"ENSG00000101871","ENSG00000101871","MID1","midline 1","4281","Downregulated",5.26366201746427,"MID1"
436.82421267962,-0.876489789880579,0.19053164471995,3.87698013005376e-07,5.51087873050411e-06,"ENSG00000148344","ENSG00000148344","PTGES","prostaglandin E synthase","9536","Downregulated",5.25877914572509,"PTGES"
307.821424257647,-1.1369393219516,0.254214612778444,4.14057791397853e-07,5.86751219936896e-06,"ENSG00000122966","ENSG00000122966","CIT","citron rho-interacting serine/threonine kinase","11113","Downregulated",5.23154599877017,"CIT"
1205.54644238219,-0.522276341106717,0.108974675802105,4.25287734734572e-07,6.00210052513894e-06,"ENSG00000101384","ENSG00000101384","JAG1","jagged canonical Notch ligand 1","182","Downregulated",5.2216967351445,"JAG1"
38.2857525547764,-1.95137926256804,0.438396391965731,4.49096034209491e-07,6.31880399808055e-06,"ENSG00000168811","ENSG00000168811","IL12A","interleukin 12A","3592","Downregulated",5.19936511573464,"IL12A"
145.55795821753,-1.28710642882578,0.289552160236972,4.51338300856346e-07,6.34391228353762e-06,"ENSG00000124225","ENSG00000124225","PMEPA1","prostate transmembrane protein, androgen induced 1","56937","Downregulated",5.1976428305831,"PMEPA1"
492.566545460117,-0.790797335423576,0.17171397677366,4.64245637400735e-07,6.51212579831659e-06,"ENSG00000153721","ENSG00000153721","CNKSR3","CNKSR family member 3","154043","Downregulated",5.18627721853239,"CNKSR3"
1060.60029916837,-0.563145552042449,0.118688466803764,4.67141034928352e-07,6.54611486660468e-06,"ENSG00000164543","ENSG00000164543","STK17A","serine/threonine kinase 17a","9263","Downregulated",5.18401637826803,"STK17A"
6754.41261949547,-0.64038002765699,0.137750663001854,4.90529872394239e-07,6.85732338615614e-06,"ENSG00000149257","ENSG00000149257","SERPINH1","serpin family H member 1","871","Downregulated",5.16384536905418,"SERPINH1"
121.746247239507,-1.72764687696572,0.404325501986185,4.91042336664275e-07,6.85732338615614e-06,"ENSG00000204103","ENSG00000204103","MAFB","MAF bZIP transcription factor B","9935","Downregulated",5.16384536905418,"MAFB"
1014.79665573854,-0.565835596171587,0.11978274122318,4.92478169262796e-07,6.86645366983209e-06,"ENSG00000142875","ENSG00000142875","PRKACB","protein kinase cAMP-activated catalytic subunit beta","5567","Downregulated",5.16326750592109,"PRKACB"
307.624029584608,-0.977742271992952,0.217020418139456,5.04257793572703e-07,7.0236268956021e-06,"ENSG00000259660","ENSG00000259660",NA,NA,NA,"Downregulated",5.15343856678944,"ENSG00000259660"
55.3831480236469,-1.70130105774651,0.383081636788,5.13145440895489e-07,7.14024363993031e-06,"ENSG00000130032","ENSG00000130032","PRRG3","proline rich and Gla domain 3","79057","Downregulated",5.14628696894203,"PRRG3"
812.160191001114,-0.623949675670807,0.133862135212036,5.51536114490096e-07,7.65860062893654e-06,"ENSG00000178764","ENSG00000178764","ZHX2","zinc fingers and homeoboxes 2","22882","Downregulated",5.11585057692749,"ZHX2"
565.276994317273,-0.657270537122688,0.141448414798734,5.57537573234571e-07,7.71919403342449e-06,"ENSG00000132256","ENSG00000132256","TRIM5","tripartite motif containing 5","85363","Downregulated",5.11242804229496,"TRIM5"
747.0196373142,-0.505858538763836,0.106440555970679,5.58723023154494e-07,7.72788660468875e-06,"ENSG00000149792","ENSG00000149792","MRPL49","mitochondrial ribosomal protein L49","740","Downregulated",5.11193925917528,"MRPL49"
813.884473962829,-0.595991616629471,0.127494477425479,5.7885553876652e-07,7.9665927624282e-06,"ENSG00000181827","ENSG00000181827","RFX7","regulatory factor X7","64864","Downregulated",5.0987273826023,"RFX7"
736.050592419674,-0.643534099332047,0.138669252572247,5.80258988120246e-07,7.97798543289533e-06,"ENSG00000116679","ENSG00000116679","IVNS1ABP","influenza virus NS1A binding protein","10625","Downregulated",5.09810676100925,"IVNS1ABP"
1124.88846382213,-0.500565410087521,0.105967526559242,6.49613790125705e-07,8.88746053045622e-06,"ENSG00000072195","ENSG00000072195","SPEG","striated muscle enriched protein kinase","10290","Downregulated",5.05122231497589,"SPEG"
95.1839196109102,-1.16168571191999,0.261224187101325,6.64027892299836e-07,9.07570272128543e-06,"ENSG00000077264","ENSG00000077264","PAK3","p21 (RAC1) activated kinase 3","5063","Downregulated",5.04211973806473,"PAK3"
192.728101758642,-0.851535481901599,0.188506707398896,6.99954391217315e-07,9.52914332797717e-06,"ENSG00000198932","ENSG00000198932","GPRASP1","G protein-coupled receptor associated sorting protein 1","9737","Downregulated",5.02094614077357,"GPRASP1"
2056.80385558126,-0.573922425381463,0.124418968722009,7.08552106062957e-07,9.63672584683662e-06,"ENSG00000196526","ENSG00000196526","AFAP1","actin filament associated protein 1","60312","Downregulated",5.01607049599169,"AFAP1"
50678.2773469459,-0.643442254188975,0.140394852878646,7.1010772038394e-07,9.63896463937417e-06,"ENSG00000100234","ENSG00000100234","TIMP3","TIMP metallopeptidase inhibitor 3","7078","Downregulated",5.01596961293899,"TIMP3"
1043.97077632713,-0.698043388490957,0.15383658484425,7.58761386092018e-07,1.02893092464279e-05,"ENSG00000185070","ENSG00000185070","FLRT2","fibronectin leucine rich transmembrane protein 2","23768","Downregulated",4.98761377980843,"FLRT2"
436.127514038258,-1.14348603724279,0.266204908034653,7.60645388340809e-07,1.03047746207383e-05,"ENSG00000125965","ENSG00000125965","GDF5","growth differentiation factor 5","8200","Downregulated",4.98696150238453,"GDF5"
200.392905158763,-1.00085375640954,0.226427833738277,7.7968835881112e-07,1.05318722853444e-05,"ENSG00000137965","ENSG00000137965","IFI44","interferon induced protein 44","10561","Downregulated",4.97749441600221,"IFI44"
420.73748325698,-0.672778973696469,0.147723911815386,8.3382830998386e-07,1.12194432505498e-05,"ENSG00000124608","ENSG00000124608","AARS2","alanyl-tRNA synthetase 2, mitochondrial","57505","Downregulated",4.95002869381188,"AARS2"
609.000405966658,-0.532742260896028,0.114732456836992,8.59512127671518e-07,1.1542614900581e-05,"ENSG00000133103","ENSG00000133103","COG6","component of oligomeric golgi complex 6","57511","Downregulated",4.93769579358515,"COG6"
169.312060934629,-1.20103732784471,0.27851583066057,8.67003735281876e-07,1.16319504039414e-05,"ENSG00000160460","ENSG00000160460","SPTBN4","spectrin beta, non-erythrocytic 4","57731","Downregulated",4.93434745821651,"SPTBN4"
693.540254212118,-0.733467672491842,0.163596130755139,8.98574625387216e-07,1.20438546743147e-05,"ENSG00000173611","ENSG00000173611","SCAI","suppressor of cancer cell invasion","286205","Downregulated",4.9192344934884,"SCAI"
1251.27151363549,-0.521341397889179,0.11263067978392,9.34208696606396e-07,1.2509370363544e-05,"ENSG00000134802","ENSG00000134802","SLC43A3","solute carrier family 43 member 3","29015","Downregulated",4.90276454918109,"SLC43A3"
228.858952131597,-0.882532460176893,0.199413518382905,9.58698523586246e-07,1.28249062146542e-05,"ENSG00000104081","ENSG00000104081","BMF","Bcl2 modifying factor","90427","Downregulated",4.89194580209194,"BMF"
1753.83211494581,-0.509833372439731,0.11088140207928,1.10343923426993e-06,1.46761654009088e-05,"ENSG00000109572","ENSG00000109572","CLCN3","Cl-/H+ antiporter 3","1182","Downregulated",4.83338740237417,"CLCN3"
353.034172609506,-0.94874887049144,0.219241694950208,1.13562451511909e-06,1.5032110940817e-05,"ENSG00000074047","ENSG00000074047","GLI2","GLI family zinc finger 2","2736","Downregulated",4.82298002769153,"GLI2"
14277.6486378532,-0.369602976423358,0.0786766324810713,1.14109611248865e-06,1.50779630334004e-05,"ENSG00000198363","ENSG00000198363","ASPH","aspartate beta-hydroxylase","444","Downregulated",4.82165732578104,"ASPH"
429.647364641968,-0.619961538352628,0.136886879211629,1.15027795929745e-06,1.51825735599079e-05,"ENSG00000132541","ENSG00000132541","RIDA","reactive intermediate imine deaminase A","10247","Downregulated",4.81865460603384,"RIDA"
341.748338440923,-0.639917556517721,0.141571451089126,1.19801299466366e-06,1.57675803352741e-05,"ENSG00000106524","ENSG00000106524","ANKMY2","ankyrin repeat and MYND domain containing 2","57037","Downregulated",4.80223494761371,"ANKMY2"
1401.37904122217,-0.448343888063906,0.0971226196815196,1.31164648182756e-06,1.72141179845153e-05,"ENSG00000164039","ENSG00000164039","BDH2","3-hydroxybutyrate dehydrogenase 2","56898","Downregulated",4.76411522473225,"BDH2"
295.438584510628,-0.870940825064526,0.199828855834447,1.32758671220828e-06,1.7383708856217e-05,"ENSG00000198105","ENSG00000198105","ZNF248","zinc finger protein 248","57209","Downregulated",4.75985756022626,"ZNF248"
5359.82639871155,-0.359544619916441,0.0765859068108408,1.36270958704026e-06,1.77999926171451e-05,"ENSG00000189067","ENSG00000189067","LITAF","lipopolysaccharide induced TNF factor","9516","Downregulated",4.74958017782222,"LITAF"
4892.16072243397,-0.472933480323169,0.103340569133702,1.3905232066395e-06,1.8129126171982e-05,"ENSG00000147140","ENSG00000147140","NONO","non-POU domain containing octamer binding","4841","Downregulated",4.74162312849314,"NONO"
1632.01081351991,-0.472595006754764,0.102698975442469,1.41872393043272e-06,1.84620609876685e-05,"ENSG00000166986","ENSG00000166986","MARS1","methionyl-tRNA synthetase 1","4141","Downregulated",4.73371981871587,"MARS1"
498.7359661165,-0.791089745135401,0.181411949861466,1.45868261946131e-06,1.89464690001072e-05,"ENSG00000140022","ENSG00000140022","STON2","stonin 2","85439","Downregulated",4.72247171639019,"STON2"
510.603944677895,-0.711811781256191,0.16225568451146,1.54370828369802e-06,1.99946290689447e-05,"ENSG00000106948","ENSG00000106948","AKNA","AT-hook transcription factor","80709","Downregulated",4.69908664828489,"AKNA"
91.662829826054,-1.20646931253703,0.285178895576003,1.5546127695807e-06,2.01163744647351e-05,"ENSG00000102984","ENSG00000102984","ZNF821","zinc finger protein 821","55565","Downregulated",4.6964502886181,"ZNF821"
5014.85492790806,-0.454050179522217,0.0994237016441683,1.58751497461115e-06,2.05045387074892e-05,"ENSG00000100106","ENSG00000100106","TRIOBP","TRIO and F-actin binding protein","11078","Downregulated",4.68814999662987,"TRIOBP"
12524.5055635861,-0.720526991331516,0.166306563079286,1.59028994245489e-06,2.05212554119947e-05,"ENSG00000174807","ENSG00000174807","CD248","CD248 molecule","57124","Downregulated",4.68779607427054,"CD248"
2307.65040689617,-0.460389054597231,0.10091278355253,1.65599198538478e-06,2.13095570338419e-05,"ENSG00000135424","ENSG00000135424","ITGA7","integrin subunit alpha 7","3679","Downregulated",4.67142557796096,"ITGA7"
1023.70545438344,-0.640037803035711,0.144976106112562,1.67867755137331e-06,2.1548862963142e-05,"ENSG00000131584","ENSG00000131584","ACAP3","ArfGAP with coiled-coil, ankyrin repeat and PH domains 3","116983","Downregulated",4.66657564067081,"ACAP3"
641.893120476461,-0.625569635973704,0.141275486825397,1.68282818040618e-06,2.1574760177844e-05,"ENSG00000204406","ENSG00000204406","MBD5","methyl-CpG binding domain protein 5","55777","Downregulated",4.66605402314545,"MBD5"
2806.56067562828,-0.500293898232119,0.110655133173375,1.69296200233575e-06,2.16846214328754e-05,"ENSG00000149212","ENSG00000149212","SESN3","sestrin 3","143686","Downregulated",4.66384815530209,"SESN3"
1479.13254205635,-0.425260911455262,0.0926874378413559,1.7120928119703e-06,2.1889201366325e-05,"ENSG00000143013","ENSG00000143013","LMO4","LIM domain only 4","8543","Downregulated",4.65977008349947,"LMO4"
386.053221658226,-0.805771159039743,0.187126864022021,1.84511529939419e-06,2.3503173652853e-05,"ENSG00000082458","ENSG00000082458","DLG3","discs large MAGUK scaffold protein 3","1741","Downregulated",4.6288734906278,"DLG3"
1493.4328124752,-0.465888394633568,0.102966644895993,1.86998785763691e-06,2.37762951550366e-05,"ENSG00000170035","ENSG00000170035","UBE2E3","ubiquitin conjugating enzyme E2 E3","10477","Downregulated",4.62385581662544,"UBE2E3"
1968.92707277308,-0.796846854431393,0.18716290259661,1.95734361841345e-06,2.48414150252674e-05,"ENSG00000127863","ENSG00000127863","TNFRSF19","TNF receptor superfamily member 19","55504","Downregulated",4.60482366935849,"TNFRSF19"
22.3789136961415,-3.58076617387024,0.899581776648354,2.0215056754843e-06,2.56088182418071e-05,"ENSG00000155897","ENSG00000155897","ADCY8","adenylate cyclase 8","114","Downregulated",4.5916104622541,"ADCY8"
59.1748765210442,-1.32194173090174,0.317111731282543,2.02521620515823e-06,2.56323939609935e-05,"ENSG00000102524","ENSG00000102524","TNFSF13B","TNF superfamily member 13b","10673","Downregulated",4.5912108305892,"TNFSF13B"
868.142504980263,-0.502518139739593,0.112240721208469,2.06143751208219e-06,2.6043265706424e-05,"ENSG00000138496","ENSG00000138496","PARP9","poly(ADP-ribose) polymerase family member 9","83666","Downregulated",4.58430455814713,"PARP9"
155.643512184032,-0.936139641429407,0.220602229603869,2.08371380566618e-06,2.63007191554897e-05,"ENSG00000120149","ENSG00000120149","MSX2","msh homeobox 2","4488","Downregulated",4.5800323761874,"MSX2"
14259.5898635107,-0.496518167271111,0.111137381463255,2.18535813081553e-06,2.74835556578698e-05,"ENSG00000186340","ENSG00000186340","THBS2","thrombospondin 2","7058","Downregulated",4.56092708155797,"THBS2"
619.290950399474,-0.602744208097904,0.137178336077477,2.20099867419204e-06,2.76551592254102e-05,"ENSG00000179981","ENSG00000179981","TSHZ1","teashirt zinc finger homeobox 1","10194","Downregulated",4.55822383672409,"TSHZ1"
807.55985193388,-0.585539890122965,0.133438962243281,2.2506353407615e-06,2.82276517534966e-05,"ENSG00000069020","ENSG00000069020","MAST4","microtubule associated serine/threonine kinase family member 4","375449","Downregulated",4.54932524912609,"MAST4"
509.11450277379,-0.534290206851419,0.120367247498513,2.26311786234238e-06,2.83329272395691e-05,"ENSG00000196072","ENSG00000196072","BLOC1S2","biogenesis of lysosomal organelles complex 1 subunit 2","282991","Downregulated",4.54770855367166,"BLOC1S2"
864.488733217331,-0.493500669029528,0.110531802692292,2.30602703929728e-06,2.88440692577806e-05,"ENSG00000101079","ENSG00000101079","NDRG3","NDRG family member 3","57446","Downregulated",4.53994347032108,"NDRG3"
3061.91025074831,-0.761219244706496,0.180477228623271,2.37314327494645e-06,2.96568013052145e-05,"ENSG00000134013","ENSG00000134013","LOXL2","lysyl oxidase like 2","4017","Downregulated",4.52787569249874,"LOXL2"
1643.44150026767,-0.415967766314999,0.0920928307826327,2.39739030046245e-06,2.99058795446527e-05,"ENSG00000164985","ENSG00000164985","PSIP1","PC4 and SRSF1 interacting protein 1","11168","Downregulated",4.52424342027839,"PSIP1"
511.512277674371,-0.562359709548216,0.127841714244697,2.45978827554309e-06,3.06291156430833e-05,"ENSG00000136141","ENSG00000136141","LRCH1","leucine rich repeats and calponin homology domain containing 1","23143","Downregulated",4.51386554243187,"LRCH1"
304.966350299496,-0.841308526259627,0.199351772887424,2.46448580125976e-06,3.06600616873061e-05,"ENSG00000196123","ENSG00000196123","MATCAP1","microtubule associated tyrosine carboxypeptidase 1","653319","Downregulated",4.51342697569072,"MATCAP1"
6497.34638300094,-0.430741514796502,0.0964566558628755,2.50772565945861e-06,3.11700178604815e-05,"ENSG00000131711","ENSG00000131711","MAP1B","microtubule associated protein 1B","4131","Downregulated",4.5062629488715,"MAP1B"
798.186323946975,-0.526580874956566,0.119285338911274,2.54540983234943e-06,3.15817680094278e-05,"ENSG00000148158","ENSG00000148158","SNX30","sorting nexin family member 30","401548","Downregulated",4.50056356098873,"SNX30"
109.9293483604,-0.996570738054143,0.238360112447346,2.55351003460436e-06,3.16262620908803e-05,"ENSG00000102385","ENSG00000102385","DRP2","dystrophin related protein 2","1821","Downregulated",4.49995213433255,"DRP2"
334.326407440253,-0.684836628288851,0.159252775197405,2.55796624979912e-06,3.16525484428267e-05,"ENSG00000138468","ENSG00000138468","SENP7","SUMO specific peptidase 7","57337","Downregulated",4.49959131787092,"SENP7"
116.888920913936,-0.92637232845462,0.221056749358441,2.76239929464472e-06,3.40605799150188e-05,"ENSG00000196476","ENSG00000196476","C20orf96","chromosome 20 open reading frame 96","140680","Downregulated",4.46774796201791,"C20orf96"
85.8126022790866,-1.2848766331614,0.31632319820297,2.7953085698683e-06,3.44357168620486e-05,"ENSG00000054938","ENSG00000054938","CHRDL2","chordin like 2","25884","Downregulated",4.46299087170316,"CHRDL2"
422.621682396285,-1.12849871568493,0.282483459230728,2.80356207656531e-06,3.45067200880272e-05,"ENSG00000103257","ENSG00000103257","SLC7A5","solute carrier family 7 member 5","8140","Downregulated",4.46209631904426,"SLC7A5"
243.879382779022,-0.929978747775377,0.224423572706995,2.82518277574437e-06,3.47419770089097e-05,"ENSG00000065413","ENSG00000065413","ANKRD44","ankyrin repeat domain 44","91526","Downregulated",4.45914547144937,"ANKRD44"
571.270357419801,-0.551784146649314,0.126104691220205,2.89240906645374e-06,3.55039913274349e-05,"ENSG00000152926","ENSG00000152926","ZNF117","zinc finger protein 117","51351","Downregulated",4.44972282119723,"ZNF117"
3272.62239998385,-0.369008905378705,0.0820793562716137,2.90970151010552e-06,3.5592563417732e-05,"ENSG00000106991","ENSG00000106991","ENG","endoglin","2022","Downregulated",4.44864073247705,"ENG"
347.224832060772,-0.73539662101751,0.173554428222155,2.90976075851723e-06,3.5592563417732e-05,"ENSG00000167995","ENSG00000167995","BEST1","bestrophin 1","7439","Downregulated",4.44864073247705,"BEST1"
903.405343720538,-0.439598223478645,0.0994174096752184,2.99431525409912e-06,3.65945459493472e-05,"ENSG00000162694","ENSG00000162694","EXTL2","exostosin like glycosyltransferase 2","2135","Downregulated",4.43658363702654,"EXTL2"
78.8923548549201,-1.16727629337591,0.284762532243929,3.08278170142475e-06,3.75763162709284e-05,"ENSG00000153208","ENSG00000153208","MERTK","MER proto-oncogene, tyrosine kinase","10461","Downregulated",4.42508579745593,"MERTK"
88.9185486081188,-1.51159706361409,0.385327659968421,3.10052811679152e-06,3.77594193063389e-05,"ENSG00000152495","ENSG00000152495","CAMK4","calcium/calmodulin dependent protein kinase IV","814","Downregulated",4.42297469324028,"CAMK4"
8281.48575717729,-0.740032288016895,0.176988744941912,3.20638149884942e-06,3.8911769870888e-05,"ENSG00000123416","ENSG00000123416","TUBA1B","tubulin alpha 1b","10376","Downregulated",4.40991901520809,"TUBA1B"
5449.83682615667,-0.416754759905259,0.0937078762829249,3.22280663566528e-06,3.9042724793431e-05,"ENSG00000100320","ENSG00000100320","RBFOX2","RNA binding fox-1 homolog 2","23543","Downregulated",4.40845988051721,"RBFOX2"
10495.9657194305,-0.341580065820867,0.0761743811896794,3.28876989862793e-06,3.97723054320109e-05,"ENSG00000096384","ENSG00000096384","HSP90AB1","heat shock protein 90 alpha family class B member 1","3326","Downregulated",4.40041923407358,"HSP90AB1"
67.0417533642678,-1.2495043142599,0.308098341009447,3.31900337800733e-06,4.01029361951208e-05,"ENSG00000109881","ENSG00000109881","CCDC34","coiled-coil domain containing 34","91057","Downregulated",4.3968238287101,"CCDC34"
1832.27965737267,-0.619582866126244,0.145716397103349,3.42979469713236e-06,4.13334997457021e-05,"ENSG00000122420","ENSG00000122420","PTGFR","prostaglandin F receptor","5737","Downregulated",4.38369782104546,"PTGFR"
4044.20381362659,-0.433311298303769,0.0981825855774425,3.46935859682913e-06,4.17739711498305e-05,"ENSG00000185567","ENSG00000185567","AHNAK2","AHNAK nucleoprotein 2","113146","Downregulated",4.37909423753161,"AHNAK2"
206.874848334751,-0.812804712774497,0.195590130913017,3.76103633345971e-06,4.49933427630621e-05,"ENSG00000164342","ENSG00000164342","TLR3","toll like receptor 3","7098","Downregulated",4.34685173989461,"TLR3"
432.529558308903,-0.546096798171458,0.126885891776613,3.9084014785548e-06,4.65348248206967e-05,"ENSG00000121210","ENSG00000121210","TMEM131L","transmembrane 131 like","23240","Downregulated",4.33222191663987,"TMEM131L"
1912.18297413802,-0.476276191439685,0.109362508123721,3.93631748348625e-06,4.68269733936789e-05,"ENSG00000169902","ENSG00000169902","TPST1","tyrosylprotein sulfotransferase 1","8460","Downregulated",4.3295039114236,"TPST1"
26271.4188500391,-0.383602671370843,0.0866858335748872,3.96716250043934e-06,4.71534349001619e-05,"ENSG00000136235","ENSG00000136235","GPNMB","glycoprotein nmb","10457","Downregulated",4.3264866655173,"GPNMB"
38.5657682867295,-2.11376568878689,0.556011267553565,3.98378144306433e-06,4.73103916190476e-05,"ENSG00000117600","ENSG00000117600","PLPPR4","phospholipid phosphatase related 4","9890","Downregulated",4.32504345699714,"PLPPR4"
639.439919289349,-0.623125349600931,0.147813411963227,4.39598552693571e-06,5.19385877389617e-05,"ENSG00000117122","ENSG00000117122","MFAP2","microfibril associated protein 2","4237","Downregulated",4.28450986343822,"MFAP2"
183.69599365368,-1.01337657133379,0.253405655345764,4.42663830028708e-06,5.2211727832918e-05,"ENSG00000189007","ENSG00000189007","ADAT2","adenosine deaminase tRNA specific 2","134637","Downregulated",4.28223193452563,"ADAT2"
510.203528015145,-0.654271564643711,0.155976395312609,4.47942516745596e-06,5.27894161528674e-05,"ENSG00000188483","ENSG00000188483","IER5L","immediate early response 5 like","389792","Downregulated",4.2774531412381,"IER5L"
3788.69068478455,-0.448921525077602,0.103596957066721,4.4868030078674e-06,5.28314383058914e-05,"ENSG00000175745","ENSG00000175745","NR2F1","nuclear receptor subfamily 2 group F member 1","7025","Downregulated",4.27710756573159,"NR2F1"
646.149715858289,-0.517366858390417,0.120381534512324,4.50460942328563e-06,5.29960797939861e-05,"ENSG00000123352","ENSG00000123352","SPATS2","spermatogenesis associated serine rich 2","65244","Downregulated",4.2757562546786,"SPATS2"
1000.09458581112,-0.466879686310236,0.107691686458299,4.53674121904017e-06,5.33288350760626e-05,"ENSG00000106992","ENSG00000106992","AK1","adenylate kinase 1","203","Downregulated",4.27303790301436,"AK1"
1394.41213687689,-0.741347563278287,0.181052585972609,4.74889135256752e-06,5.57280992847022e-05,"ENSG00000206384","ENSG00000206384","COL6A6","collagen type VI alpha 6 chain","131873","Downregulated",4.25392576914984,"COL6A6"
828.601420907263,-0.500606441001831,0.116756922419547,4.89519774842701e-06,5.73964006729695e-05,"ENSG00000237172","ENSG00000237172","B3GNT9","UDP-GlcNAc:betaGal beta-1,3-N-acetylglucosaminyltransferase 9","84752","Downregulated",4.24111534134558,"B3GNT9"
3062.8276858571,-0.446356246080346,0.103183877420305,4.97154156474575e-06,5.8193069717746e-05,"ENSG00000162512","ENSG00000162512","SDC3","syndecan 3","9672","Downregulated",4.23512873291975,"SDC3"
105.868508246674,-1.39441738917086,0.357320978403516,4.98152217544243e-06,5.82606884636765e-05,"ENSG00000164530","ENSG00000164530","PI16","peptidase inhibitor 16","221476","Downregulated",4.2346243876416,"PI16"
76.7226622341071,-1.08381016907267,0.270876740811681,5.06351231796058e-06,5.91696603833185e-05,"ENSG00000079462","ENSG00000079462","PAFAH1B3","platelet activating factor acetylhydrolase 1b catalytic subunit 3","5050","Downregulated",4.22790092344014,"PAFAH1B3"
324.569188214612,-0.604589129212439,0.145289835808055,5.18500734008411e-06,6.05383460204092e-05,"ENSG00000186073","ENSG00000186073","CDIN1","CDAN1 interacting nuclease 1","84529","Downregulated",4.21796944865896,"CDIN1"
252.055698373734,-0.770172565813958,0.188662923754289,5.4764262517053e-06,6.37796566574654e-05,"ENSG00000088325","ENSG00000088325","TPX2","TPX2 microtubule nucleation factor","22974","Downregulated",4.19531782300729,"TPX2"
1649.55997875005,-0.39220575560584,0.0897412433985455,5.60115226587296e-06,6.51227929972595e-05,"ENSG00000070081","ENSG00000070081","NUCB2","nucleobindin 2","4925","Downregulated",4.1862669816249,"NUCB2"
431.752588611851,-0.896865297251161,0.226370155413945,5.67737342309925e-06,6.58432788876422e-05,"ENSG00000017483","ENSG00000017483","SLC38A5","solute carrier family 38 member 5","92745","Downregulated",4.18148855010209,"SLC38A5"
7909.97567973509,-0.409830262552693,0.0958308210941586,5.6742170204904e-06,6.58432788876422e-05,"ENSG00000184640","ENSG00000184640","SEPTIN9","septin 9","10801","Downregulated",4.18148855010209,"SEPTIN9"
178.500754923174,-0.833035349976633,0.206064552626776,5.70331657775901e-06,6.60888498755536e-05,"ENSG00000203965","ENSG00000203965","EFCAB7","EF-hand calcium binding domain 7","84455","Downregulated",4.17987180596051,"EFCAB7"
761.9996912276,-0.622746970038741,0.15013382517514,5.78583086540354e-06,6.6933080103195e-05,"ENSG00000182957","ENSG00000182957","SPATA13","spermatogenesis associated 13","221178","Downregulated",4.17435918932427,"SPATA13"
164.689935261603,-0.985500056535932,0.24918488066039,6.02759270842695e-06,6.95557096969935e-05,"ENSG00000139354","ENSG00000139354","GAS2L3","growth arrest specific 2 like 3","283431","Downregulated",4.15766721379389,"GAS2L3"
2148.95032601251,-0.558325478887227,0.133900381577148,6.40617342739524e-06,7.37401640616866e-05,"ENSG00000168386","ENSG00000168386","FILIP1L","filamin A interacting protein 1 like","11259","Downregulated",4.13229590048355,"FILIP1L"
5705.85016059144,-0.393646307377328,0.0911536720320733,6.46257095902041e-06,7.43276107228746e-05,"ENSG00000069275","ENSG00000069275","NUCKS1","nuclear casein kinase and cyclin dependent kinase substrate 1","64710","Downregulated",4.12884982746274,"NUCKS1"
63.2655849708938,-1.26257017607803,0.326413980612925,6.83218460782883e-06,7.8253922710661e-05,"ENSG00000145911","ENSG00000145911","N4BP3","NEDD4 binding protein 3","23138","Downregulated",4.10649388293303,"N4BP3"
323.865724300659,-0.805589492826943,0.202180079864403,7.05756146872835e-06,8.07019343193946e-05,"ENSG00000101134","ENSG00000101134","DOK5","docking protein 5","55816","Downregulated",4.09311605568472,"DOK5"
422.173160589626,-0.560705003086282,0.135051054850885,7.3974334909726e-06,8.45185744034536e-05,"ENSG00000197457","ENSG00000197457","STMN3","stathmin 3","50861","Downregulated",4.07304783691474,"STMN3"
430.601518356384,-1.09260923646448,0.289372515670366,7.42083866116649e-06,8.47161474506642e-05,"ENSG00000007237","ENSG00000007237","GAS7","growth arrest specific 7","8522","Downregulated",4.07203380241616,"GAS7"
243.292888703868,-0.75528362351507,0.187965179773006,7.46183442719722e-06,8.51140438901451e-05,"ENSG00000088826","ENSG00000088826","SMOX","spermine oxidase","54498","Downregulated",4.06999877504136,"SMOX"
154.433633591338,-0.914984700310202,0.233141666791656,7.76139455399409e-06,8.82404980507006e-05,"ENSG00000006025","ENSG00000006025","OSBPL7","oxysterol binding protein like 7","114881","Downregulated",4.05433204929791,"OSBPL7"
715.984275343258,-0.474765261294706,0.112860945370198,7.77987113460168e-06,8.83780607003645e-05,"ENSG00000107882","ENSG00000107882","SUFU","SUFU negative regulator of hedgehog signaling","51684","Downregulated",4.05365553249053,"SUFU"
834.480042999826,-0.502218985713193,0.120197903100344,7.78958967190407e-06,8.84159895683198e-05,"ENSG00000196405","ENSG00000196405","EVL","Enah/Vasp-like","51466","Downregulated",4.05346918800342,"EVL"
63.3922503641261,-1.39334506828627,0.367620621342581,7.95937232279159e-06,9.01216838411508e-05,"ENSG00000006283","ENSG00000006283","CACNA1G","calcium voltage-gated channel subunit alpha1 G","8913","Downregulated",4.04517070247763,"CACNA1G"
1089.9748461964,-0.646972032550775,0.15985219921318,8.007895410717e-06,9.05970795894914e-05,"ENSG00000078269","ENSG00000078269","SYNJ2","synaptojanin 2","8871","Downregulated",4.0428858016456,"SYNJ2"
97.8459505700513,-1.15425544170595,0.302491320488956,8.28521918986283e-06,9.34294977642872e-05,"ENSG00000256029","ENSG00000256029",NA,NA,NA,"Downregulated",4.02951598572138,"ENSG00000256029"
328.354896811805,-0.590447414912014,0.143558171696076,8.38731155079865e-06,9.45038624248118e-05,"ENSG00000167380","ENSG00000167380","ZNF226","zinc finger protein 226","7769","Downregulated",4.02455044127377,"ZNF226"
464.760012796459,-0.573507013471627,0.13961355996391,8.54400058568331e-06,9.61130715235268e-05,"ENSG00000131669","ENSG00000131669","NINJ1","ninjurin 1","4814","Downregulated",4.0172175436063,"NINJ1"
106.113820168879,-0.952012221142008,0.243580752255832,8.61750763310974e-06,9.68613449207363e-05,"ENSG00000117152","ENSG00000117152","RGS4","regulator of G protein signaling 4","5999","Downregulated",4.01384950506442,"RGS4"
354.290997669671,-0.610986333628412,0.149596806016457,8.79523701644932e-06,9.87789220510301e-05,"ENSG00000171792","ENSG00000171792","RHNO1","RAD9-HUS1-RAD1 interacting nuclear orphan 1","83695","Downregulated",4.00533571749259,"RHNO1"
2430.37453956465,-0.576349071152082,0.141132457749707,8.80859081087075e-06,9.88487935610184e-05,"ENSG00000119408","ENSG00000119408","NEK6","NIMA related kinase 6","10783","Downregulated",4.00502862683579,"NEK6"
1753.09951638285,-0.374057791322998,0.0879831061895144,8.94159605319994e-06,0.000100260177751859,"ENSG00000143341","ENSG00000143341","HMCN1","hemicentin 1","83872","Downregulated",3.99887152975904,"HMCN1"
716.805021191389,-0.598200603698522,0.147342439516857,8.9494800593361e-06,0.00010026745686527,"ENSG00000100376","ENSG00000100376","SIRAL2","SIR2 antiphage like 2","55007","Downregulated",3.99884000015171,"SIRAL2"
488.083330867976,-0.648553930191786,0.161303136713155,9.27184782643242e-06,0.000103544350545147,"ENSG00000172345","ENSG00000172345","STARD5","StAR related lipid transfer domain containing 5","80765","Downregulated",3.984873591546,"STARD5"
1716.36791009403,-0.403854328834524,0.0956973489756504,9.49606367296552e-06,0.000105877672118768,"ENSG00000114861","ENSG00000114861","FOXP1","forkhead box P1","27086","Downregulated",3.9751956158887,"FOXP1"
173.035996262217,-0.992942247250275,0.259545152271692,9.49014505723351e-06,0.000105877672118768,"ENSG00000161921","ENSG00000161921","CXCL16","C-X-C motif chemokine ligand 16","58191","Downregulated",3.9751956158887,"CXCL16"
1654.67060043675,-0.412745295353579,0.0980694351538946,9.54149110879448e-06,0.000106298653759472,"ENSG00000133059","ENSG00000133059","DSTYK","dual serine/threonine and tyrosine protein kinase","25778","Downregulated",3.97347223565107,"DSTYK"
151.566210984811,-1.12057446827713,0.297534159001863,9.63523842769002e-06,0.000107256842866953,"ENSG00000148541","ENSG00000148541","FAM13C","family with sequence similarity 13 member C","220965","Downregulated",3.96957499075576,"FAM13C"
326.114280611291,-0.596106032878913,0.146797056946986,9.79672661422736e-06,0.000108966961594364,"ENSG00000144827","ENSG00000144827","ABHD10","abhydrolase domain containing 10, depalmitoylase","55347","Downregulated",3.96270515868535,"ABHD10"
34.7572978397818,-1.83590480116089,0.503006748735425,9.9006555134658e-06,0.000110034630923113,"ENSG00000181634","ENSG00000181634","TNFSF15","TNF superfamily member 15","9966","Downregulated",3.95847060891623,"TNFSF15"
549.018883874448,-0.492445029237103,0.119414573075334,1.0092493427568e-05,0.000111987082796369,"ENSG00000267023","ENSG00000267023",NA,NA,NA,"Downregulated",3.95083206834574,"ENSG00000267023"
2463.70483795855,-0.47250433376675,0.114372446908046,1.05781630704246e-05,0.000117094857821897,"ENSG00000116191","ENSG00000116191","RALGPS2","Ral GEF with PH domain and SH3 binding motif 2","55103","Downregulated",3.93146217639314,"RALGPS2"
49.0703213221693,-1.36599439606977,0.366091344551655,1.09411367997085e-05,0.000120631038112299,"ENSG00000126860","ENSG00000126860","EVI2A","ecotropic viral integration site 2A","2123","Downregulated",3.91854093476133,"EVI2A"
229.614368280684,-0.689376363576042,0.173992736320834,1.12110514800568e-05,0.00012341061355211,"ENSG00000148400","ENSG00000148400","NOTCH1","notch receptor 1","4851","Downregulated",3.90864748852887,"NOTCH1"
3067.67892171458,-0.597354733293195,0.149729187690046,1.16512994092037e-05,0.000127749492493793,"ENSG00000196305","ENSG00000196305","IARS1","isoleucyl-tRNA synthetase 1","3376","Downregulated",3.89364081649723,"IARS1"
422.939563536925,-0.628858712220464,0.157740605974154,1.18539617300981e-05,0.000129663816588342,"ENSG00000198018","ENSG00000198018","ENTPD7","ectonucleoside triphosphate diphosphohydrolase 7","57089","Downregulated",3.8871811993083,"ENTPD7"
76.3204780795644,-1.15141465042704,0.307724619095346,1.18901623024492e-05,0.000129957223461864,"ENSG00000173947","ENSG00000173947","CIMAP3","ciliary microtubule associated protein 3","128344","Downregulated",3.88619957593642,"CIMAP3"
448.784051109096,-0.646197766789672,0.162888559792615,1.19741513083566e-05,0.000130772074848317,"ENSG00000113319","ENSG00000113319","RASGRF2","Ras protein specific guanine nucleotide releasing factor 2","5924","Downregulated",3.88348498563004,"RASGRF2"
1804.95493188341,-0.37873639521544,0.0904216503335203,1.20983490750963e-05,0.00013189620959156,"ENSG00000141447","ENSG00000141447","OSBPL1A","oxysterol binding protein like 1A","114876","Downregulated",3.87976768494736,"OSBPL1A"
302.84297384738,-0.906386828236694,0.2405602555137,1.24841125324019e-05,0.000135625557720566,"ENSG00000112320","ENSG00000112320","SOBP","sine oculis binding protein homolog","55084","Downregulated",3.86765846289428,"SOBP"
3454.76961100665,-0.454265731806883,0.110596977286285,1.24870633993392e-05,0.000135625557720566,"ENSG00000184575","ENSG00000184575","XPOT","exportin for tRNA","11260","Downregulated",3.86765846289428,"XPOT"
3521.98522107363,-0.349270325941577,0.0829319454838987,1.31278456538561e-05,0.000142139697591244,"ENSG00000182473","ENSG00000182473","EXOC7","exocyst complex component 7","23265","Downregulated",3.84728461287413,"EXOC7"
989.975991950517,-0.505480032504882,0.125301540137701,1.40333110841842e-05,0.000151476523663427,"ENSG00000147130","ENSG00000147130","ZMYM3","zinc finger MYM-type containing 3","9203","Downregulated",3.81965467035287,"ZMYM3"
391.642911743014,-0.579622600864733,0.145503577464355,1.41851166281417e-05,0.000152751772610269,"ENSG00000120370","ENSG00000120370","GORAB","golgin, RAB6 interacting","92344","Downregulated",3.81601374127925,"GORAB"
455.585203890787,-1.08352107405882,0.300036011633191,1.4308976560346e-05,0.000153811663882972,"ENSG00000106483","ENSG00000106483","SFRP4","secreted frizzled related protein 4","6424","Downregulated",3.81301072976254,"SFRP4"
409.478806180447,-0.56688534284333,0.142090939758705,1.4373704464444e-05,0.000154183568245146,"ENSG00000132199","ENSG00000132199","ENOSF1","enolase superfamily member 1","55556","Downregulated",3.81196190774233,"ENOSF1"
1331.55192867857,-0.601322301023429,0.152848131346816,1.44678055421738e-05,0.000155072944322496,"ENSG00000143416","ENSG00000143416","SELENBP1","selenium binding protein 1","8991","Downregulated",3.80946396721806,"SELENBP1"
1422.11670939111,-0.363421534647828,0.0877337777945999,1.45117308265072e-05,0.000155303534768003,"ENSG00000117385","ENSG00000117385","P3H1","prolyl 3-hydroxylase 1","64175","Downregulated",3.80881865945001,"P3H1"
270.545074773327,-0.628741859442105,0.160703692593151,1.54107412470852e-05,0.00016416407605177,"ENSG00000244694","ENSG00000244694","PTCHD4","patched domain containing 4","442213","Downregulated",3.78472187327871,"PTCHD4"
1294.92135392598,-0.404582384695616,0.0986348825716409,1.58320344015969e-05,0.000168393065826348,"ENSG00000147100","ENSG00000147100","SLC16A2","solute carrier family 16 member 2","6567","Downregulated",3.77367579606295,"SLC16A2"
918.239925255367,-0.465722435412557,0.115116547336604,1.59508230160774e-05,0.00016952642345078,"ENSG00000110002","ENSG00000110002","VWA5A","von Willebrand factor A domain containing 5A","4013","Downregulated",3.77076260032524,"VWA5A"
540.471685526625,-0.554688914433982,0.13912829967126,1.62053605225279e-05,0.000171967910782323,"ENSG00000101004","ENSG00000101004","NINL","ninein like","22981","Downregulated",3.76455258489669,"NINL"
27.7898012603126,-0.143234066234189,0.365577905864629,1.71328127205928e-05,0.000181393163861494,"ENSG00000283239","ENSG00000283239","KBTBD11-OT1","KBTBD11 overlapping transcript 1","104266957","Downregulated",3.74137908416222,"KBTBD11-OT1"
310.390575207527,-0.574945860816747,0.14584859969995,1.71928153424714e-05,0.000181750745866751,"ENSG00000101417","ENSG00000101417","PXMP4","peroxisomal membrane protein 4","11264","Downregulated",3.74052379821226,"PXMP4"
432.307251824735,-0.548991049999064,0.138704310442237,1.73283220155313e-05,0.000182904200162413,"ENSG00000197119","ENSG00000197119","SLC25A29","solute carrier family 25 member 29","123096","Downregulated",3.73777632138846,"SLC25A29"
469.804351668699,-0.56970650967363,0.144883962473797,1.75823571564988e-05,0.000185303336754309,"ENSG00000116128","ENSG00000116128","BCL9","BCL9 transcription coactivator","607","Downregulated",3.7321167602767,"BCL9"
289.36465182071,-0.733673543939324,0.192838208638507,1.76822419846943e-05,0.00018621443135705,"ENSG00000080493","ENSG00000080493","SLC4A4","solute carrier family 4 member 4","8671","Downregulated",3.72998666483767,"SLC4A4"
5075.21408641258,-0.40135481558317,0.0986869307815417,1.8098067834499e-05,0.000190160062258014,"ENSG00000111642","ENSG00000111642","CHD4","chromodomain helicase DNA binding protein 4","1108","Downregulated",3.72088068909273,"CHD4"
76.7178358690442,-1.6269353944856,0.479367162266308,1.80922907862168e-05,0.000190160062258014,"ENSG00000235109","ENSG00000235109","ZSCAN31","zinc finger and SCAN domain containing 31","64288","Downregulated",3.72088068909273,"ZSCAN31"
506.081006162,-0.549325292522186,0.139457318567438,1.83130471542193e-05,0.000192127570409028,"ENSG00000169946","ENSG00000169946","ZFPM2","zinc finger protein, FOG family member 2","23414","Downregulated",3.71641030917605,"ZFPM2"
267.869581753056,-0.643255877415203,0.166529415665404,1.88833845104057e-05,0.000197811659810818,"ENSG00000179909","ENSG00000179909","ZNF154","zinc finger protein 154","7710","Downregulated",3.70374811292966,"ZNF154"
270.845988092795,-0.620048021164743,0.159929941697534,1.94023494457045e-05,0.000202330444671195,"ENSG00000074935","ENSG00000074935","TUBE1","tubulin epsilon 1","51175","Downregulated",3.69393876400181,"TUBE1"
6275.24512142865,-0.39671631019043,0.0980157300923162,1.96025957922844e-05,0.000204264943673135,"ENSG00000149090","ENSG00000149090","PAMR1","peptidase domain containing associated with muscle regeneration 1","25891","Downregulated",3.68980616139345,"PAMR1"
535.569785676756,-0.543189914058336,0.138351074413357,1.97711412063405e-05,0.000205711896380385,"ENSG00000120802","ENSG00000120802","TMPO","thymopoietin","7112","Downregulated",3.68674059219948,"TMPO"
3660.18884652536,-0.695323487894694,0.186863556183142,2.00630752049642e-05,0.000208280269112808,"ENSG00000041982","ENSG00000041982","TNC","tenascin C","3371","Downregulated",3.68135186985686,"TNC"
75.124184575661,-1.42346604283146,0.400052346349155,2.01660092858574e-05,0.000209035693861405,"ENSG00000041353","ENSG00000041353","RAB27B","RAB27B, member RAS oncogene family","5874","Downregulated",3.67977954966177,"RAB27B"
183.025014048842,-0.702914344315709,0.184318217090288,2.02722010122243e-05,0.000209822579408825,"ENSG00000130584","ENSG00000130584","ZBTB46","zinc finger and BTB domain containing 46","140685","Downregulated",3.67814777836834,"ZBTB46"
409.993730590215,-0.56767106913943,0.14506967067393,2.029661337941e-05,0.000209918481212868,"ENSG00000134201","ENSG00000134201","GSTM5","glutathione S-transferase mu 5","2949","Downregulated",3.67794932446934,"GSTM5"
226.371752248852,-0.735584190549573,0.194100054333957,2.04956706754517e-05,0.000211661326297381,"ENSG00000102221","ENSG00000102221","JADE3","jade family PHD finger 3","9767","Downregulated",3.67435848685526,"JADE3"
857.815977497431,-0.613362638090732,0.159487372144368,2.05986389370379e-05,0.000212408137669947,"ENSG00000156113","ENSG00000156113","KCNMA1","potassium calcium-activated channel subfamily M alpha 1","3778","Downregulated",3.67282884880783,"KCNMA1"
786.195345118843,-0.50792736972611,0.128921522338309,2.13758623962537e-05,0.000219443019962726,"ENSG00000172301","ENSG00000172301","COPRS","coordinator of PRMT5 and differentiation stimulator","55352","Downregulated",3.65867822862572,"COPRS"
1378.90522069764,-0.669851141745584,0.177711906787648,2.22780305759051e-05,0.000228366291236293,"ENSG00000183963","ENSG00000183963","SMTN","smoothelin","6525","Downregulated",3.64136800117258,"SMTN"
826.962805132378,-0.422941388245325,0.105654903342726,2.2494551842262e-05,0.000230245194964482,"ENSG00000141510","ENSG00000141510","TP53","tumor protein p53","7157","Downregulated",3.63780942441965,"TP53"
179.799660514302,-0.761995434013947,0.20377685970655,2.3280315312872e-05,0.000237761156905743,"ENSG00000256223","ENSG00000256223","ZNF10","zinc finger protein 10","7556","Downregulated",3.62385909471058,"ZNF10"
320.711215264719,-0.558612333815082,0.144024931832152,2.33924131205816e-05,0.000238554417540943,"ENSG00000112699","ENSG00000112699","GMDS","GDP-mannose 4,6-dehydratase","2762","Downregulated",3.62241253678315,"GMDS"
368.867877370584,-0.640712131871892,0.168211385894939,2.33772365080922e-05,0.000238554417540943,"ENSG00000135723","ENSG00000135723","FHOD1","formin homology 2 domain containing 1","29109","Downregulated",3.62241253678315,"FHOD1"
23.9316485055331,-1.83769759691027,0.525407817587616,2.38361176789523e-05,0.000242900555082794,"ENSG00000084710","ENSG00000084710","EFR3B","EFR3 homolog B","22979","Downregulated",3.61457149273246,"EFR3B"
398.510523426473,-0.563067071929677,0.145829187017779,2.45183075867537e-05,0.000249302439357901,"ENSG00000148908","ENSG00000148908","RGS10","regulator of G protein signaling 10","6001","Downregulated",3.60327347201972,"RGS10"
39.6446679048511,-1.78347908627881,0.530086520482991,2.48528789979539e-05,0.000252519098264401,"ENSG00000150594","ENSG00000150594","ADRA2A","adrenoceptor alpha 2A","150","Downregulated",3.59770577019014,"ADRA2A"
10408.4637238463,-0.307883100366503,0.0756111326219878,2.59648503673918e-05,0.00026323837691418,"ENSG00000008441","ENSG00000008441","NFIX","nuclear factor I X","4784","Downregulated",3.57965079565425,"NFIX"
301.811902814311,-0.663656691073796,0.176255398923234,2.61810418931868e-05,0.000265042410224745,"ENSG00000084764","ENSG00000084764","MAPRE3","microtubule associated protein RP/EB family member 3","22924","Downregulated",3.57668462775035,"MAPRE3"
705.884500608216,-0.743937845617354,0.201252437569051,2.62091600866195e-05,0.000265133393898146,"ENSG00000137193","ENSG00000137193","PIM1","Pim-1 proto-oncogene, serine/threonine kinase","5292","Downregulated",3.57653556886316,"PIM1"
334.806305483183,-0.72065712976751,0.194713574346783,2.73546256737726e-05,0.000275514358439546,"ENSG00000031081","ENSG00000031081","ARHGAP31","Rho GTPase activating protein 31","57514","Downregulated",3.55985576295168,"ARHGAP31"
1233.05517719857,-0.805519673676625,0.224139847827737,2.7459152023342e-05,0.000276165738673075,"ENSG00000169136","ENSG00000169136","ATF5","activating transcription factor 5","22809","Downregulated",3.55883020131195,"ATF5"
815.295540855434,-0.488997945363956,0.125814421082921,2.8469906551861e-05,0.000285502485457483,"ENSG00000122861","ENSG00000122861","PLAU","plasminogen activator, urokinase","5328","Downregulated",3.54439010662734,"PLAU"
1234.05213610742,-0.511088005820855,0.13255202558525,2.85433751023372e-05,0.000286032274434773,"ENSG00000179954","ENSG00000179954","SSC5D","scavenger receptor cysteine rich family member with 5 domains","284297","Downregulated",3.5435849605139,"SSC5D"
38.9365492729284,-1.49423261363447,0.434821838153525,2.91839049499552e-05,0.000292028692203198,"ENSG00000165891","ENSG00000165891","E2F7","E2F transcription factor 7","144455","Downregulated",3.53457447645105,"E2F7"
282.903854351503,-0.693592846954633,0.187210378185044,2.98021267676835e-05,0.0002975703709462,"ENSG00000076604","ENSG00000076604","TRAF4","TNF receptor associated factor 4","9618","Downregulated",3.52641031363412,"TRAF4"
33.2963043764925,-1.76213435148598,0.523342551078379,3.01743744744678e-05,0.000301070306581461,"ENSG00000141431","ENSG00000141431","ASXL3","ASXL transcriptional regulator 3","80816","Downregulated",3.52133207518709,"ASXL3"
1085.17901580702,-0.505473317639993,0.131409478732741,3.03642121597839e-05,0.000302311505978768,"ENSG00000006451","ENSG00000006451","RALA","RAS like proto-oncogene A","5898","Downregulated",3.51954532325555,"RALA"
552.29718893337,-0.468075452651803,0.120584680809387,3.0868511647993e-05,0.000306451792929466,"ENSG00000186470","ENSG00000186470","BTN3A2","butyrophilin subfamily 3 member A2","11118","Downregulated",3.51363783341745,"BTN3A2"
262.921441084927,-0.695119979680857,0.188286160542539,3.10380343837881e-05,0.000307914186488847,"ENSG00000186665","ENSG00000186665","C17orf58","chromosome 17 open reading frame 58","284018","Downregulated",3.51157030144467,"C17orf58"
421.483472538515,-0.560181768908715,0.147355901293375,3.10781932262162e-05,0.000307918728600254,"ENSG00000166526","ENSG00000166526","ZNF3","zinc finger protein 3","7551","Downregulated",3.51156389511636,"ZNF3"
76.188875028214,-1.17650396412356,0.339714666124896,3.12769522262868e-05,0.000309297519090014,"ENSG00000150636","ENSG00000150636","CCDC102B","coiled-coil domain containing 102B","79839","Downregulated",3.50962356350745,"CCDC102B"
369.845252970297,-0.558496129568929,0.146529824290728,3.12832655384373e-05,0.000309297519090014,"ENSG00000153879","ENSG00000153879","CEBPG","CCAAT enhancer binding protein gamma","1054","Downregulated",3.50962356350745,"CEBPG"
531.997247385758,-0.466622348709456,0.120302648927933,3.19253810818834e-05,0.000315138074368819,"ENSG00000143740","ENSG00000143740","SNAP47","synaptosome associated protein 47","116841","Downregulated",3.50149912304197,"SNAP47"
559.447447040262,-0.475167753338739,0.122844829965594,3.24095611907296e-05,0.000319261508796119,"ENSG00000135541","ENSG00000135541","AHI1","Abelson helper integration site 1","54806","Downregulated",3.495853438257,"AHI1"
499.404038413144,-0.516457776149345,0.135022853537122,3.25740727959335e-05,0.000319946190559066,"ENSG00000083097","ENSG00000083097","DOP1A","DOP1 leucine zipper like protein A","23033","Downregulated",3.49492305639355,"DOP1A"
2563.05659370953,-0.336776188931517,0.0841561607479517,3.25607590045453e-05,0.000319946190559066,"ENSG00000173905","ENSG00000173905","GOLIM4","golgi integral membrane protein 4","27333","Downregulated",3.49492305639355,"GOLIM4"
17.3413641146877,-2.51002353719882,0.747803465103425,3.29260652423407e-05,0.0003229659116578,"ENSG00000015520","ENSG00000015520","NPC1L1","NPC1 like intracellular cholesterol transporter 1","29881","Downregulated",3.4908433140781,"NPC1L1"
572.850352825293,-0.591073586209806,0.157578548099461,3.29281213054674e-05,0.0003229659116578,"ENSG00000213918","ENSG00000213918","DNASE1","deoxyribonuclease 1","1773","Downregulated",3.4908433140781,"DNASE1"
272.811922238436,-0.585040281799282,0.155039466981503,3.31080639795001e-05,0.000324501173049429,"ENSG00000137821","ENSG00000137821","LRRC49","leucine rich repeat containing 49","54839","Downregulated",3.48878372891608,"LRRC49"
3621.7674438111,-0.414042443254722,0.106103160036104,3.37921324302443e-05,0.000330301265902176,"ENSG00000168477","ENSG00000168477","TNXB","tenascin XB","7148","Downregulated",3.48108976184211,"TNXB"
1049.23349180577,-0.465109281289181,0.120700157308085,3.48546168607582e-05,0.000339936759375966,"ENSG00000107130","ENSG00000107130","NCS1","neuronal calcium sensor 1","23413","Downregulated",3.46860187004199,"NCS1"
671.19767788114,-0.575194589012358,0.153407472318694,3.49227218947398e-05,0.000340361464654852,"ENSG00000065833","ENSG00000065833","ME1","malic enzyme 1","4199","Downregulated",3.46805961614068,"ME1"
1283.5153946283,-0.397972063727759,0.101538635222561,3.58052192878485e-05,0.000348227743235293,"ENSG00000196591","ENSG00000196591","HDAC2","histone deacetylase 2","3066","Downregulated",3.45813663168501,"HDAC2"
278.186506006658,-0.841491095581298,0.23809332917676,3.60010229234384e-05,0.000349886519422113,"ENSG00000186480","ENSG00000186480","INSIG1","insulin induced gene 1","3638","Downregulated",3.45607278987883,"INSIG1"
130.724935495186,-0.895775946139281,0.253618213345965,3.71857139804411e-05,0.000360389377660792,"ENSG00000213190","ENSG00000213190","MLLT11","MLLT11 transcription factor 7 cofactor","10962","Downregulated",3.44322801816825,"MLLT11"
215.194657031137,-0.683705646933501,0.187175756871106,3.85507713358827e-05,0.000372576806097628,"ENSG00000143067","ENSG00000143067","ZNF697","zinc finger protein 697","90874","Downregulated",3.42878418459099,"ZNF697"
235.180216770661,-0.896222874674742,0.256383149911427,3.87052891477818e-05,0.000373289215239463,"ENSG00000013293","ENSG00000013293","SLC7A14","solute carrier family 7 member 14","57709","Downregulated",3.42795455716625,"SLC7A14"
351.007433631569,-0.59806714037379,0.161070263345128,3.86868440520498e-05,0.000373289215239463,"ENSG00000128805","ENSG00000128805","ARHGAP22","Rho GTPase activating protein 22","58504","Downregulated",3.42795455716625,"ARHGAP22"
152.323917418929,-1.07529048955506,0.314503720256745,3.87482892468992e-05,0.000373444047755755,"ENSG00000173273","ENSG00000173273","TNKS","tankyrase","8658","Downregulated",3.4277744582963,"TNKS"
434.2722450451,-0.573889095622539,0.153733870461678,3.89590672652492e-05,0.000375214533168234,"ENSG00000140455","ENSG00000140455","USP3","ubiquitin specific peptidase 3","9960","Downregulated",3.42572034845787,"USP3"
563.732892745748,-0.531026491985409,0.141305308038849,4.00994386776231e-05,0.000385393981021622,"ENSG00000181472","ENSG00000181472","ZBTB2","zinc finger and BTB domain containing 2","57621","Downregulated",3.4140950723207,"ZBTB2"
2073.59273171555,-0.528057001424468,0.140314403424108,4.0339837879217e-05,0.00038743576796124,"ENSG00000128656","ENSG00000128656","CHN1","chimerin 1","1123","Downregulated",3.41180028782152,"CHN1"
424.785141671801,-0.682795511361719,0.188881559849765,4.05994314446625e-05,0.000389120000270801,"ENSG00000170899","ENSG00000170899","GSTA4","glutathione S-transferase alpha 4","2941","Downregulated",3.40991644644114,"GSTA4"
1062.66091877563,-0.369119678722236,0.0944109926200665,4.13985747674371e-05,0.000395684722553042,"ENSG00000166173","ENSG00000166173","LARP6","La ribonucleoprotein 6, translational regulator","55323","Downregulated",3.40265071758587,"LARP6"
905.077742113485,-0.399261441744391,0.103286568911061,4.15783957839099e-05,0.000397129556973954,"ENSG00000146555","ENSG00000146555","SDK1","sidekick cell adhesion molecule 1","221935","Downregulated",3.40106778870294,"SDK1"
382.191929701549,-0.530962073889147,0.141465103186003,4.16380557314615e-05,0.000397424751492886,"ENSG00000058729","ENSG00000058729","RIOK2","RIO kinase 2","55781","Downregulated",3.4007450886554,"RIOK2"
146.375773338002,-0.921051865682085,0.264470893030349,4.16666544425402e-05,0.000397424751492886,"ENSG00000110400","ENSG00000110400","NECTIN1","nectin cell adhesion molecule 1","5818","Downregulated",3.4007450886554,"NECTIN1"
64.2452514368855,-1.22685022304819,0.361809659829457,4.19014935760679e-05,0.000399115326096718,"ENSG00000055813","ENSG00000055813","CCDC85A","coiled-coil domain containing 85A","114800","Downregulated",3.39890159491346,"CCDC85A"
1006.2694682654,-0.51657028163557,0.137854506021064,4.22592646252113e-05,0.000402246667885167,"ENSG00000173546","ENSG00000173546","CSPG4","chondroitin sulfate proteoglycan 4","1464","Downregulated",3.39550754480526,"CSPG4"
1129.88289793117,-0.418021638392612,0.108769010595507,4.37937996406807e-05,0.000415711143301502,"ENSG00000115183","ENSG00000115183","TANC1","tetratricopeptide repeat, ankyrin repeat and coiled-coil containing 1","85461","Downregulated",3.38120833390252,"TANC1"
3009.51042281395,-0.393355310142042,0.102223405780113,4.42623871912264e-05,0.00041987161128214,"ENSG00000102316","ENSG00000102316","MAGED2","MAGE family member D2","10916","Downregulated",3.37688348825872,"MAGED2"
925.672427548296,-0.406409644989591,0.105677825979935,4.45603833800389e-05,0.000421925812379034,"ENSG00000125520","ENSG00000125520","SLC2A4RG","SLC2A4 regulator","56731","Downregulated",3.37476390474169,"SLC2A4RG"
3903.70797753037,-0.686282002556988,0.192475647221466,4.45239518264734e-05,0.000421925812379034,"ENSG00000266524","ENSG00000266524","GDF10","growth differentiation factor 10","2662","Downregulated",3.37476390474169,"GDF10"
111.182491319367,-1.26755900938573,0.390732235225971,4.47246459277534e-05,0.000423098203353402,"ENSG00000016391","ENSG00000016391","CHDH","choline dehydrogenase","55349","Downregulated",3.37355881885533,"CHDH"
264.426020665376,-0.683042665952231,0.189163739227033,4.54166711505092e-05,0.000429059063036746,"ENSG00000136531","ENSG00000136531","SCN2A","sodium voltage-gated channel alpha subunit 2","6326","Downregulated",3.36748291997062,"SCN2A"
37.4831419905371,-1.86108285325716,0.586313452715389,4.60068238489596e-05,0.000433747327702538,"ENSG00000255346","ENSG00000255346","NOX5","NADPH oxidase 5","79400","Downregulated",3.36276318786128,"NOX5"
1004.59522988683,-0.460532685251427,0.121644454030688,4.65627880714608e-05,0.000438690468988698,"ENSG00000020129","ENSG00000020129","NCDN","neurochondrin","23154","Downregulated",3.35784180099642,"NCDN"
133.348845819215,-0.87373797500941,0.250453083060867,4.73989339783321e-05,0.000446264827449528,"ENSG00000171680","ENSG00000171680","PLEKHG5","pleckstrin homology and RhoGEF domain containing G5","57449","Downregulated",3.35040734091329,"PLEKHG5"
777.318529545031,-0.542834376680566,0.147235994776868,4.82406031578284e-05,0.000453265436721589,"ENSG00000145687","ENSG00000145687","SSBP2","single stranded DNA binding protein 2","23635","Downregulated",3.34364739634697,"SSBP2"
3763.89004764306,-0.334047866925237,0.0860841165023137,4.9334851578049e-05,0.000462606027077254,"ENSG00000068366","ENSG00000068366","ACSL4","acyl-CoA synthetase long chain family member 4","2182","Downregulated",3.33478871330915,"ACSL4"
1844.41708492368,-0.388665991435162,0.101452579742904,4.94432332556176e-05,0.000462995790330814,"ENSG00000100364","ENSG00000100364","KIAA0930","KIAA0930","23313","Downregulated",3.33442295767408,"KIAA0930"
781.585120026446,-0.398444179722208,0.103756998495684,4.94794299694779e-05,0.000463021890578659,"ENSG00000087253","ENSG00000087253","LPCAT2","lysophosphatidylcholine acyltransferase 2","54947","Downregulated",3.33439847608187,"LPCAT2"
1659.41599780724,-0.43156288609342,0.114115521309994,5.22425607655805e-05,0.000486252283176749,"ENSG00000104047","ENSG00000104047","DTWD1","DTW motif tRNA-uridine aminocarboxypropyltransferase 1","56986","Downregulated",3.31313834645033,"DTWD1"
598.169543352767,-0.486153569646928,0.130267201120396,5.30540177585058e-05,0.000493142610405856,"ENSG00000100350","ENSG00000100350","FOXRED2","FAD dependent oxidoreductase domain containing 2","80020","Downregulated",3.30702747026419,"FOXRED2"
457.89592336102,-0.476261519114533,0.127249340106478,5.32007664950164e-05,0.000494175216390371,"ENSG00000035115","ENSG00000035115","SH3YL1","SH3 and SYLF domain containing 1","26751","Downregulated",3.30611903889104,"SH3YL1"
1214.77743122537,-0.408185828655508,0.107467462751117,5.3391430078068e-05,0.000495614085366339,"ENSG00000044090","ENSG00000044090","CUL7","cullin 7","9820","Downregulated",3.30485635945911,"CUL7"
2972.21031852694,-0.510841910226678,0.138664154508517,5.50790531701915e-05,0.000509573162807533,"ENSG00000090861","ENSG00000090861","AARS1","alanyl-tRNA synthetase 1","16","Downregulated",3.29279345263407,"AARS1"
113.66478502742,-0.785316570453527,0.224247687160906,5.56080006865631e-05,0.00051343856196874,"ENSG00000157445","ENSG00000157445","CACNA2D3","calcium voltage-gated channel auxiliary subunit alpha2delta 3","55799","Downregulated",3.28951151661254,"CACNA2D3"
198.471740416815,-0.637627813934712,0.177703985801259,5.64316291693668e-05,0.000520696370611355,"ENSG00000156050","ENSG00000156050","FAM161B","FAM161 centrosomal protein B","145483","Downregulated",3.28341544945885,"FAM161B"
2459.48523280516,-0.350430727088473,0.0911236303585937,5.81224503796793e-05,0.000535077356828559,"ENSG00000070087","ENSG00000070087","PFN2","profilin 2","5217","Downregulated",3.27158342692236,"PFN2"
31.3335506498131,-1.55805298639911,0.483055503582661,5.81446352106075e-05,0.000535077356828559,"ENSG00000132321","ENSG00000132321","DRC11","dynein regulatory complex subunit 11","79781","Downregulated",3.27158342692236,"DRC11"
62.7690492315261,-1.56260985970901,0.497777404505853,5.8143344005501e-05,0.000535077356828559,"ENSG00000184408","ENSG00000184408","KCND2","potassium voltage-gated channel subfamily D member 2","3751","Downregulated",3.27158342692236,"KCND2"
4689.48644916092,-0.425084673804615,0.113071845613319,5.87606018701993e-05,0.000540028634826984,"ENSG00000130340","ENSG00000130340","SNX9","sorting nexin 9","51429","Downregulated",3.26758321125548,"SNX9"
310.286977130649,-0.580798515193741,0.158775362556653,5.93423142017677e-05,0.000545013341631742,"ENSG00000139910","ENSG00000139910","NOVA1","NOVA alternative splicing regulator 1","4857","Downregulated",3.26359286629928,"NOVA1"
16.8248036591675,-2.06442800282322,0.641690160445404,5.95331785052937e-05,0.000546404186029712,"ENSG00000139269","ENSG00000139269","INHBE","inhibin subunit beta E","83729","Downregulated",3.2624859821621,"INHBE"
860.034195071048,-0.8066650056038,0.238219310944288,6.03384412174023e-05,0.000552696931151341,"ENSG00000185215","ENSG00000185215","TNFAIP2","TNF alpha induced protein 2","7127","Downregulated",3.25751294683081,"TNFAIP2"
513.91043303969,-0.553000851644036,0.152475640729069,6.06742519842312e-05,0.000554673125494367,"ENSG00000090776","ENSG00000090776","EFNB1","ephrin B1","1947","Downregulated",3.25596287564315,"EFNB1"
2377.6889097155,-1.09792212179144,0.338528924775073,6.06557647571003e-05,0.000554673125494367,"ENSG00000100292","ENSG00000100292","HMOX1","heme oxygenase 1","3162","Downregulated",3.25596287564315,"HMOX1"
382.928353006851,-0.516968289205592,0.140460687390155,6.12119792020177e-05,0.000558483752311234,"ENSG00000048052","ENSG00000048052","HDAC9","histone deacetylase 9","9734","Downregulated",3.25298945707696,"HDAC9"
36.7361666690994,-1.64440266090923,0.53261752674233,6.29973478157544e-05,0.000573640107344639,"ENSG00000171509","ENSG00000171509","RXFP1","relaxin family peptide receptor 1","59350","Downregulated",3.24136049159841,"RXFP1"
2386.76204142723,-0.401005593068989,0.106443182636535,6.34053783134209e-05,0.000576976453083191,"ENSG00000163629","ENSG00000163629","PTPN13","protein tyrosine phosphatase non-receptor type 13","5783","Downregulated",3.23884191042261,"PTPN13"
805.492533741042,-0.42010284377782,0.112253718682575,6.44381269107471e-05,0.000585989501874045,"ENSG00000059758","ENSG00000059758","CDK17","cyclin dependent kinase 17","5128","Downregulated",3.23211016438978,"CDK17"
113.03874560836,-0.852242938008284,0.249913357885668,6.51970091225273e-05,0.00059157214610624,"ENSG00000106462","ENSG00000106462","EZH2","enhancer of zeste 2 polycomb repressive complex 2 subunit","2146","Downregulated",3.22799228274333,"EZH2"
5502.46200946118,-0.326300306801789,0.0845968477629616,6.58461813247292e-05,0.00059605632069198,"ENSG00000270629","ENSG00000270629","NBPF14","NBPF member 14","25832","Downregulated",3.22471270232332,"NBPF14"
2743.36616122124,-0.299119072011541,0.0778266560995716,6.73528931558406e-05,0.00060771077229609,"ENSG00000099622","ENSG00000099622","CIRBP","cold inducible RNA binding protein","1153","Downregulated",3.21630306526979,"CIRBP"
393.731619170783,-0.540410085359255,0.149320925477485,6.76050375752574e-05,0.000609588949743326,"ENSG00000047621","ENSG00000047621","FERRY3","FERRY endosomal RAB5 effector complex subunit 3","57102","Downregulated",3.21496291422258,"FERRY3"
1206.16445597976,-0.420143909579154,0.112381329236445,6.8446896467734e-05,0.000616778633385127,"ENSG00000131899","ENSG00000131899","LLGL1","LLGL scribble cell polarity complex component 1","3996","Downregulated",3.20987067964527,"LLGL1"
2341.88230865896,-0.37967014971087,0.100711922646779,6.87658004383608e-05,0.000619249660997558,"ENSG00000164220","ENSG00000164220","F2RL2","coagulation factor II thrombin receptor like 2","2151","Downregulated",3.20813422249252,"F2RL2"
1357.51975290976,-0.44416043610517,0.119922001654342,6.91002004580252e-05,0.000621453392698099,"ENSG00000149260","ENSG00000149260","CAPN5","calpain 5","726","Downregulated",3.20659143669737,"CAPN5"
1376.04104331725,-0.561284188459949,0.157621454357511,6.90656429364694e-05,0.000621453392698099,"ENSG00000178573","ENSG00000178573","MAF","MAF bZIP transcription factor","4094","Downregulated",3.20659143669737,"MAF"
1047.25425424995,-0.460686535129677,0.124668107011047,7.03097860862059e-05,0.000631512200498204,"ENSG00000072121","ENSG00000072121","ZFYVE26","zinc finger FYVE-type containing 26","23503","Downregulated",3.19961825467656,"ZFYVE26"
711.359089876808,-0.463254702972269,0.12626443686337,7.35814886664564e-05,0.000658763469914999,"ENSG00000104093","ENSG00000104093","DMXL2","Dmx like 2","23312","Downregulated",3.18127049155177,"DMXL2"
301.661519249585,-0.622232137983879,0.176727121216405,7.47658302823086e-05,0.0006689345654503,"ENSG00000151917","ENSG00000151917","BEND6","BEN domain containing 6","221336","Downregulated",3.17461636243206,"BEND6"
84984.8908159885,-0.390149984863285,0.104636482600456,7.55642691928696e-05,0.000674771396097925,"ENSG00000026025","ENSG00000026025","VIM","vimentin","7431","Downregulated",3.17084333565631,"VIM"
481.708381919147,-0.467940566587396,0.128398976665383,7.65843926970414e-05,0.000682122813874226,"ENSG00000122085","ENSG00000122085","MTERF4","mitochondrial transcription termination factor 4","130916","Downregulated",3.16613742507082,"MTERF4"
38.0538584999828,-1.44170214133768,0.458306142163137,7.65081219776534e-05,0.000682122813874226,"ENSG00000138135","ENSG00000138135","CH25H","cholesterol 25-hydroxylase","9023","Downregulated",3.16613742507082,"CH25H"
1118.15339967582,-0.367020448833292,0.0978076944201642,7.70824454398261e-05,0.000686117926365158,"ENSG00000100034","ENSG00000100034","PPM1F","protein phosphatase, Mg2+/Mn2+ dependent 1F","9647","Downregulated",3.16360123361082,"PPM1F"
630.851417592987,-0.572959963024505,0.162681659145438,8.0299789671888e-05,0.000712012018594175,"ENSG00000157657","ENSG00000157657","ZNF618","zinc finger protein 618","114991","Downregulated",3.14751267551332,"ZNF618"
225.988930538449,-0.608523338310087,0.17315911299595,8.06835616656577e-05,0.000714957468749584,"ENSG00000032742","ENSG00000032742","IFT88","intraflagellar transport 88","8100","Downregulated",3.14571979265592,"IFT88"
107.246805302843,-0.930277860568804,0.282682701503468,8.09375558622156e-05,0.000716292200954308,"ENSG00000138311","ENSG00000138311","ZNF365","zinc finger protein 365","22891","Downregulated",3.14490977744803,"ZNF365"
260.537933296897,-0.59356609468969,0.168214129870523,8.29609569715316e-05,0.000732328600425769,"ENSG00000137752","ENSG00000137752","CASP1","caspase 1","834","Downregulated",3.13529400455693,"CASP1"
4661.18260764186,-0.29261354404882,0.0769919951520758,8.32703633620901e-05,0.000734591957883645,"ENSG00000206503","ENSG00000206503","HLA-A","major histocompatibility complex, class I, A","3105","Downregulated",3.13395383050457,"HLA-A"
19.2910402625505,-1.83452440840196,0.585748540330614,8.3525899743015e-05,0.000735909373514586,"ENSG00000165495","ENSG00000165495","PKNOX2","PBX/knotted 1 homeobox 2","63876","Downregulated",3.1331756652901,"PKNOX2"
47.4002753648389,-1.4746815278505,0.486104610854406,8.37793434978206e-05,0.000737673393606287,"ENSG00000163485","ENSG00000163485","ADORA1","adenosine A1 receptor","134","Downregulated",3.13213588038648,"ADORA1"
519.218064934112,-0.441141278481822,0.120789935310418,8.54722860531525e-05,0.000750671997725374,"ENSG00000166997","ENSG00000166997","CNPY4","canopy FGF signaling regulator 4","245812","Downregulated",3.1245497842937,"CNPY4"
1255.58644413493,-0.410449677259941,0.111586111433608,8.77114770412359e-05,0.000768876255733389,"ENSG00000150630","ENSG00000150630","VEGFC","vascular endothelial growth factor C","7424","Downregulated",3.11414355067522,"VEGFC"
126.642245014569,-0.866854575316361,0.262155991904779,8.8203472372039e-05,0.000772700330976036,"ENSG00000109794","ENSG00000109794","FAM149A","family with sequence similarity 149 member A","25854","Downregulated",3.1119889017306,"FAM149A"
2770.77354194348,-0.36326969679525,0.0979121666519215,8.82877578452132e-05,0.000772950117483771,"ENSG00000137831","ENSG00000137831","UACA","uveal autoantigen with coiled-coil domains and ankyrin repeats","55075","Downregulated",3.11184853247309,"UACA"
137.02553225007,-0.856165552037902,0.259257547138342,8.84025345936286e-05,0.00077346636801332,"ENSG00000064687","ENSG00000064687","ABCA7","ATP binding cassette subfamily A member 7","10347","Downregulated",3.11155856561527,"ABCA7"
28.3716775301039,-1.63363775464388,0.536719469923033,8.92130224400548e-05,0.000779573315256444,"ENSG00000203805","ENSG00000203805","PLPP4","phospholipid phosphatase 4","196051","Downregulated",3.10814303517168,"PLPP4"
78.9287050113851,-1.02333150286169,0.316647134409753,8.93696317519098e-05,0.000780449733112613,"ENSG00000143786","ENSG00000143786","CNIH3","cornichon family AMPA receptor auxiliary protein 3","149111","Downregulated",3.10765506356227,"CNIH3"
226.343523978582,-0.683435861355312,0.199560657951503,9.12203465721069e-05,0.000795108668643289,"ENSG00000102174","ENSG00000102174","PHEX","phosphate regulating endopeptidase X-linked","5251","Downregulated",3.09957351163669,"PHEX"
140.081163970616,-0.713616926354201,0.208995333669598,9.17280268362259e-05,0.000799031253251575,"ENSG00000185252","ENSG00000185252","ZNF74","zinc finger protein 74","7625","Downregulated",3.09743623339033,"ZNF74"
901.324359615756,-0.827673838522735,0.256376261987809,9.19519783070837e-05,0.000800478936782584,"ENSG00000137501","ENSG00000137501","SYTL2","synaptotagmin like 2","54843","Downregulated",3.09665009130177,"SYTL2"
1435.66634875654,-0.367761787286263,0.0992202643697323,9.24128376187451e-05,0.000802977753328018,"ENSG00000159720","ENSG00000159720","ATP6V0D1","ATPase H+ transporting V0 subunit d1","9114","Downregulated",3.09529648677701,"ATP6V0D1"
86.1607158195986,-0.914632820008348,0.279048952253924,9.2410931246279e-05,0.000802977753328018,"ENSG00000184988","ENSG00000184988","TMEM106A","transmembrane protein 106A","113277","Downregulated",3.09529648677701,"TMEM106A"
110.883336563921,-0.996234109403322,0.312151619738374,9.25441924833398e-05,0.000803615265430204,"ENSG00000183696","ENSG00000183696","UPP1","uridine phosphorylase 1","7378","Downregulated",3.09495182201198,"UPP1"
2240.49880605232,-0.323419655267524,0.0864085511968677,9.36750178890804e-05,0.000811908738539566,"ENSG00000120805","ENSG00000120805","ARL1","ARF like GTPase 1","400","Downregulated",3.09049278427621,"ARL1"
1428.65585402878,-1.29383182599308,0.430065465193221,9.52524564485167e-05,0.000821982437061017,"ENSG00000185585","ENSG00000185585","OLFML2A","olfactomedin like 2A","169611","Downregulated",3.08513746174094,"OLFML2A"
132.84038599459,-0.694513675532894,0.203665823857555,9.53352178382989e-05,0.000822184682029237,"ENSG00000196152","ENSG00000196152","ZNF79","zinc finger protein 79","7633","Downregulated",3.08503061874047,"ZNF79"
337.441931266647,-0.852622405526091,0.264365799984516,9.56389071926764e-05,0.000823778505148106,"ENSG00000134107","ENSG00000134107","BHLHE40","basic helix-loop-helix family member e40","8553","Downregulated",3.08418954427734,"BHLHE40"
2484.48909185918,-0.452507922310627,0.125584224705116,9.60992283748517e-05,0.000826715832431452,"ENSG00000075618","ENSG00000075618","FSCN1","fascin actin-bundling protein 1","6624","Downregulated",3.08264374512078,"FSCN1"
262.793961881834,-0.660597077396145,0.194251006603648,9.68482695814957e-05,0.00083264278419972,"ENSG00000012048","ENSG00000012048","BRCA1","BRCA1 DNA repair associated","672","Downregulated",3.07954127725363,"BRCA1"
2896.84101031323,-0.320741803001743,0.085844130112817,9.85110442041721e-05,0.000845888823807696,"ENSG00000102401","ENSG00000102401","ARMCX3","armadillo repeat containing X-linked 3","51566","Downregulated",3.07268671305986,"ARMCX3"
74.8387390768411,-0.955407280514445,0.294461560879676,9.93547470095158e-05,0.000852172908910397,"ENSG00000176909","ENSG00000176909","MAMSTR","MEF2 activating motif and SAP domain containing transcriptional regulator","284358","Downregulated",3.06947227639905,"MAMSTR"
1753.3243517877,-0.397592510254298,0.10873660279436,0.00010002499256976,0.000856765372079294,"ENSG00000144824","ENSG00000144824","PHLDB2","pleckstrin homology like domain family B member 2","90102","Downregulated",3.06713809471914,"PHLDB2"
139.225568413458,-0.919053656394942,0.284652030722193,0.000103553220134609,0.000886438590392555,"ENSG00000231924","ENSG00000231924","PSG1","pregnancy specific beta-1-glycoprotein 1","5669","Downregulated",3.0523513455424,"PSG1"
736.557425594748,-0.412622723185413,0.113593564552284,0.000104422487637939,0.000893327935909996,"ENSG00000123636","ENSG00000123636","BAZ2B","bromodomain adjacent to zinc finger domain 2B","29994","Downregulated",3.04898908465907,"BAZ2B"
538.498283400748,-0.50199535206811,0.142295300381829,0.000107110248221688,0.000913502110833463,"ENSG00000142459","ENSG00000142459","EVI5L","ecotropic viral integration site 5 like","115704","Downregulated",3.03929044478406,"EVI5L"
307.459313475679,-0.0363790905177934,0.316930866987799,0.000108381771471393,0.000922076716281177,"ENSG00000269378","ENSG00000269378",NA,NA,NA,"Downregulated",3.03523294437853,"ENSG00000269378"
15.531277031616,-2.42191077383536,0.825003872247064,0.000109913510779035,0.000933389305077602,"ENSG00000106003","ENSG00000106003","LFNG","LFNG O-fucosylpeptide 3-beta-N-acetylglucosaminyltransferase","3955","Downregulated",3.02993717963727,"LFNG"
173.17831638699,-0.702917757688319,0.209930490638743,0.000111724271622417,0.000947025492608607,"ENSG00000137274","ENSG00000137274","BPHL","biphenyl hydrolase like","670","Downregulated",3.02363833023618,"BPHL"
596.992436762465,-0.542639876137037,0.156564116945257,0.0001130950490185,0.000956889062483147,"ENSG00000131323","ENSG00000131323","TRAF3","TNF receptor associated factor 3","7187","Downregulated",3.01913840950023,"TRAF3"
1808.92173812722,-0.39134506076165,0.108165644054026,0.000114892637563878,0.000970321184642161,"ENSG00000160360","ENSG00000160360","GPSM1","G protein signaling modulator 1","26086","Downregulated",3.01308448673455,"GPSM1"
983.404231548172,-0.535256276661556,0.154666575538729,0.000117498285851156,0.000989312723943606,"ENSG00000113810","ENSG00000113810","SMC4","structural maintenance of chromosomes 4","10051","Downregulated",3.00466640525297,"SMC4"
126.875474811663,-0.847519976839573,0.262361901696815,0.000118273114146264,0.000994628087956964,"ENSG00000214402","ENSG00000214402","LCNL1","lipocalin like 1","401562","Downregulated",3.00233928060301,"LCNL1"
681.545291549563,-0.484681118831449,0.137972742385872,0.000118736200070982,0.000996708053775734,"ENSG00000144136","ENSG00000144136","SLC20A1","solute carrier family 20 member 1","6574","Downregulated",3.00143203246222,"SLC20A1"
1954.43393941854,-0.46516373478467,0.131795235042602,0.000119242065934897,0.00100034854224681,"ENSG00000105647","ENSG00000105647","PIK3R2","phosphoinositide-3-kinase regulatory subunit 2","5296","Downregulated",2.99984865639879,"PIK3R2"
33.5900672577928,-1.6737407641288,0.587689511798746,0.000119924997254156,0.00100486126780251,"ENSG00000100302","ENSG00000100302","RASD2","RASD family member 2","23551","Downregulated",2.99789389325521,"RASD2"
51.386518367059,-1.06509979779637,0.33901567704491,0.000125711525058614,0.00104701684242028,"ENSG00000240764","ENSG00000240764","PCDHGC5","protocadherin gamma subfamily C, 5","56097","Downregulated",2.9800463321594,"PCDHGC5"
502.675411437227,-0.425649731141263,0.119342974969173,0.000127309817740872,0.00105842037436757,"ENSG00000196458","ENSG00000196458","ZNF605","zinc finger protein 605","100289635","Downregulated",2.97534180866349,"ZNF605"
690.506047000616,-0.42498788591152,0.119411136844323,0.000131137316053453,0.00108633117942905,"ENSG00000178567","ENSG00000178567","EPM2AIP1","EPM2A interacting protein 1","9852","Downregulated",2.96403775534351,"EPM2AIP1"
3115.66721904914,-0.426372402444839,0.119607205610902,0.000131605315413555,0.00108955678991425,"ENSG00000137309","ENSG00000137309","HMGA1","high mobility group AT-hook 1","3159","Downregulated",2.96275012851674,"HMGA1"
1719.56032279029,-0.423945203158856,0.119483832006989,0.000133061323269683,0.00110029646729984,"ENSG00000135111","ENSG00000135111","TBX3","T-box transcription factor 3","6926","Downregulated",2.95849028141916,"TBX3"
1330.81270800305,-0.352399809665812,0.0970443423027792,0.000132991901155164,0.00110029646729984,"ENSG00000161544","ENSG00000161544","CYGB","cytoglobin","114757","Downregulated",2.95849028141916,"CYGB"
50.3144626041794,-1.4457355915779,0.508138852586322,0.000133283122609425,0.00110142159781138,"ENSG00000179388","ENSG00000179388","EGR3","early growth response 3","1960","Downregulated",2.95804641167684,"EGR3"
726.942135840191,-0.535316268549054,0.155644622227077,0.000134193477187273,0.00110635776343749,"ENSG00000112319","ENSG00000112319","EYA4","EYA transcriptional coactivator and phosphatase 4","2070","Downregulated",2.95610441230598,"EYA4"
2432.5955899463,-0.591408401557183,0.176596940752585,0.000135466848954326,0.00111619206876219,"ENSG00000101224","ENSG00000101224","CDC25B","cell division cycle 25B","994","Downregulated",2.95226106774039,"CDC25B"
799.903525094202,-0.379435997777388,0.10539279907816,0.000136309559265274,0.00112246831958255,"ENSG00000166037","ENSG00000166037","CEP57","centrosomal protein 57","9702","Downregulated",2.94982590762944,"CEP57"
757.165431516346,-0.444073637900702,0.126046143404601,0.000137701455972196,0.00113160482843643,"ENSG00000025772","ENSG00000025772","TOMM34","translocase of outer mitochondrial membrane 34","10953","Downregulated",2.94630520812312,"TOMM34"
135.525685355054,-0.814344367553809,0.254773673128667,0.000137745677579354,0.00113160482843643,"ENSG00000081189","ENSG00000081189","MEF2C","myocyte enhancer factor 2C","4208","Downregulated",2.94630520812312,"MEF2C"
311.086413845733,-0.560387525771799,0.164239406327113,0.0001385798056238,0.00113681092317529,"ENSG00000173914","ENSG00000173914","RBM4B","RNA binding motif protein 4B","83759","Downregulated",2.94431176209329,"RBM4B"
85.7239907665199,-0.918716673699975,0.291765106466372,0.000138625475154501,0.00113681092317529,"ENSG00000178184","ENSG00000178184","PARD6G","par-6 family cell polarity regulator gamma","84552","Downregulated",2.94431176209329,"PARD6G"
82.7843713896505,-0.903426649084815,0.285860525415757,0.000139511123587404,0.00114236051156988,"ENSG00000203722","ENSG00000203722","RAET1G","retinoic acid early transcript 1G","353091","Downregulated",2.94219681773851,"RAET1G"
502.616578132039,-0.668949216259677,0.20423530481636,0.000139956179515166,0.00114501339545495,"ENSG00000141068","ENSG00000141068","KSR1","kinase suppressor of ras 1","8844","Downregulated",2.94118943250476,"KSR1"
1163.14592891819,-0.419055000230458,0.118359569966454,0.000142977674234606,0.00116697737763098,"ENSG00000071564","ENSG00000071564","TCF3","transcription factor 3","6929","Downregulated",2.93293756286231,"TCF3"
10116.0060470531,-0.345475752065823,0.0955214580334815,0.0001463898766148,0.00119272034097855,"ENSG00000174348","ENSG00000174348","PODN","podocan","127435","Downregulated",2.92346137410629,"PODN"
8832.72114885323,-0.37283453481864,0.104169766557303,0.000146669753901317,0.00119429854249022,"ENSG00000182492","ENSG00000182492","BGN","biglycan","633","Downregulated",2.92288709770448,"BGN"
3050.40922938253,-0.500944862024749,0.147616553244891,0.000150169869212934,0.00122136397736036,"ENSG00000118971","ENSG00000118971","CCND2","cyclin D2","894","Downregulated",2.91315489313688,"CCND2"
419.157816752169,-0.55442868325801,0.164125382257948,0.000150989593618966,0.00122659131182019,"ENSG00000006118","ENSG00000006118","TMEM132A","transmembrane protein 132A","54972","Downregulated",2.91130011582814,"TMEM132A"
156.14379439934,-0.742725248056996,0.230893285090588,0.000155688154812392,0.00126032835136971,"ENSG00000178053","ENSG00000178053","MLF1","myeloid leukemia factor 1","4291","Downregulated",2.89951629408042,"MLF1"
75.2045769232406,-1.23642865818882,0.429570192394208,0.000158244485696489,0.00128027456349541,"ENSG00000073756","ENSG00000073756","PTGS2","prostaglandin-endoperoxide synthase 2","5743","Downregulated",2.89269688298962,"PTGS2"
36.0468059780172,-1.4058671787111,0.482987836931508,0.0001588166359832,0.0012834051067587,"ENSG00000066468","ENSG00000066468","FGFR2","fibroblast growth factor receptor 2","2263","Downregulated",2.89163623695327,"FGFR2"
248.133028027545,-0.557901106064479,0.165090947580432,0.000161899563107319,0.0013052740227483,"ENSG00000100842","ENSG00000100842","EFS","embryonal Fyn-associated substrate","10278","Downregulated",2.88429830512662,"EFS"
78.1530276656377,-1.12462734937567,0.381723387156326,0.000164481077249652,0.00132377656771366,"ENSG00000151623","ENSG00000151623","NR3C2","nuclear receptor subfamily 3 group C member 2","4306","Downregulated",2.87818531066489,"NR3C2"
661.85526278786,-0.443327309741118,0.127567532926705,0.000164762399269801,0.00132527109197921,"ENSG00000143390","ENSG00000143390","RFX5","regulatory factor X5","5993","Downregulated",2.87769527515489,"RFX5"
423.875331383925,-0.560088652984802,0.167051445962337,0.000165463462590463,0.00132936703074854,"ENSG00000170836","ENSG00000170836","PPM1D","protein phosphatase, Mg2+/Mn2+ dependent 1D","8493","Downregulated",2.87635509624153,"PPM1D"
420.07178379731,-0.548506176362892,0.163185467581895,0.000166471909962223,0.00133592020855034,"ENSG00000125675","ENSG00000125675","GRIA3","glutamate ionotropic receptor AMPA type subunit 3","2892","Downregulated",2.87421948049905,"GRIA3"
181.733954407631,-0.589292108409728,0.175560621062628,0.000168811655281541,0.00135234724309068,"ENSG00000164048","ENSG00000164048","ZNF589","zinc finger protein 589","51385","Downregulated",2.86891177999552,"ZNF589"
96.3760830352201,-0.994239051392974,0.326987246567105,0.00016926618515769,0.00135520511848667,"ENSG00000164929","ENSG00000164929","BAALC","BAALC binder of MAP3K1 and KLF4","79870","Downregulated",2.86799496671945,"BAALC"
149.450740627396,-0.79450254196048,0.252411220542126,0.000173356980289943,0.00138475757339384,"ENSG00000038945","ENSG00000038945","MSR1","macrophage scavenger receptor 1","4481","Downregulated",2.85862625096975,"MSR1"
221.388633572683,-0.570162619525519,0.171377946757976,0.000179065979420633,0.00142461274901869,"ENSG00000143469","ENSG00000143469","SYT14","synaptotagmin 14","255928","Downregulated",2.84630317342421,"SYT14"
1590.58185628077,-0.471549872635429,0.13811209902831,0.000179576277019633,0.00142692694895038,"ENSG00000151892","ENSG00000151892","GFRA1","GDNF family receptor alpha 1","2674","Downregulated",2.84559825987752,"GFRA1"
26.4198062357118,-1.47135193335219,0.506792703335946,0.000179579996422906,0.00142692694895038,"ENSG00000160654","ENSG00000160654","CD3G","CD3 gamma subunit of T-cell receptor complex","917","Downregulated",2.84559825987752,"CD3G"
758.075483798294,-0.419691272370402,0.120804066476306,0.000180161334473402,0.00143004349053086,"ENSG00000116161","ENSG00000116161","CACYBP","calcyclin binding protein","27101","Downregulated",2.84465075455567,"CACYBP"
21422.1220001012,-0.337122540656245,0.0940875364561881,0.000181971044270571,0.00144275555065552,"ENSG00000067225","ENSG00000067225","PKM","pyruvate kinase M1/2","5315","Downregulated",2.84080724617236,"PKM"
541.532031174761,-0.456075376836712,0.132445305451049,0.000182972875750499,0.00144986911665304,"ENSG00000078699","ENSG00000078699","CBFA2T2","CBFA2/RUNX1 partner transcriptional co-repressor 2","9139","Downregulated",2.83867120085531,"CBFA2T2"
6505.95359576612,-0.282437915115656,0.0786824395565375,0.000183414657979204,0.00145253928281931,"ENSG00000100979","ENSG00000100979","PLTP","phospholipid transfer protein","5360","Downregulated",2.83787211361511,"PLTP"
66.1916100246054,-1.26543505393566,0.444756835466708,0.00018525552847418,0.00146499849433067,"ENSG00000137203","ENSG00000137203","TFAP2A","transcription factor AP-2 alpha","7020","Downregulated",2.83416282166087,"TFAP2A"
548.8886666847,-0.514923384970904,0.152807066319974,0.000185305026377204,0.00146499849433067,"ENSG00000165092","ENSG00000165092","ALDH1A1","aldehyde dehydrogenase 1 family member A1","216","Downregulated",2.83416282166087,"ALDH1A1"
544.925994497095,-0.722864858375982,0.231472210340717,0.000190277082769557,0.00149684465878195,"ENSG00000104415","ENSG00000104415","CCN4","cellular communication network factor 4","8840","Downregulated",2.82482326801657,"CCN4"
1709.39765204236,-0.391287385514603,0.111854383193229,0.000190178754407017,0.00149684465878195,"ENSG00000147475","ENSG00000147475","ERLIN2","ER lipid raft associated 2","11160","Downregulated",2.82482326801657,"ERLIN2"
490.282892102727,-0.453739682189128,0.132468205050217,0.000190305237663165,0.00149684465878195,"ENSG00000170854","ENSG00000170854","RIOX2","ribosomal oxygenase 2","84864","Downregulated",2.82482326801657,"RIOX2"
206.461414242057,-0.605833122835687,0.184975603504203,0.000191948929952119,0.00150891674430313,"ENSG00000175048","ENSG00000175048","ZDHHC14","zDHHC palmitoyltransferase 14","79683","Downregulated",2.82133472211124,"ZDHHC14"
1609.15651800988,-0.419769264799473,0.121483562390121,0.000192168479335893,0.00150978625573477,"ENSG00000134874","ENSG00000134874","DZIP1","DAZ interacting zinc finger protein 1","22873","Downregulated",2.82108453252508,"DZIP1"
8545.67603931851,-0.274047716103374,0.0765817107878211,0.000196406366034088,0.0015404617016788,"ENSG00000109472","ENSG00000109472","CPE","carboxypeptidase E","1363","Downregulated",2.81234909446247,"CPE"
1885.50589003957,-0.428150730680084,0.124505472599205,0.000197860267187213,0.0015501104821637,"ENSG00000105855","ENSG00000105855","ITGB8","integrin subunit beta 8","3696","Downregulated",2.80963734693675,"ITGB8"
236.595378463972,-0.606167769343841,0.185816344202074,0.000198087872766006,0.00155101685235258,"ENSG00000118707","ENSG00000118707","TGIF2","TGFB induced factor homeobox 2","60436","Downregulated",2.80938348339595,"TGIF2"
610.83987445346,-0.417529583060185,0.120465189027224,0.000198949000621501,0.00155687984167893,"ENSG00000162441","ENSG00000162441","LZIC","leucine zipper and CTNNBIP1 domain containing","84328","Downregulated",2.80774490452212,"LZIC"
468.987297434021,-0.495043888828467,0.146990443470803,0.000200210034503139,0.00156498074911393,"ENSG00000001167","ENSG00000001167","NFYA","nuclear transcription factor Y subunit alpha","4800","Downregulated",2.80549100035716,"NFYA"
1827.11343837897,-0.323838030321264,0.0914260507829158,0.000200623755317455,0.00156644767602513,"ENSG00000135924","ENSG00000135924","DNAJB2","DnaJ heat shock protein family (Hsp40) member B2","3300","Downregulated",2.80508410725727,"DNAJB2"
554.396726355897,-0.419241459746249,0.121760193632609,0.00020110292590563,0.00156842175021166,"ENSG00000073331","ENSG00000073331","ALPK1","alpha kinase 1","80216","Downregulated",2.80453714371727,"ALPK1"
833.87554335156,-0.390634136165769,0.112375606135398,0.000202765666326082,0.00157961178730364,"ENSG00000117643","ENSG00000117643","MAN1C1","mannosidase alpha class 1C member 1","57134","Downregulated",2.80144963415186,"MAN1C1"
1204.49603530721,-0.471043171533363,0.140101142516766,0.000204467077646279,0.00159197147702235,"ENSG00000105559","ENSG00000105559","PLEKHA4","pleckstrin homology domain containing A4","57664","Downregulated",2.79806471768049,"PLEKHA4"
217.360830564248,-0.647641294603923,0.202151982972087,0.000205882403891217,0.00160119205136273,"ENSG00000198046","ENSG00000198046","ZNF667","zinc finger protein 667","63934","Downregulated",2.79555657448617,"ZNF667"
378.726726705267,-0.715362462429177,0.229719490869172,0.000206854479116984,0.0016068211993046,"ENSG00000136052","ENSG00000136052","SLC41A2","solute carrier family 41 member 2","84102","Downregulated",2.79403244711695,"SLC41A2"
392.171953029563,-0.492858920807878,0.146730151132066,0.000206870442144374,0.0016068211993046,"ENSG00000148356","ENSG00000148356","LRSAM1","leucine rich repeat and sterile alpha motif containing 1","90678","Downregulated",2.79403244711695,"LRSAM1"
174.000705403133,-0.677389055307277,0.212263881431828,0.000207149044218907,0.00160743482857214,"ENSG00000143631","ENSG00000143631","FLG","filaggrin","2312","Downregulated",2.79386662597155,"FLG"
3024.69235747638,-0.310959764502149,0.0883286027861516,0.000210460687256959,0.00163032315938244,"ENSG00000106261","ENSG00000106261","ZKSCAN1","zinc finger with KRAB and SCAN domains 1","7586","Downregulated",2.78772630208312,"ZKSCAN1"
1234.00788110458,-0.368648272669201,0.105715727690471,0.0002116278547449,0.0016366910931415,"ENSG00000198964","ENSG00000198964","SGMS1","sphingomyelin synthase 1","259230","Downregulated",2.78603328100561,"SGMS1"
35.0352949753637,-1.43133749590237,0.503237987244791,0.000214878209733139,0.00165997609180132,"ENSG00000028277","ENSG00000028277","POU2F2","POU class 2 homeobox 2","5452","Downregulated",2.779898166944,"POU2F2"
6659.42101054068,-0.405414697750109,0.117270646119081,0.000223509484389746,0.00172281309463709,"ENSG00000166250","ENSG00000166250","CLMP","CXADR like cell adhesion molecule","79827","Downregulated",2.76376183594182,"CLMP"
599.917878257437,-0.382728154555852,0.110647374759697,0.000223916664782075,0.00172499224970249,"ENSG00000131732","ENSG00000131732","ZCCHC9","zinc finger CCHC-type containing 9","84240","Downregulated",2.7632128518481,"ZCCHC9"
398.582828514211,-0.476119063822603,0.14182489679642,0.000224849399071175,0.00173121545651523,"ENSG00000109775","ENSG00000109775","UFSP2","UFM1 specific peptidase 2","55325","Downregulated",2.76164887911898,"UFSP2"
2970.92176376761,-0.304085861691109,0.0861462025424101,0.000225053924722376,0.00173182806370206,"ENSG00000106105","ENSG00000106105","GARS1","glycyl-tRNA synthetase 1","2617","Downregulated",2.76149522703691,"GARS1"
946.674065482191,-0.405117869416974,0.118154584258685,0.000230969783592832,0.00177538005036775,"ENSG00000120820","ENSG00000120820","GLT8D2","glycosyltransferase 8 domain containing 2","83468","Downregulated",2.75070866451874,"GLT8D2"
12.9268347984046,-2.12061683480506,0.764814486201773,0.000232149741313443,0.00178346078983537,"ENSG00000173110","ENSG00000173110","HSPA6","heat shock protein family A (Hsp70) member 6","3310","Downregulated",2.74873643437459,"HSPA6"
1859.97890226692,-0.319279416141609,0.0902830306412932,0.00023313053630839,0.00179000338099611,"ENSG00000175455","ENSG00000175455","CCDC14","coiled-coil domain containing 14","64770","Downregulated",2.74714614871476,"CCDC14"
318.617306461685,-0.479848093381111,0.143521987907008,0.000233499507385789,0.00179184367267976,"ENSG00000143493","ENSG00000143493","INTS7","integrator complex subunit 7","25896","Downregulated",2.74669988253887,"INTS7"
1066.85012280812,-0.510251880652811,0.1550855649271,0.000236502606023882,0.00181223739645589,"ENSG00000188070","ENSG00000188070","ZFTA","zinc finger translocation associated","65998","Downregulated",2.74178491194747,"ZFTA"
590.256228866306,-0.508393897038724,0.154208112792038,0.000238719515594419,0.0018278529097365,"ENSG00000160271","ENSG00000160271","RALGDS","ral guanine nucleotide dissociation stimulator","5900","Downregulated",2.73805875557155,"RALGDS"
1060.36815694306,-0.461928918644583,0.138144780335481,0.000239080773463351,0.00182960819405223,"ENSG00000171681","ENSG00000171681","ATF7IP","activating transcription factor 7 interacting protein","55729","Downregulated",2.73764190337305,"ATF7IP"
1935.34554308267,-0.388007660852654,0.113375243099333,0.000240154642118994,0.00183579877833819,"ENSG00000125970","ENSG00000125970","RALY","RALY heterogeneous nuclear ribonucleoprotein","22913","Downregulated",2.73617492348693,"RALY"
14.5651774538881,-2.2259786594074,0.821249642905667,0.000241674290219355,0.00184639690636716,"ENSG00000122877","ENSG00000122877","EGR2","early growth response 2","1959","Downregulated",2.73367493618294,"EGR2"
195.432795346097,-0.698552584820524,0.224425503478923,0.000242513969126196,0.00185159958030748,"ENSG00000124126","ENSG00000124126","PREX1","phosphatidylinositol-3,4,5-trisphosphate dependent Rac exchange factor 1","57580","Downregulated",2.73245292632851,"PREX1"
492.624271384515,-0.45862212335232,0.137605597769013,0.000248903081971962,0.00189431510875861,"ENSG00000004866","ENSG00000004866","ST7","suppression of tumorigenicity 7","7982","Downregulated",2.72254777685739,"ST7"
6247.28370818619,-0.311962066967082,0.0891328943903121,0.000249231784455781,0.00189473576564601,"ENSG00000100380","ENSG00000100380","ST13","ST13 Hsp70 interacting protein","6767","Downregulated",2.72245134692189,"ST13"
150.358517018671,-0.741732044332353,0.241207988275057,0.000251422238723115,0.00191034035442086,"ENSG00000105499","ENSG00000105499","PLA2G4C","phospholipase A2 group IVC","8605","Downregulated",2.71888925009337,"PLA2G4C"
2891.36398101546,-0.332937103690917,0.0956422602531763,0.000254303823016073,0.00193011866548727,"ENSG00000078674","ENSG00000078674","PCM1","pericentriolar material 1","5108","Downregulated",2.7144159893435,"PCM1"
283.003217631982,-0.615306219826698,0.194706373691483,0.000264413607197926,0.00200246348751697,"ENSG00000167371","ENSG00000167371","PRRT2","proline rich transmembrane protein 2","112476","Downregulated",2.69843539400251,"PRRT2"
188.601140673827,-0.639942215383906,0.203782715627674,0.000268229547995286,0.00202693200963286,"ENSG00000138642","ENSG00000138642","HERC6","HECT and RLD domain containing E3 ubiquitin protein ligase family member 6","55008","Downregulated",2.6931608188139,"HERC6"
559.95345060039,-0.443009501112481,0.132452012058819,0.000268116242515804,0.00202693200963286,"ENSG00000243943","ENSG00000243943","ZNF512","zinc finger protein 512","84450","Downregulated",2.6931608188139,"ZNF512"
670.459899108187,-0.389422418324121,0.114855460436109,0.000275388605731724,0.00207763238259987,"ENSG00000147889","ENSG00000147889","CDKN2A","cyclin dependent kinase inhibitor 2A","1029","Downregulated",2.68243129428228,"CDKN2A"
1988.61212738874,-0.311511549039194,0.0899060240029542,0.000275370521543884,0.00207763238259987,"ENSG00000164402","ENSG00000164402","SEPTIN8","septin 8","23176","Downregulated",2.68243129428228,"SEPTIN8"
937.937855830809,-0.605931724999309,0.193387707459152,0.000276648307449996,0.00208600048582671,"ENSG00000160991","ENSG00000160991","ORAI2","ORAI calcium release-activated calcium modulator 2","80228","Downregulated",2.68068559476287,"ORAI2"
569.867672268597,-0.491416991151798,0.150477756586563,0.000283248335029198,0.00213112848814857,"ENSG00000177732","ENSG00000177732","SOX12","SRY-box transcription factor 12","6666","Downregulated",2.67139036539058,"SOX12"
121.390997530319,-0.765273038429489,0.254112669181429,0.000287752074136308,0.00216266594113616,"ENSG00000099260","ENSG00000099260","PALMD","palmdelphin","54873","Downregulated",2.66501055921352,"PALMD"
375.2281248981,-0.474208171756592,0.144275448458049,0.000294363254309163,0.00220398721851469,"ENSG00000263956","ENSG00000263956","NBPF11","NBPF member 11","200030","Downregulated",2.65679092839767,"NBPF11"
885.049657818482,-0.34116563805852,0.10064236002947,0.000296630047046698,0.00221976016307786,"ENSG00000239779","ENSG00000239779","WBP1","WW domain binding protein 1","23559","Downregulated",2.65369394693616,"WBP1"
1717.74072310485,-0.342589958672182,0.10037237175747,0.000301001213870158,0.00224519689075701,"ENSG00000205302","ENSG00000205302","SNX2","sorting nexin 2","6643","Downregulated",2.6487455678812,"SNX2"
61.345845596477,-1.0537045713108,0.369607136636242,0.000304016382899078,0.00226524895193458,"ENSG00000162595","ENSG00000162595","DIRAS3","DIRAS family GTPase 3","9077","Downregulated",2.64488406185861,"DIRAS3"
1625.41606697015,-0.445149311727164,0.135228355986118,0.000305698624949032,0.00227533686528928,"ENSG00000110841","ENSG00000110841","PPFIBP1","PPFIB scaffold protein 1","8496","Downregulated",2.64295429663064,"PPFIBP1"
282.375738891385,-0.6798302647394,0.22316676009946,0.000307619991121241,0.00228840872622076,"ENSG00000154358","ENSG00000154358","OBSCN","obscurin, cytoskeletal calmodulin and titin-interacting RhoGEF","84033","Downregulated",2.64046640483999,"OBSCN"
265.632571433969,-0.682783251085198,0.225003377438597,0.000310596855361505,0.00230683913100488,"ENSG00000162944","ENSG00000162944","RFTN2","raftlin family member 2","130132","Downregulated",2.63698269024391,"RFTN2"
574.107382334245,-0.441619077295805,0.133839780036863,0.000314489787820543,0.0023282660092975,"ENSG00000151612","ENSG00000151612","ZNF827","zinc finger protein 827","152485","Downregulated",2.63296740212772,"ZNF827"
594.867828045916,-0.380019392785455,0.112952671425591,0.000319407755124054,0.00236215158925521,"ENSG00000029993","ENSG00000029993","HMGB3","high mobility group box 3","3149","Downregulated",2.62669223531498,"HMGB3"
254.487515481432,-0.736116977620763,0.248945586850334,0.000322756227509123,0.00238259641250053,"ENSG00000135437","ENSG00000135437","RDH5","retinol dehydrogenase 5","5959","Downregulated",2.62294951647357,"RDH5"
2647.94931900724,-0.296990180695103,0.0858332543009974,0.000323743864918796,0.00238530899729378,"ENSG00000178252","ENSG00000178252","WDR6","WD repeat domain 6","11180","Downregulated",2.62245535367743,"WDR6"
52.8109706403411,-1.58283493977385,0.688078517805238,0.00032674727060911,0.00240232913706719,"ENSG00000205363","ENSG00000205363","INSYN1","inhibitory synaptic factor 1","388135","Downregulated",2.61936749126303,"INSYN1"
1951.14501314239,-0.334409042781349,0.0985172106403922,0.000335559944302106,0.00246320194284051,"ENSG00000135052","ENSG00000135052","GOLM1","golgi membrane protein 1","51280","Downregulated",2.60849998155672,"GOLM1"
340.117663725712,-0.764572519752338,0.263921498751556,0.000335550924176035,0.00246320194284051,"ENSG00000203727","ENSG00000203727","SAMD5","sterile alpha motif domain containing 5","389432","Downregulated",2.60849998155672,"SAMD5"
4069.83379600374,-0.284815302253718,0.0820587943705213,0.000336361083041877,0.00246755908437946,"ENSG00000072682","ENSG00000072682","P4HA2","prolyl 4-hydroxylase subunit alpha 2","8974","Downregulated",2.60773243958527,"P4HA2"
17.7014558207505,-2.46345125716905,1.42716084991288,0.000338453385257588,0.00248049998217076,"ENSG00000272980","ENSG00000272980",NA,NA,NA,"Downregulated",2.6054607717494,"ENSG00000272980"
42.5615000535641,-1.09827737026671,0.395103980205726,0.000341356369881472,0.00250045345147321,"ENSG00000167771","ENSG00000167771","RCOR2","REST corepressor 2","283248","Downregulated",2.60198122588196,"RCOR2"
2513.61832911111,-0.380877887040185,0.114498674742225,0.000344890983126727,0.00252367694569869,"ENSG00000085662","ENSG00000085662","AKR1B1","aldo-keto reductase family 1 member B","231","Downregulated",2.5979662396339,"AKR1B1"
1370.10079309325,-0.527299435076422,0.167752773003383,0.00034546529678048,0.00252654540795813,"ENSG00000120254","ENSG00000120254","MTHFD1L","methylenetetrahydrofolate dehydrogenase (NADP+ dependent) 1 like","25902","Downregulated",2.59747289206322,"MTHFD1L"
52.1288387342055,-1.33684008059647,0.491439624725804,0.000348450107163455,0.00254703060927127,"ENSG00000145423","ENSG00000145423","SFRP2","secreted frizzled related protein 2","6423","Downregulated",2.59396583581466,"SFRP2"
5643.45582077027,-0.342800967058697,0.101493476688305,0.00035164905629413,0.00256770509545856,"ENSG00000167468","ENSG00000167468","GPX4","glutathione peroxidase 4","2879","Downregulated",2.59045485707109,"GPX4"
617.440150152608,-0.4069611435869,0.123630526114778,0.000352600406061576,0.00257194159347757,"ENSG00000063438","ENSG00000063438","AHRR","aryl hydrocarbon receptor repressor","57491","Downregulated",2.58973889808001,"AHRR"
978.324166635844,-0.398451964226509,0.120490177430442,0.000353517408877167,0.00257727394509661,"ENSG00000092847","ENSG00000092847","AGO1","argonaute RISC component 1","26523","Downregulated",2.58883941671467,"AGO1"
161.926897702717,-0.605391183839052,0.195252920089529,0.000354563626458572,0.00258354221823835,"ENSG00000221829","ENSG00000221829","FANCG","FA complementation group G","2189","Downregulated",2.58778443715755,"FANCG"
4559.99686651948,-0.302922674375361,0.0886098115313617,0.000355420790711804,0.00258842708275087,"ENSG00000131981","ENSG00000131981","LGALS3","galectin 3","3958","Downregulated",2.58696406479647,"LGALS3"
1024.26047084599,-0.450421844703752,0.138946360126715,0.00035637899374245,0.00259404226590158,"ENSG00000112139","ENSG00000112139","MDGA1","MAM domain containing glycosylphosphatidylinositol anchor 1","266727","Downregulated",2.58602295203826,"MDGA1"
277.835161789144,-0.570924307675887,0.183538637176487,0.000360101474770794,0.00261564273524551,"ENSG00000188428","ENSG00000188428","BLOC1S5","biogenesis of lysosomal organelles complex 1 subunit 5","63915","Downregulated",2.58242157560286,"BLOC1S5"
11.9690294197965,-2.10998033822898,0.797931346400268,0.000362257742576118,0.00262992669165134,"ENSG00000123405","ENSG00000123405","NFE2","nuclear factor, erythroid 2","4778","Downregulated",2.58005635715854,"NFE2"
18.3210389420374,-1.7794848634451,0.698129498461917,0.000362638113300741,0.00262993281644949,"ENSG00000168961","ENSG00000168961","LGALS9","galectin 9","3965","Downregulated",2.5800553457376,"LGALS9"
356.885393174299,-0.468429546610045,0.144594100831917,0.000362933229872792,0.00263069646067313,"ENSG00000197062","ENSG00000197062","ZSCAN26","zinc finger and SCAN domain containing 26","7741","Downregulated",2.57992925950064,"ZSCAN26"
1574.15183701703,-0.339702861836399,0.101443558317209,0.000369580450514102,0.0026760791346264,"ENSG00000244509","ENSG00000244509","APOBEC3C","apolipoprotein B mRNA editing enzyme catalytic subunit 3C","27350","Downregulated",2.57250104814509,"APOBEC3C"
740.319617627909,-0.363233203988751,0.108911102918121,0.000378045701945178,0.00273166599752775,"ENSG00000163755","ENSG00000163755","HPS3","HPS3 biogenesis of lysosomal organelles complex 2 subunit 1","84343","Downregulated",2.56357240319632,"HPS3"
49.6083808609825,-1.19398857350075,0.450592213606958,0.000378797816818583,0.00273567427998371,"ENSG00000109674","ENSG00000109674","NEIL3","nei like DNA glycosylase 3","55247","Downregulated",2.56293561266343,"NEIL3"
375.283785506651,-0.424211828939543,0.129680492612575,0.000379170270789863,0.00273693790774829,"ENSG00000151376","ENSG00000151376","ME3","malic enzyme 3","10873","Downregulated",2.56273505521252,"ME3"
32.1112616447778,-1.32735242813421,0.502657877782332,0.000380887807877812,0.00274647457303777,"ENSG00000184916","ENSG00000184916","JAG2","jagged canonical Notch ligand 2","3714","Downregulated",2.56122441733824,"JAG2"
68.1186406322297,-0.866407224816087,0.303101519892396,0.000385405009328351,0.00277471585676967,"ENSG00000154102","ENSG00000154102","CLMB","calcimembrin","404550","Downregulated",2.5567814839486,"CLMB"
317.142212852818,-0.465774988789482,0.145041738497108,0.00038980387371801,0.00280056603725137,"ENSG00000148219","ENSG00000148219","ASTN2","astrotactin 2","23245","Downregulated",2.55275418222547,"ASTN2"
2218.41227088649,-0.407862856289473,0.124853784905122,0.0003907059641105,0.00280559272363079,"ENSG00000103222","ENSG00000103222","ABCC1","ATP binding cassette subfamily C member 1 (ABCC1 blood group)","4363","Downregulated",2.55197537347781,"ABCC1"
394.16122186751,-0.447412901951963,0.138773346524574,0.000401887306695701,0.00288164817934457,"ENSG00000070718","ENSG00000070718","AP3M2","adaptor related protein complex 3 subunit mu 2","10947","Downregulated",2.54035904333334,"AP3M2"
1796.597674264,-0.505239734596202,0.161100285093595,0.000401921201433946,0.00288164817934457,"ENSG00000138756","ENSG00000138756","BMP2K","BMP2 inducible kinase","55589","Downregulated",2.54035904333334,"BMP2K"
172.680865851812,-0.839336559117241,0.300287325535372,0.000407798918917365,0.00292076755414768,"ENSG00000205683","ENSG00000205683","DPF3","double PHD fingers 3","8110","Downregulated",2.53450300446701,"DPF3"
405.135800930406,-0.564190617016941,0.183708236863787,0.000408547441860473,0.00292310738086954,"ENSG00000131437","ENSG00000131437","KIF3A","kinesin family member 3A","11127","Downregulated",2.53415523046449,"KIF3A"
31.0855037769944,-1.35061633010834,0.517311581059255,0.000408503502635395,0.00292310738086954,"ENSG00000186198","ENSG00000186198","SLC51B","SLC51 subunit beta","123264","Downregulated",2.53415523046449,"SLC51B"
243.126126905199,-0.681557409505566,0.231538093461331,0.000411513725119973,0.00294129381972033,"ENSG00000006062","ENSG00000006062","MAP3K14","mitogen-activated protein kinase kinase kinase 14","9020","Downregulated",2.53146158960055,"MAP3K14"
895.02375103788,-0.327869611966108,0.0980198538077627,0.000411779263311534,0.00294131186253392,"ENSG00000109458","ENSG00000109458","GAB1","GRB2 associated binding protein 1","2549","Downregulated",2.53145892551092,"GAB1"
100.559132352134,-0.765948515752249,0.263758790882684,0.000412408181370259,0.00294313336025253,"ENSG00000104313","ENSG00000104313","EYA1","EYA transcriptional coactivator and phosphatase 1","2138","Downregulated",2.53119005855633,"EYA1"
992.34343871552,-0.33974931475424,0.101887235641444,0.000413388990016289,0.00294709774312538,"ENSG00000122335","ENSG00000122335","SERAC1","serine active site containing 1","84947","Downregulated",2.53060546014734,"SERAC1"
21.7915121524813,-1.46021709984634,0.56035549986543,0.000417057850251482,0.00297019771152893,"ENSG00000172497","ENSG00000172497","ACOT12","acyl-CoA thioesterase 12","134526","Downregulated",2.52721464086186,"ACOT12"
1280.24885851744,-0.422528674511208,0.131022941819355,0.000418776383957362,0.00298090493336676,"ENSG00000146242","ENSG00000146242","TPBG","trophoblast glycoprotein","7162","Downregulated",2.52565187420976,"TPBG"
71.6355809039156,-0.812348021958778,0.283199033908472,0.000427104839131213,0.00303551075154845,"ENSG00000056736","ENSG00000056736","IL17RB","interleukin 17 receptor B","55540","Downregulated",2.51776822455025,"IL17RB"
11064.1165810094,-0.401491929028599,0.122457222802811,0.000428710713085626,0.00304536226173946,"ENSG00000120708","ENSG00000120708","TGFBI","transforming growth factor beta induced","7045","Downregulated",2.51636103836228,"TGFBI"
324.024975057726,-0.492706529369891,0.156446449857458,0.000429485930432683,0.00304930610136606,"ENSG00000183137","ENSG00000183137","CEP57L1","centrosomal protein 57 like 1","285753","Downregulated",2.51579897725432,"CEP57L1"
181.200946952113,-0.556337543802549,0.178953559790214,0.000430170505036043,0.00305260267757016,"ENSG00000154134","ENSG00000154134","ROBO3","roundabout guidance receptor 3","64221","Downregulated",2.51532971917598,"ROBO3"
332.991800650452,-0.543012573364282,0.176678294596594,0.000436480633006768,0.00308789438123573,"ENSG00000132846","ENSG00000132846","ZBED3","zinc finger BED-type containing 3","84327","Downregulated",2.51033756275047,"ZBED3"
378.681203986609,-0.557929400813664,0.182493145411604,0.000436216511128095,0.00308789438123573,"ENSG00000139946","ENSG00000139946","PELI2","pellino E3 ubiquitin protein ligase family member 2","57161","Downregulated",2.51033756275047,"PELI2"
75.8144464971896,-0.935221626150624,0.33895534004686,0.000435866717168738,0.00308789438123573,"ENSG00000152402","ENSG00000152402","GUCY1A2","guanylate cyclase 1 soluble subunit alpha 2","2977","Downregulated",2.51033756275047,"GUCY1A2"
283.279577121831,-0.528585559956383,0.171016249739133,0.000441393263966563,0.00311787423308491,"ENSG00000162383","ENSG00000162383","SLC1A7","solute carrier family 1 member 7","6512","Downregulated",2.50614140710062,"SLC1A7"
402.398554495612,-0.443597860090397,0.139117861694926,0.000448183872220448,0.00316422836734752,"ENSG00000099139","ENSG00000099139","PCSK5","proprotein convertase subtilisin/kexin type 5","5125","Downregulated",2.49973218032612,"PCSK5"
2263.53351028081,-0.409697877851662,0.127655223004676,0.000456034869572166,0.00321474428148558,"ENSG00000156471","ENSG00000156471","PTDSS1","phosphatidylserine synthase 1","9791","Downregulated",2.49285356754743,"PTDSS1"
824.211578042467,-0.350521024297722,0.106740789202912,0.000469271348947053,0.00329297803800365,"ENSG00000164010","ENSG00000164010","ERMAP","erythroblast membrane associated protein (Scianna blood group)","114625","Downregulated",2.48241116573681,"ERMAP"
1222.57903414102,-0.332927450146206,0.100851229918492,0.000473351713825141,0.00331992985926246,"ENSG00000170734","ENSG00000170734","POLH","DNA polymerase eta","5429","Downregulated",2.47887109161435,"POLH"
428.392682270868,-0.429224086182187,0.134600381542339,0.000480705549275537,0.00336639626448189,"ENSG00000140332","ENSG00000140332","TLE3","TLE family member 3, transcriptional corepressor","7090","Downregulated",2.47283476377653,"TLE3"
69.3960120231982,-0.906349979708895,0.330076000410623,0.000481671327627385,0.00337145602504441,"ENSG00000186907","ENSG00000186907","RTN4RL2","reticulon 4 receptor like 2","349667","Downregulated",2.47218250058918,"RTN4RL2"
77.9436746747443,-0.945644728285456,0.351116233727669,0.000482965314288971,0.003378806810061,"ENSG00000171502","ENSG00000171502","COL24A1","collagen type XXIV alpha 1 chain","255631","Downregulated",2.47123663915823,"COL24A1"
652.514846700442,-0.435700809342909,0.137367345050074,0.000491891623918034,0.00343951867602424,"ENSG00000164465","ENSG00000164465","DCBLD1","discoidin, CUB and LCCL domain containing 1","285761","Downregulated",2.46350232805992,"DCBLD1"
782.600862346315,-0.436923591259606,0.138055272614466,0.000494164842841968,0.00345367148610532,"ENSG00000118260","ENSG00000118260","CREB1","cAMP responsive element binding protein 1","1385","Downregulated",2.46171897497845,"CREB1"
675.172220613007,-0.567049001217861,0.189370452326118,0.000497343585701942,0.00347238526662127,"ENSG00000155090","ENSG00000155090","KLF10","KLF transcription factor 10","7071","Downregulated",2.45937209516456,"KLF10"
422.441292868473,-0.42883594540219,0.13464943288145,0.000498329641200643,0.00347666148656146,"ENSG00000182628","ENSG00000182628","SKA2","spindle and kinetochore associated complex subunit 2","348235","Downregulated",2.45883759337639,"SKA2"
354.228623418713,-0.585432697006604,0.196376369439895,0.000500739640973007,0.00348466753333926,"ENSG00000164694","ENSG00000164694","FNDC1","fibronectin type III domain containing 1","84624","Downregulated",2.45783865094442,"FNDC1"
387.933451092652,-0.617957888825021,0.210577854576643,0.000505849092865391,0.00351230590081235,"ENSG00000119922","ENSG00000119922","IFIT2","interferon induced protein with tetratricopeptide repeats 2","3433","Downregulated",2.45440766666987,"IFIT2"
1534.24028308024,-0.289075058563161,0.0867689821087918,0.000505627014545914,0.00351230590081235,"ENSG00000164244","ENSG00000164244","PRRC1","proline rich coiled-coil 1","133619","Downregulated",2.45440766666987,"PRRC1"
237.620129846964,-0.574685279886624,0.191416287798912,0.000508100186831186,0.00352264156542942,"ENSG00000163328","ENSG00000163328","GPR155","G protein-coupled receptor 155","151556","Downregulated",2.45313154474822,"GPR155"
658.925906772704,-0.376947373478391,0.117250756173499,0.000517386450590442,0.00357985961993656,"ENSG00000135414","ENSG00000135414","GDF11","growth differentiation factor 11","10220","Downregulated",2.4461340033791,"GDF11"
2130.58629301596,-0.283086905886715,0.0849710443347078,0.000517670543626187,0.00358003795614537,"ENSG00000159692","ENSG00000159692","CTBP1","C-terminal binding protein 1","1487","Downregulated",2.4461123688709,"CTBP1"
65.9620473616618,-0.91259188533921,0.337682886779147,0.000533186283677486,0.00367450457756652,"ENSG00000092853","ENSG00000092853","CLSPN","claspin","63967","Downregulated",2.43480120725545,"CLSPN"
275.317987980128,-0.520205508516645,0.170453007243786,0.000533897242143016,0.00367757548651097,"ENSG00000068784","ENSG00000068784","SRBD1","S1 RNA binding domain 1","55133","Downregulated",2.43443840410996,"SRBD1"
49.941127299658,-1.44238834037654,0.662319873639634,0.000535830049353029,0.00368905546645983,"ENSG00000107611","ENSG00000107611","CUBN","cubilin","8029","Downregulated",2.4330848149287,"CUBN"
1401.2030249088,-0.334378432200809,0.102381901796487,0.00053680710040434,0.00369330761424527,"ENSG00000110811","ENSG00000110811","P3H3","prolyl 3-hydroxylase 3","10536","Downregulated",2.43258451861342,"P3H3"
783.541733429768,-0.392086166665639,0.12260442522121,0.000539305111845378,0.0037074551314807,"ENSG00000104043","ENSG00000104043","ATP8B4","ATPase phospholipid transporting 8B4 (putative)","79895","Downregulated",2.43092409620471,"ATP8B4"
4907.75189002042,-0.275584354525252,0.0834163015140438,0.000542707850100448,0.00372714969997131,"ENSG00000115504","ENSG00000115504","EHBP1","EH domain binding protein 1","23301","Downregulated",2.42862316357408,"EHBP1"
1136.01271997673,-0.49888004458131,0.164235118170651,0.000545238635432946,0.00373897191908224,"ENSG00000248905","ENSG00000248905","FMN1","formin 1","342184","Downregulated",2.42724779652896,"FMN1"
410.158868749469,-0.440432383716964,0.140469844039491,0.000551105333473384,0.00377546654305864,"ENSG00000110583","ENSG00000110583","NAA40","N-alpha-acetyltransferase 40, NatD catalytic subunit","79829","Downregulated",2.4230293739536,"NAA40"
798.660168035574,-0.361520599091174,0.112082824519167,0.000552443121755529,0.0037827614745108,"ENSG00000143797","ENSG00000143797","MBOAT2","membrane bound glycerophospholipid O-acyltransferase 2","129642","Downregulated",2.42219104268021,"MBOAT2"
1183.14890335392,-0.335445544684418,0.103078510591711,0.000559026527028271,0.0038148642200542,"ENSG00000165156","ENSG00000165156","ZHX1","zinc fingers and homeoboxes 1","11244","Downregulated",2.41852091499104,"ZHX1"
750.913092206134,-0.373051367108417,0.116599782847715,0.000569921816057032,0.00388134960625769,"ENSG00000000003","ENSG00000000003","TSPAN6","tetraspanin 6","7105","Downregulated",2.41101723712849,"TSPAN6"
426.474820005661,-0.546614162068192,0.183086104445417,0.000573161189505013,0.00389957826477662,"ENSG00000214575","ENSG00000214575","CPEB1","cytoplasmic polyadenylation element binding protein 1","64506","Downregulated",2.40898235891815,"CPEB1"
272.233017993315,-0.465429746434608,0.150134732458729,0.000574707348098264,0.00390817916452102,"ENSG00000143748","ENSG00000143748","NVL","nuclear VCP like","4931","Downregulated",2.40802553492786,"NVL"
99.4332666719623,-0.794285495569991,0.288645783290381,0.0005754870236114,0.00391156187358038,"ENSG00000144063","ENSG00000144063","MALL","mal, T cell differentiation protein like","7851","Downregulated",2.40764979563859,"MALL"
1386.13995497516,-0.330271708238838,0.101438855112329,0.000584409474920494,0.00396831499898242,"ENSG00000164307","ENSG00000164307","ERAP1","endoplasmic reticulum aminopeptidase 1","51752","Downregulated",2.40139386149514,"ERAP1"
1076.66740624497,-0.353209618196582,0.109935782344899,0.000596780045423255,0.00404043705399164,"ENSG00000006576","ENSG00000006576","PHTF2","putative homeodomain transcription factor 2","57157","Downregulated",2.3935716547234,"PHTF2"
821.435931024307,-0.360734177114823,0.112399024727943,0.000596683277221826,0.00404043705399164,"ENSG00000057935","ENSG00000057935","MTA3","metastasis associated 1 family member 3","57504","Downregulated",2.3935716547234,"MTA3"
2245.89951517541,-0.375583284791679,0.117930704235439,0.000599280304011769,0.00405538365883746,"ENSG00000119977","ENSG00000119977","TCTN3","tectonic family member 3","26123","Downregulated",2.39196805315832,"TCTN3"
174.69867665562,-0.839287231085262,0.318868282808021,0.000602602602616185,0.00407587577826145,"ENSG00000136244","ENSG00000136244","IL6","interleukin 6","3569","Downregulated",2.38977906059242,"IL6"
288.15199735022,-0.443793217602663,0.14281015894011,0.000608090394873073,0.00410698088818027,"ENSG00000113597","ENSG00000113597","TRAPPC13","trafficking protein particle complex subunit 13","80006","Downregulated",2.38647731812934,"TRAPPC13"
195.057504089974,-0.563412864531402,0.189782869099764,0.00061060508808549,0.00412195612069011,"ENSG00000087842","ENSG00000087842","PIR","pirin","8544","Downregulated",2.38489663571148,"PIR"
573.654460959427,-0.556086664685536,0.188842788905573,0.000615521828598063,0.0041481529751706,"ENSG00000137975","ENSG00000137975","CLCA2","chloride channel accessory 2","9635","Downregulated",2.3821452361192,"CLCA2"
55.4976504585873,-0.946266446674922,0.358031447701494,0.000617141234223217,0.00415393898256414,"ENSG00000142149","ENSG00000142149","HUNK","hormonally up-regulated Neu-associated kinase","30811","Downregulated",2.38153988712935,"HUNK"
51.7605698936116,-1.06978030040132,0.418302064169988,0.000625290893512386,0.00420470960368178,"ENSG00000105088","ENSG00000105088","OLFM2","olfactomedin 2","93145","Downregulated",2.37626399317727,"OLFM2"
403.07585230494,-0.455651647930237,0.148038445935754,0.000627138900077154,0.00421509118145939,"ENSG00000182916","ENSG00000182916","TCEAL7","transcription elongation factor A like 7","56849","Downregulated",2.37519302621685,"TCEAL7"
38.7111814105382,-1.05174750561791,0.407345812587112,0.00063329082699977,0.00425437594347543,"ENSG00000178662","ENSG00000178662","CSRNP3","cysteine and serine rich nuclear protein 3","80034","Downregulated",2.37116413573962,"CSRNP3"
333.174148428513,-0.534919644458876,0.179837767731932,0.000635011330987171,0.00426386726557714,"ENSG00000034693","ENSG00000034693","PEX3","peroxisomal biogenesis factor 3","8504","Downregulated",2.3701963233822,"PEX3"
200.792645833507,-0.600057963920512,0.206940265864637,0.00063879048751835,0.00428509069047281,"ENSG00000095209","ENSG00000095209","TMEM38B","transmembrane protein 38B","55151","Downregulated",2.36803998215266,"TMEM38B"
107.181210426368,-0.969477087050524,0.388267339429008,0.000644217968079765,0.00431731954526957,"ENSG00000177272","ENSG00000177272","KCNA3","potassium voltage-gated channel subfamily A member 3","3738","Downregulated",2.36478580596236,"KCNA3"
41.9953152663878,-1.06338256022624,0.413747998826877,0.000647438118359552,0.00433680274642099,"ENSG00000102575","ENSG00000102575","ACP5","acid phosphatase 5, tartrate resistant","54","Downregulated",2.36283033069631,"ACP5"
486.59728352304,-0.399212678032942,0.127248207780465,0.000647968856099111,0.00433826105153506,"ENSG00000187189","ENSG00000187189","TSPYL4","TSPY like 4","23270","Downregulated",2.3626843181978,"TSPYL4"
233.1214930342,-0.763888846076355,0.284876358762734,0.00065529220698253,0.00438305728598981,"ENSG00000160870","ENSG00000160870","CYP3A7","cytochrome P450 family 3 subfamily A member 7","1551","Downregulated",2.35822285313644,"CYP3A7"
240.814650541407,-0.522246427303048,0.174501882895233,0.00065570355267248,0.00438369297466855,"ENSG00000123411","ENSG00000123411","IKZF4","IKAROS family zinc finger 4","64375","Downregulated",2.35815987059955,"IKZF4"
2735.44234878943,-0.324191113825458,0.100623182447153,0.000656859892942155,0.0043882539458267,"ENSG00000186635","ENSG00000186635","ARAP1","ArfGAP with RhoGAP domain, ankyrin repeat and PH domain 1","116985","Downregulated",2.35770824798884,"ARAP1"
201.985098177638,-0.592465950075303,0.204378932888525,0.000657019044490252,0.0043882539458267,"ENSG00000220785","ENSG00000220785",NA,NA,NA,"Downregulated",2.35770824798884,"ENSG00000220785"
275.230219709786,-0.489892656968366,0.162031969305216,0.000666774162850812,0.00444912042510804,"ENSG00000196214","ENSG00000196214","ZNF766","zinc finger protein 766","90321","Downregulated",2.3517258389694,"ZNF766"
399.048216275098,-0.477625131113975,0.157755465301981,0.000668797380815922,0.00445832751357762,"ENSG00000136261","ENSG00000136261","BZW2","basic leucine zipper and W2 domains 2","28969","Downregulated",2.35082803093992,"BZW2"
160.906887267148,-0.568701030378924,0.193749881821459,0.000670390367460176,0.0044667981262647,"ENSG00000096654","ENSG00000096654","ZNF184","zinc finger protein 184","7738","Downregulated",2.35000367471204,"ZNF184"
1170.20132643428,-0.339177538084035,0.106356907302504,0.00068125583157339,0.00453265701861527,"ENSG00000181722","ENSG00000181722","ZBTB20","zinc finger and BTB domain containing 20","26137","Downregulated",2.34364714230427,"ZBTB20"
896.977095029239,-0.352573771950879,0.110855114074652,0.000689243998563572,0.00457263407184899,"ENSG00000048342","ENSG00000048342","CC2D2A","coiled-coil and C2 domain containing 2A","57545","Downregulated",2.33983355193999,"CC2D2A"
299.354039765482,-0.443100317849802,0.144478727307162,0.00068918167343423,0.00457263407184899,"ENSG00000111203","ENSG00000111203","ITFG2","integrin alpha FG-GAP repeat containing 2","55846","Downregulated",2.33983355193999,"ITFG2"
615.547042442964,-0.386374590800753,0.122895106295473,0.000698461992080569,0.00462493299008342,"ENSG00000101843","ENSG00000101843","PSMD10","proteasome 26S subunit, non-ATPase 10","5716","Downregulated",2.33489455530286,"PSMD10"
54.0565400754651,-1.00360362291665,0.396637617684776,0.000701492953563897,0.00464056842169071,"ENSG00000134259","ENSG00000134259","NGF","nerve growth factor","4803","Downregulated",2.33342881959943,"NGF"
578.512728093819,-0.372557247386533,0.118195038816867,0.000704022545586863,0.00465286049560722,"ENSG00000105771","ENSG00000105771","SMG9","SMG9 nonsense mediated mRNA decay factor","56006","Downregulated",2.33227996850611,"SMG9"
681.169538658474,-0.350819648917518,0.11059497668174,0.000709253716246467,0.00468296677153873,"ENSG00000100099","ENSG00000100099","HPS4","HPS4 biogenesis of lysosomal organelles complex 3 subunit 2","89781","Downregulated",2.32947892378712,"HPS4"
110.187549087504,-0.710977934176776,0.257729011747395,0.000712955287583426,0.00470516539553272,"ENSG00000105655","ENSG00000105655","ISYNA1","inositol-3-phosphate synthase 1","51477","Downregulated",2.3274251056895,"ISYNA1"
1637.38196453639,-0.506703957172437,0.172309538484622,0.000720757960461142,0.00474761624241016,"ENSG00000091490","ENSG00000091490","SEL1L3","SEL1L family member 3","23231","Downregulated",2.32352439303239,"SEL1L3"
688.374921556375,-0.462646029965095,0.153805852120842,0.000735817865330832,0.00483303307849289,"ENSG00000186260","ENSG00000186260","MRTFB","myocardin related transcription factor B","57496","Downregulated",2.31578023243038,"MRTFB"
5927.07815834113,-0.292826430259258,0.0901754862912239,0.000738620935126794,0.00484914615818202,"ENSG00000166340","ENSG00000166340","TPP1","tripeptidyl peptidase 1","1200","Downregulated",2.31433472561116,"TPP1"
54.5906966072867,-0.923902198348911,0.35874325541415,0.000739143747069802,0.00485028086678049,"ENSG00000187987","ENSG00000187987","ZSCAN23","zinc finger and SCAN domain containing 23","222696","Downregulated",2.31423311183874,"ZSCAN23"
175.119167629559,-0.70427001709295,0.258412364925154,0.000740546541487187,0.00485718623685326,"ENSG00000255508","ENSG00000255508",NA,NA,NA,"Downregulated",2.31361524425456,"ENSG00000255508"
12.5943430909475,-1.87400783671496,0.793850838923546,0.000751042632728895,0.00492137108604716,"ENSG00000175928","ENSG00000175928","LRRN1","leucine rich repeat neuronal 1","57633","Downregulated",2.30791388663297,"LRRN1"
325.306256212649,-0.444226155670346,0.145692229537065,0.000757905350374528,0.0049616486777707,"ENSG00000151332","ENSG00000151332","MBIP","MAP3K12 binding inhibitory protein 1","51562","Downregulated",2.30437399030711,"MBIP"
182.981760018085,-0.59407661800019,0.208462465800822,0.00077155819405763,0.00504150165556091,"ENSG00000185480","ENSG00000185480","PARPBP","PARP1 binding protein","55010","Downregulated",2.29744008585839,"PARPBP"
290.145934395364,-0.472648234097456,0.158045144126637,0.000786416458309578,0.00513374738375527,"ENSG00000120318","ENSG00000120318","ARAP3","ArfGAP with RhoGAP domain, ankyrin repeat and PH domain 3","64411","Downregulated",2.28956550546207,"ARAP3"
674.290818937855,-0.417070578881651,0.136953157252959,0.000791827603320793,0.00516663783164918,"ENSG00000103351","ENSG00000103351","CLUAP1","clusterin associated protein 1","23059","Downregulated",2.2867919803411,"CLUAP1"
328.852571486255,-0.42728398691724,0.13988172596491,0.000793499415654561,0.00517510983602662,"ENSG00000007944","ENSG00000007944","MYLIP","myosin regulatory light chain interacting protein","29116","Downregulated",2.28608042834949,"MYLIP"
236.307513626735,-0.539173024178982,0.185747821677512,0.000795853702525417,0.00518071228900881,"ENSG00000087076","ENSG00000087076","HSD17B14","hydroxysteroid 17-beta dehydrogenase 14","51171","Downregulated",2.2856105255985,"HSD17B14"
173.406522181686,-0.556449990437361,0.192183331353665,0.000795501583536553,0.00518071228900881,"ENSG00000139173","ENSG00000139173","TMEM117","transmembrane protein 117","84216","Downregulated",2.2856105255985,"TMEM117"
74.8668333997792,-0.992237564276274,0.410391283947755,0.000816619814216841,0.00530343674097057,"ENSG00000158352","ENSG00000158352","SHROOM4","shroom family member 4","57477","Downregulated",2.27544260701618,"SHROOM4"
708.843048604102,-0.405240051073616,0.132999130018141,0.000820109371930424,0.00532111225916842,"ENSG00000162636","ENSG00000162636","EEIG2","EEIG family member 2","284611","Downregulated",2.27399757869544,"EEIG2"
736.252549944801,-0.569138416967757,0.201387678339412,0.000821116941072034,0.00532515661502916,"ENSG00000184205","ENSG00000184205","TSPYL2","TSPY like 2","64061","Downregulated",2.27366761492345,"TSPYL2"
1085.39710841833,-0.402081057864361,0.131553051046575,0.000823644253826876,0.00533405874476013,"ENSG00000180155","ENSG00000180155","LYNX1","Ly6/neurotoxin 1","66004","Downregulated",2.27294220567189,"LYNX1"
45.2985469983543,-1.02344017296306,0.408235972125904,0.000841049530277349,0.00543661634333665,"ENSG00000172738","ENSG00000172738","TMEM217","transmembrane protein 217","221468","Downregulated",2.264671313651,"TMEM217"
3477.97279885784,-0.3940818664305,0.129367798459414,0.000848030534824303,0.00547408252544481,"ENSG00000108175","ENSG00000108175","ZMIZ1","zinc finger MIZ-type containing 1","57178","Downregulated",2.26168865959759,"ZMIZ1"
88.1795064501926,-0.862341251792011,0.339698530287396,0.000857410698826094,0.00552690924420039,"ENSG00000171877","ENSG00000171877","FRMD5","FERM domain containing 5","84978","Downregulated",2.25751766678544,"FRMD5"
90.7484154733851,-0.783356661261739,0.299639490783727,0.000860567163241055,0.00554467704107754,"ENSG00000145861","ENSG00000145861","C1QTNF2","C1q and TNF related 2","114898","Downregulated",2.25612374498148,"C1QTNF2"
1004.57160036258,-0.332244179628724,0.106254509997533,0.000875889704848156,0.00563292594871953,"ENSG00000198721","ENSG00000198721","ECI2","enoyl-CoA delta isomerase 2","10455","Downregulated",2.24926595802683,"ECI2"
690.800466169281,-0.376558191985582,0.122363462178701,0.000882179404735828,0.00567074414203796,"ENSG00000166402","ENSG00000166402","TUB","TUB bipartite transcription factor","7275","Downregulated",2.24635994717843,"TUB"
286.507873168206,-0.487680322659833,0.166477470370433,0.00089317908250677,0.00573081893725062,"ENSG00000125247","ENSG00000125247","TMTC4","transmembrane O-mannosyltransferase targeting cadherins 4","84899","Downregulated",2.24178331267209,"TMTC4"
52.6927246822503,-0.946857581090377,0.379726732220518,0.000897140677186217,0.0057535736442035,"ENSG00000116299","ENSG00000116299","ELAPOR1","endosome-lysosome associated apoptosis and autophagy regulator 1","57535","Downregulated",2.24006232368138,"ELAPOR1"
1411.49578640879,-0.409893216802734,0.136774410743692,0.000898094756767391,0.00575702832286738,"ENSG00000059573","ENSG00000059573","ALDH18A1","aldehyde dehydrogenase 18 family member A1","5832","Downregulated",2.23980163393991,"ALDH18A1"
152.465726655352,-0.733760301184731,0.280373358446294,0.000903105631391807,0.00578647292901482,"ENSG00000174501","ENSG00000174501","ANKRD36C","ankyrin repeat domain 36C","400986","Downregulated",2.23758607430574,"ANKRD36C"
1313.29117161409,-0.285799062077428,0.0902352881518947,0.000908793624352433,0.00581753849418031,"ENSG00000004487","ENSG00000004487","KDM1A","lysine demethylase 1A","23028","Downregulated",2.23526073434037,"KDM1A"
188.226287378066,-0.525673847613503,0.182846173540017,0.000916785437565601,0.00586328074721812,"ENSG00000162777","ENSG00000162777","DENND2D","DENN domain containing 2D","79961","Downregulated",2.23185931030974,"DENND2D"
31.3758989966928,-1.10615463184607,0.460236105948924,0.000919757099699658,0.00587957271436235,"ENSG00000221994","ENSG00000221994","ZNF630","zinc finger protein 630","57232","Downregulated",2.23065423421933,"ZNF630"
813.582622429574,-0.474923038123941,0.16306739611523,0.000931126892888959,0.00594319671374832,"ENSG00000134986","ENSG00000134986","NREP","neuronal regeneration related protein","9315","Downregulated",2.22597989479958,"NREP"
1782.17657893471,-0.3697119828627,0.12155843691144,0.000938625026113031,0.00598362660391007,"ENSG00000168300","ENSG00000168300","PCMTD1","protein-L-isoaspartate (D-aspartate) O-methyltransferase domain containing 1","115294","Downregulated",2.2230355155649,"PCMTD1"
1693.88897326749,-0.319936019438316,0.102432489742123,0.00094714270257577,0.00603514975402189,"ENSG00000130227","ENSG00000130227","XPO7","exportin 7","23039","Downregulated",2.21931194900682,"XPO7"
1481.1279936947,-0.297210861951118,0.0947486458585201,0.000952605273645335,0.00606716750342404,"ENSG00000154803","ENSG00000154803","FLCN","folliculin","201163","Downregulated",2.21701401481225,"FLCN"
297.487545893277,-0.502418470690172,0.174409045095164,0.000955353323824454,0.00607908251372044,"ENSG00000131435","ENSG00000131435","PDLIM4","PDZ and LIM domain 4","8572","Downregulated",2.21616196172984,"PDLIM4"
2066.36007173701,-0.28285651066031,0.0896933765228949,0.000968560370111105,0.00614627596437308,"ENSG00000114331","ENSG00000114331","ACAP2","ArfGAP with coiled-coil, ankyrin repeat and PH domains 2","23527","Downregulated",2.21138794406113,"ACAP2"
1113.46476196789,-0.509114988542934,0.179128518992304,0.000968497141175495,0.00614627596437308,"ENSG00000174738","ENSG00000174738","NR1D2","nuclear receptor subfamily 1 group D member 2","9975","Downregulated",2.21138794406113,"NR1D2"
7194.05877022363,-0.371596747992389,0.122294413910716,0.000973321336312032,0.00616792885228553,"ENSG00000079819","ENSG00000079819","EPB41L2","erythrocyte membrane protein band 4.1 like 2","2037","Downregulated",2.20986064456119,"EPB41L2"
19.6848367573567,-1.64036419861766,0.836774194494892,0.000974786701170139,0.00617439163232037,"ENSG00000128594","ENSG00000128594","LRRC4","leucine rich repeat containing 4","64101","Downregulated",2.2094058273383,"LRRC4"
2175.7800374472,-0.290196058613833,0.0930984397183809,0.000979189964528882,0.00619661813625834,"ENSG00000196776","ENSG00000196776","CD47","CD47 molecule","961","Downregulated",2.20784526622335,"CD47"
9318.78855560062,-0.313537959770637,0.101839072244339,0.000981722530292012,0.00620697652706067,"ENSG00000038427","ENSG00000038427","VCAN","versican","1462","Downregulated",2.20711989698407,"VCAN"
2511.36757539449,-0.324941153860437,0.105034883509116,0.000981535334676138,0.00620697652706067,"ENSG00000120889","ENSG00000120889","TNFRSF10B","TNF receptor superfamily member 10b","8795","Downregulated",2.20711989698407,"TNFRSF10B"
238.715332192052,-0.565485508969792,0.202980822516041,0.00099444522637636,0.00628168477317683,"ENSG00000076356","ENSG00000076356","PLXNA2","plexin A2","5362","Downregulated",2.20192386110924,"PLXNA2"
156.877550239257,-0.0687959963261941,0.324598327170344,0.000997469762255517,0.00629791956040966,"ENSG00000244731","ENSG00000244731","C4A","complement C4A (Chido/Rodgers blood group)","720","Downregulated",2.20080289064983,"C4A"
98.7082555726474,-0.873730834848417,0.356032722324028,0.00100098842802371,0.00631604547346177,"ENSG00000182985","ENSG00000182985","CADM1","cell adhesion molecule 1","23705","Downregulated",2.19955475187425,"CADM1"
10254.0332265443,-0.285128478235117,0.0904184436403163,0.00100125203154596,0.00631604547346177,"ENSG00000196576","ENSG00000196576","PLXNB2","plexin B2","23654","Downregulated",2.19955475187425,"PLXNB2"
154.077871222249,-0.687706029829259,0.26168205375435,0.00100380256980198,0.00632925378293248,"ENSG00000162745","ENSG00000162745","OLFML2B","olfactomedin like 2B","25903","Downregulated",2.19864749014984,"OLFML2B"
493.407535080716,-0.459743527572579,0.157498212062095,0.00100876167526607,0.0063576298578956,"ENSG00000188158","ENSG00000188158","NHS","NHS actin remodeling regulator","4810","Downregulated",2.19670476037105,"NHS"
2316.39695052716,-0.308434281121612,0.0990502126421338,0.00101374337217569,0.00638032215939278,"ENSG00000077235","ENSG00000077235","GTF3C1","general transcription factor IIIC subunit 1","2975","Downregulated",2.19515739204463,"GTF3C1"
643.793721712149,-0.376271047177869,0.124421678366326,0.00101545868013385,0.00638821690784158,"ENSG00000093072","ENSG00000093072","ADA2","adenosine deaminase 2","51816","Downregulated",2.19462034609032,"ADA2"
815.131379403608,-0.353164247433118,0.115417959047154,0.00102208530046735,0.00642698737712204,"ENSG00000156931","ENSG00000156931","VPS8","VPS8 subunit of CORVET complex","23355","Downregulated",2.19199255306169,"VPS8"
46.0727593911135,-1.17976924771233,0.537373856166972,0.00103171687071766,0.00647579896344027,"ENSG00000288684","ENSG00000288684",NA,NA,NA,"Downregulated",2.18870664207181,"ENSG00000288684"
558.614517440911,-0.364996456700584,0.119912894418859,0.0010392043093179,0.0065198426993376,"ENSG00000076242","ENSG00000076242","MLH1","mutL homolog 1","4292","Downregulated",2.18576288212602,"MLH1"
11158.4701786263,-0.266315029135875,0.0844292548309363,0.00104121094407871,0.00652815298920982,"ENSG00000154096","ENSG00000154096","THY1","Thy-1 cell surface antigen","7070","Downregulated",2.18520967631439,"THY1"
454.718327264877,-0.381728933649115,0.126707200190466,0.00104194201689387,0.00652815298920982,"ENSG00000170456","ENSG00000170456","DENND5B","DENN domain containing 5B","160518","Downregulated",2.18520967631439,"DENND5B"
13.4313234891823,-0.487799703013606,1.81574543423783,0.00104561562161512,0.00654820917305194,"ENSG00000108688","ENSG00000108688","CCL7","C-C motif chemokine ligand 7","6354","Downregulated",2.1838774561307,"CCL7"
797.798287342081,-0.358611675966222,0.11788629499313,0.00105318604285869,0.00658966382301514,"ENSG00000182179","ENSG00000182179","UBA7","ubiquitin like modifier activating enzyme 7","7318","Downregulated",2.18113674072216,"UBA7"
489.877980438805,-0.356033637864221,0.116997861273975,0.00105429062489724,0.00659196553279276,"ENSG00000132535","ENSG00000132535","DLG4","discs large MAGUK scaffold protein 4","1742","Downregulated",2.18098507208719,"DLG4"
89.6977000047457,-0.854571529862238,0.345917582065127,0.00106446024411914,0.00664221275247507,"ENSG00000118997","ENSG00000118997","DNAH7","dynein axonemal heavy chain 7","56171","Downregulated",2.17768721790563,"DNAH7"
764.36218378361,-0.468596942452754,0.161918550418443,0.00107245839455868,0.00668610026549202,"ENSG00000085511","ENSG00000085511","MAP3K4","mitogen-activated protein kinase kinase kinase 4","4216","Downregulated",2.17482711496699,"MAP3K4"
906.546573395911,-0.397044842754993,0.133335419365488,0.00107769947686598,0.0067157540691932,"ENSG00000159388","ENSG00000159388","BTG2","BTG anti-proliferation factor 2","7832","Downregulated",2.17290521609979,"BTG2"
229.535238370382,-0.496211041341728,0.173740696672098,0.00108334358682138,0.00674789158191349,"ENSG00000156239","ENSG00000156239","HEMK2","HemK methyltransferase 2, ETF1 glutamine and histone H4 lysine","29104","Downregulated",2.17083190381779,"HEMK2"
642.960526962135,-0.385615519433443,0.128889104274048,0.00109422458052634,0.00681260487938659,"ENSG00000275066","ENSG00000275066","SYNRG","synergin gamma","11276","Downregulated",2.16668679874271,"SYNRG"
874.296067138294,-0.3451718746869,0.113453760190638,0.00109956164578336,0.00683968799322782,"ENSG00000133424","ENSG00000133424","LARGE1","LARGE xylosyl- and glucuronyltransferase 1","9215","Downregulated",2.16496370908545,"LARGE1"
120.32256038677,-0.593396061301107,0.216776905201411,0.00110844187820633,0.00688565485883531,"ENSG00000112149","ENSG00000112149","CD83","CD83 molecule","9308","Downregulated",2.16205474995256,"CD83"
52.9136997706189,-1.01209518060313,0.438031331931766,0.00112385140236711,0.00697512610183868,"ENSG00000113368","ENSG00000113368","LMNB1","lamin B1","4001","Downregulated",2.15644793646474,"LMNB1"
189.135566398637,-0.54267360998846,0.194998234003624,0.00112531115817238,0.00698105968715805,"ENSG00000111206","ENSG00000111206","FOXM1","forkhead box M1","2305","Downregulated",2.15607864881604,"FOXM1"
1474.85375802297,-0.332962078278747,0.109324763736684,0.00112769383025102,0.00699271086955208,"ENSG00000168264","ENSG00000168264","IRF2BP2","interferon regulatory factor 2 binding protein 2","359948","Downregulated",2.15535442833834,"IRF2BP2"
229.821392470265,-0.638138591657443,0.240883537024424,0.00114030247988245,0.00706457401371964,"ENSG00000127951","ENSG00000127951","FGL2","fibrinogen like 2","10875","Downregulated",2.1509140205201,"FGL2"
3443.23139053285,-0.329177399374192,0.105511303923174,0.00114657324890335,0.00709707845312708,"ENSG00000169554","ENSG00000169554","ZEB2","zinc finger E-box binding homeobox 2","9839","Downregulated",2.14892039392965,"ZEB2"
166.190029461736,-0.599275539732466,0.221477123206879,0.00114627727873734,0.00709707845312708,"ENSG00000188878","ENSG00000188878","FBF1","Fas binding factor 1","85302","Downregulated",2.14892039392965,"FBF1"
825.472021820721,-0.336030683481686,0.110794753633201,0.00115200310545806,0.00712545928206303,"ENSG00000104320","ENSG00000104320","NBN","nibrin","4683","Downregulated",2.14718713732126,"NBN"
863.696702095122,-0.338095540785425,0.111227853860435,0.00115870059141737,0.00715656576976591,"ENSG00000196465","ENSG00000196465","MYL6B","myosin light chain 6B","140465","Downregulated",2.14529533314454,"MYL6B"
1627.48336505706,-0.350928873872442,0.116823734196692,0.00117789247294392,0.00726821539738639,"ENSG00000171862","ENSG00000171862","PTEN","phosphatase and tensin homolog","5728","Downregulated",2.13857221062788,"PTEN"
52.4131954225238,-0.860851481665888,0.351203180808586,0.00118195986820705,0.00728682465012523,"ENSG00000131242","ENSG00000131242","RAB11FIP4","RAB11 family interacting protein 4","84440","Downregulated",2.13746168119557,"RAB11FIP4"
168.885297438137,-0.591757649721638,0.218759809961346,0.00118595047816666,0.00730817593459834,"ENSG00000146409","ENSG00000146409","SLC18B1","solute carrier family 18 member B1","116843","Downregulated",2.13619100613265,"SLC18B1"
366.569989529095,-0.443494416043516,0.15372954037896,0.00119171472663851,0.00734043306510362,"ENSG00000103876","ENSG00000103876","FAH","fumarylacetoacetate hydrolase","2184","Downregulated",2.1342783171634,"FAH"
1752.48130340001,-0.300446689421192,0.097958376192988,0.00120411043440308,0.00741349023118273,"ENSG00000086015","ENSG00000086015","MAST2","microtubule associated serine/threonine kinase 2","23139","Downregulated",2.12997728037765,"MAST2"
490.430391232849,-0.455430091919112,0.158798645106091,0.00120802403537349,0.00743428290685663,"ENSG00000117226","ENSG00000117226","GBP3","guanylate binding protein 3","2635","Downregulated",2.12876091612852,"GBP3"
79.1675530740218,-0.744303586488327,0.293747856860715,0.00122176013677646,0.00750548481187276,"ENSG00000178301","ENSG00000178301","AQP11","aquaporin 11","282679","Downregulated",2.12462124954719,"AQP11"
76.459053832086,-0.706852553945173,0.273639547254457,0.00124080597217236,0.00761910942327722,"ENSG00000243364","ENSG00000243364","EFNA4","ephrin A4","1945","Downregulated",2.11809578918007,"EFNA4"
52.2061408452794,-0.867514594763887,0.358251671721978,0.00126196734781327,0.00773192107574894,"ENSG00000196511","ENSG00000196511","TPK1","thiamin pyrophosphokinase 1","27010","Downregulated",2.11171258771923,"TPK1"
946.615468211408,-0.344854139787756,0.114927612258066,0.00127605342941909,0.00780442386510113,"ENSG00000164172","ENSG00000164172","MOCS2","molybdenum cofactor synthesis 2","4338","Downregulated",2.10765915172299,"MOCS2"
247.782472238373,-0.583318336761212,0.2182805422136,0.0012787751662821,0.0078176202159257,"ENSG00000121653","ENSG00000121653","MAPK8IP1","mitogen-activated protein kinase 8 interacting protein 1","9479","Downregulated",2.10692543164413,"MAPK8IP1"
72.1440989210028,-0.736267759970986,0.290597918919234,0.00128020879993057,0.00782293375583674,"ENSG00000197008","ENSG00000197008","ZNF138","zinc finger protein 138","7697","Downregulated",2.10663034731966,"ZNF138"
835.743402328187,-0.351812643310209,0.117934635018654,0.00128284922987712,0.00783216188408235,"ENSG00000109685","ENSG00000109685","NSD2","nuclear receptor binding SET domain protein 2","7468","Downregulated",2.10611834461693,"NSD2"
277.086101740101,-0.473272980682304,0.167845799185015,0.00130652992924072,0.00795920803927344,"ENSG00000166435","ENSG00000166435","XRRA1","X-ray radiation resistance associated 1","143570","Downregulated",2.09913014347898,"XRRA1"
81.0601995619441,-0.930673638285233,0.411637752691586,0.00130812599068208,0.00796542974730359,"ENSG00000093217","ENSG00000093217","XYLB","xylulokinase","9942","Downregulated",2.09879078836909,"XYLB"
447.726943862077,-0.42290231275666,0.146470822492389,0.00131294153594673,0.00798422849788754,"ENSG00000110442","ENSG00000110442","COMMD9","COMM domain containing 9","29099","Downregulated",2.09776704261852,"COMMD9"
52.8127391977686,-1.21838832597734,0.619120897515529,0.0013150896376863,0.00799378389855017,"ENSG00000064692","ENSG00000064692","SNCAIP","synuclein alpha interacting protein","9627","Downregulated",2.0972475964982,"SNCAIP"
1125.45901525599,-0.293371399065388,0.0962212641195741,0.00132054977070054,0.00802345430606697,"ENSG00000086102","ENSG00000086102","NFX1","nuclear transcription factor, X-box binding 1","4799","Downregulated",2.09563861636886,"NFX1"
73.6495385052571,-0.77855833228685,0.316528895203722,0.00133983020641907,0.0081307028731871,"ENSG00000061337","ENSG00000061337","LZTS1","leucine zipper tumor suppressor 1","11178","Downregulated",2.08987190941797,"LZTS1"
224.143526850643,-0.592923378423396,0.224086988227155,0.00133996142307232,0.0081307028731871,"ENSG00000166448","ENSG00000166448","TMEM130","transmembrane protein 130","222865","Downregulated",2.08987190941797,"TMEM130"
1194.70377822233,-0.303726680080854,0.100511544831387,0.00135765503134752,0.00822725888913216,"ENSG00000151502","ENSG00000151502","VPS26B","VPS26 retromer complex component B","112936","Downregulated",2.08474483642998,"VPS26B"
10574.8530744985,-0.278913264968124,0.0916937070755581,0.00136597743738633,0.00826323932987217,"ENSG00000058262","ENSG00000058262","SEC61A1","SEC61 translocon subunit alpha 1","29927","Downregulated",2.08284966850247,"SEC61A1"
145.227477223533,-0.723050499512129,0.291508611308337,0.00137087111886013,0.008285609610241,"ENSG00000011347","ENSG00000011347","SYT7","synaptotagmin 7","9066","Downregulated",2.08167553303534,"SYT7"
9247.07439001944,-0.231468899658672,0.0752529729127328,0.0013786576288482,0.00832903926687322,"ENSG00000064601","ENSG00000064601","CTSA","cathepsin A","5476","Downregulated",2.07940509044897,"CTSA"
883.711326412463,-0.329353394724719,0.11059236332757,0.00139944664224223,0.00842891395690356,"ENSG00000103145","ENSG00000103145","HCFC1R1","host cell factor C1 regulator 1","54985","Downregulated",2.07422837945697,"HCFC1R1"
1163.64405045424,-0.312999598199989,0.104237108316007,0.00140465723829889,0.00844615904810522,"ENSG00000134574","ENSG00000134574","DDB2","damage specific DNA binding protein 2","1643","Downregulated",2.07334074471266,"DDB2"
706.87899205965,-0.406856741641871,0.141027494121129,0.00140373210897573,0.00844615904810522,"ENSG00000140350","ENSG00000140350","ANP32A","acidic nuclear phosphoprotein 32 family member A","8125","Downregulated",2.07334074471266,"ANP32A"
212.249493472423,-0.735453973879983,0.304446249775079,0.0014052456576779,0.00844615904810522,"ENSG00000164440","ENSG00000164440","TXLNB","taxilin beta","167838","Downregulated",2.07334074471266,"TXLNB"
21.7502212674207,-1.72911199440747,1.12977228103517,0.00141589995981418,0.00850214798226376,"ENSG00000129467","ENSG00000129467","ADCY4","adenylate cyclase 4","196883","Downregulated",2.07047134028618,"ADCY4"
29.9289625386345,-1.21383336495525,0.588343276747007,0.00142014060636386,0.00852391886686738,"ENSG00000145242","ENSG00000145242","EPHA5","EPH receptor A5","2044","Downregulated",2.06936069267903,"EPHA5"
494.475188374904,-0.3441761009915,0.116236568992434,0.00144056960632468,0.00863905416445426,"ENSG00000186814","ENSG00000186814","ZSCAN30","zinc finger and SCAN domain containing 30","100101467","Downregulated",2.06353380308174,"ZSCAN30"
190.329407542638,-0.735446545614391,0.306516632132308,0.0014940073502227,0.00892535677238943,"ENSG00000165197","ENSG00000165197","VEGFD","vascular endothelial growth factor D","2277","Downregulated",2.04937441485911,"VEGFD"
174.91313199661,-0.584380424064782,0.221992995587186,0.00149918054375235,0.00894409950747472,"ENSG00000103034","ENSG00000103034","NDRG4","NDRG family member 4","65009","Downregulated",2.04846337769258,"NDRG4"
800.263823911789,-0.367142005518224,0.126490983996789,0.00151489056616483,0.00902616868292275,"ENSG00000106571","ENSG00000106571","GLI3","GLI family zinc finger 3","2737","Downregulated",2.04449655455418,"GLI3"
77.1435757493043,-0.72941687461855,0.295798481362049,0.00151699143768231,0.00903480203473963,"ENSG00000186310","ENSG00000186310","NAP1L3","nucleosome assembly protein 1 like 3","4675","Downregulated",2.04408135900367,"NAP1L3"
1426.70182269284,-0.299933355407516,0.100048695690089,0.00152025872874724,0.00905037187358589,"ENSG00000180817","ENSG00000180817","PPA1","inorganic pyrophosphatase 1","5464","Downregulated",2.04333357556516,"PPA1"
84.1008383606345,-0.733181835208938,0.300342630903861,0.00153716599099446,0.00914709466259865,"ENSG00000073146","ENSG00000073146","MOV10L1","Mov10 like RNA helicase 1","54456","Downregulated",2.03871682641058,"MOV10L1"
2353.0902430097,-0.273388599568525,0.0905734483128366,0.00154061236514873,0.00916366814102843,"ENSG00000134779","ENSG00000134779","TPGS2","tubulin polyglutamylase complex subunit 2","25941","Downregulated",2.03793064701754,"TPGS2"
114.426901471403,-0.639794609785656,0.250799155677572,0.00154629870800933,0.00919354517130041,"ENSG00000008517","ENSG00000008517","IL32","interleukin 32","9235","Downregulated",2.03651698573695,"IL32"
186.58653158454,-0.817340328414403,0.340993230139116,0.00155254374523752,0.00922671688046602,"ENSG00000243137","ENSG00000243137","PSG4","pregnancy specific beta-1-glycoprotein 4","5672","Downregulated",2.03495280540352,"PSG4"
828.449356407492,-0.349555472748067,0.120112841116876,0.00159096430246199,0.00943999833107157,"ENSG00000155363","ENSG00000155363","MOV10","Mov10 RNA helicase","4343","Downregulated",2.02502808248228,"MOV10"
475.032029639329,-0.409868580488233,0.14448740886161,0.00159441774632451,0.00945125558011606,"ENSG00000184922","ENSG00000184922","FMNL1","formin like 1","752","Downregulated",2.02451049251783,"FMNL1"
747.444512134563,-0.349440740296253,0.119792363231798,0.00160892672545569,0.00953318319285612,"ENSG00000171467","ENSG00000171467","ZNF318","zinc finger protein 318","24149","Downregulated",2.02076206134876,"ZNF318"
474.203403469118,-0.473792610856177,0.17318649031256,0.00161745532203179,0.00957434828412785,"ENSG00000177595","ENSG00000177595","PIDD1","p53-induced death domain protein 1","55367","Downregulated",2.01889077832433,"PIDD1"
1221.29850620458,-0.292427599250917,0.0980863022571144,0.00162873168192291,0.00963405564650856,"ENSG00000091164","ENSG00000091164","TXNL1","thioredoxin like 1","9352","Downregulated",2.01619084952026,"TXNL1"
3226.57494021239,-0.293544425348837,0.0988135367360035,0.00164227610059171,0.00970174956440772,"ENSG00000111670","ENSG00000111670","GNPTAB","N-acetylglucosamine-1-phosphate transferase subunits alpha and beta","79158","Downregulated",2.01314994020259,"GNPTAB"
1205.74959447944,-0.40643718218024,0.144189499592168,0.00164187528826212,0.00970174956440772,"ENSG00000130517","ENSG00000130517","PGPEP1","pyroglutamyl-peptidase I","54858","Downregulated",2.01314994020259,"PGPEP1"
118.723609619799,-0.759886066079409,0.322714539697403,0.00164093161107471,0.00970174956440772,"ENSG00000132326","ENSG00000132326","PER2","period circadian regulator 2","8864","Downregulated",2.01314994020259,"PER2"
824.875515762181,-0.374645105521274,0.13140319690414,0.00164596278308923,0.00971524625674347,"ENSG00000130881","ENSG00000130881","LRP3","LDL receptor related protein 3","4037","Downregulated",2.01254618666591,"LRP3"
1738.14783294119,-0.41725252156462,0.14898787117552,0.00166254110436106,0.0098005772715185,"ENSG00000155760","ENSG00000155760","FZD7","frizzled class receptor 7","8324","Downregulated",2.00874834283287,"FZD7"
944.824430785966,-0.348070004571497,0.119479592904158,0.00167107491072207,0.00984251049200897,"ENSG00000147044","ENSG00000147044","CASK","calcium/calmodulin dependent serine protein kinase","8573","Downregulated",2.0068941135843,"CASK"
575.714334889395,-0.368771479572332,0.128197176579937,0.00168632030555763,0.0099196575189827,"ENSG00000171497","ENSG00000171497","PPID","peptidylprolyl isomerase D","5481","Downregulated",2.00350332181594,"PPID"
958.150350416581,-0.346832213987725,0.119958800206663,0.00172065047084384,0.0101099576145034,"ENSG00000004975","ENSG00000004975","DVL2","dishevelled segment polarity protein 2","1856","Downregulated",1.99525066516329,"DVL2"
730.30085955147,-0.305402540525925,0.10351315567941,0.001720859370273,0.0101099576145034,"ENSG00000080546","ENSG00000080546","SESN1","sestrin 1","27244","Downregulated",1.99525066516329,"SESN1"
420.05513060511,-0.371473824087824,0.129553375062455,0.00172632442649075,0.0101377670452268,"ENSG00000178028","ENSG00000178028","DMAP1","DNA methyltransferase 1 associated protein 1","55929","Downregulated",1.99405769260906,"DMAP1"
750.596239131292,-0.36382591863625,0.12660963074307,0.0017294008894044,0.010151531946741,"ENSG00000073711","ENSG00000073711","PPP2R3A","protein phosphatase 2 regulatory subunit B''alpha","5523","Downregulated",1.99346841432092,"PPP2R3A"
795.918860394042,-0.939038840389118,0.445961268606221,0.00176243218924501,0.0103192005537586,"ENSG00000171617","ENSG00000171617","ENC1","ectodermal-neural cortex 1","8507","Downregulated",1.98635394694716,"ENC1"
715.930503829272,-0.3956380175348,0.140561472953516,0.00177654176167123,0.0103842649831301,"ENSG00000105755","ENSG00000105755","ETHE1","ETHE1 persulfide dioxygenase","23474","Downregulated",1.9836242381821,"ETHE1"
2263.69005233949,-0.325796511657172,0.110738756988172,0.00179137057415711,0.0104577105253763,"ENSG00000198700","ENSG00000198700","IPO9","importin 9","55705","Downregulated",1.98056338382704,"IPO9"
2582.98715293608,-0.255865344809765,0.0854022615251213,0.00180984888130782,0.0105566900867193,"ENSG00000177628","ENSG00000177628","GBA1","glucosylceramidase beta 1","2629","Downregulated",1.97647222786291,"GBA1"
687.899074173763,-0.454461339087674,0.16704113779718,0.00182214697437243,0.0106105608898435,"ENSG00000136717","ENSG00000136717","BIN1","bridging integrator 1","274","Downregulated",1.97426165804724,"BIN1"
37.1895027050961,-1.10997532668404,0.560815245491881,0.00183047300162389,0.0106545675470414,"ENSG00000091831","ENSG00000091831","ESR1","estrogen receptor 1","2099","Downregulated",1.97246417295542,"ESR1"
2304.56111522749,-0.316357740103258,0.108889370707976,0.00186443838139356,0.0108477126480828,"ENSG00000106538","ENSG00000106538","RARRES2","retinoic acid receptor responder 2","5919","Downregulated",1.96466182762569,"RARRES2"
2084.39001754915,-0.283605100885264,0.0962216467001755,0.00187768032160667,0.0109110153363299,"ENSG00000166479","ENSG00000166479","TMX3","thioredoxin related transmembrane protein 3","54495","Downregulated",1.96213483378856,"TMX3"
2323.0172308536,-0.366209836479807,0.128851417337891,0.00188521468597201,0.0109456180699146,"ENSG00000168137","ENSG00000168137","SETD5","SET domain containing 5","55209","Downregulated",1.96075970995036,"SETD5"
357.099825976527,-0.605863253989327,0.245752171102347,0.00188466004228276,0.0109456180699146,"ENSG00000183010","ENSG00000183010","PYCR1","pyrroline-5-carboxylate reductase 1","5831","Downregulated",1.96075970995036,"PYCR1"
69.6762150973104,-0.752130770007915,0.319255189267374,0.00188621031220774,0.0109468126955139,"ENSG00000271943","ENSG00000271943",NA,NA,NA,"Downregulated",1.96071231281006,"ENSG00000271943"
119.758259490635,-0.56518315968861,0.218629015750379,0.0018909681978154,0.010965241947081,"ENSG00000034533","ENSG00000034533","ASTE1","asteroid structure-specific endonuclease 1","28990","Downregulated",1.95998178121191,"ASTE1"
704.772399965997,-0.341335237258942,0.118751908486953,0.00190101048901188,0.0110142576786018,"ENSG00000172346","ENSG00000172346","CSDC2","cold shock domain containing C2","27254","Downregulated",1.95804476741477,"CSDC2"
1371.07046705259,-0.306284990336109,0.104891219335067,0.00191557522131685,0.0110940062650356,"ENSG00000066739","ENSG00000066739","ATG2B","autophagy related 2B","55102","Downregulated",1.95491159320122,"ATG2B"
155.016279386572,-0.568859324184954,0.222618777588758,0.00192396245149682,0.0111318018456498,"ENSG00000073111","ENSG00000073111","MCM2","minichromosome maintenance complex component 2","4171","Downregulated",1.9534345330339,"MCM2"
237.653820057466,-0.497689509776573,0.188272141706888,0.00193772837234731,0.0111989063854718,"ENSG00000213930","ENSG00000213930","GALT","galactose-1-phosphate uridylyltransferase","2592","Downregulated",1.95082438571772,"GALT"
1414.5363733106,-0.274605207923182,0.0932068654678252,0.00195160514849242,0.0112744042321619,"ENSG00000197006","ENSG00000197006","METTL9","methyltransferase 9, His-X-His N1(pi)-histidine","51108","Downregulated",1.94790639805494,"METTL9"
136.262791442562,-0.602992104521727,0.241231400219014,0.00196407379447538,0.0113228364050059,"ENSG00000134780","ENSG00000134780","DAGLA","diacylglycerol lipase alpha","747","Downregulated",1.94604476742863,"DAGLA"
7327.92772005726,-0.234194912651083,0.0782466397566596,0.00197295701018303,0.0113607354611635,"ENSG00000079308","ENSG00000079308","TNS1","tensin 1","7145","Downregulated",1.94459355274595,"TNS1"
60.346887715988,-0.895513536221043,0.417909072403705,0.00197213354351347,0.0113607354611635,"ENSG00000173114","ENSG00000173114","LRRN3","leucine rich repeat neuronal 3","54674","Downregulated",1.94459355274595,"LRRN3"
1699.87454673711,-0.309788280426505,0.106870637335366,0.00199178056223029,0.0114492272135834,"ENSG00000169756","ENSG00000169756","LIMS1","LIM zinc finger domain containing 1","3987","Downregulated",1.94122382583088,"LIMS1"
598.342241087508,-0.360903823397525,0.127612800033089,0.0020061808922859,0.0115224454977995,"ENSG00000172331","ENSG00000172331","BPGM","bisphosphoglycerate mutase","669","Downregulated",1.93845533745043,"BPGM"
68.7792647942317,-0.76257654233667,0.328805744024858,0.00201238498614888,0.0115532906060635,"ENSG00000178878","ENSG00000178878","APOLD1","apolipoprotein L domain containing 1","81575","Downregulated",1.93729430248012,"APOLD1"
1006.91829333858,-0.282226732802295,0.0961697010706933,0.00201833133023787,0.0115826310168806,"ENSG00000134202","ENSG00000134202","GSTM3","glutathione S-transferase mu 3","2947","Downregulated",1.93619277857687,"GSTM3"
2431.07372531413,-0.293874209852822,0.101047472329047,0.00202070277395029,0.0115866444949016,"ENSG00000187735","ENSG00000187735","TCEA1","transcription elongation factor A1","6917","Downregulated",1.93604231799175,"TCEA1"
439.56910721228,-0.494838252862022,0.188774522867005,0.0020237252284705,0.0115991761544138,"ENSG00000133321","ENSG00000133321","PLAAT4","phospholipase A and acyltransferase 4","5920","Downregulated",1.93557285597118,"PLAAT4"
320.810614023758,-0.580096707816777,0.234390128176184,0.00207779400779598,0.0118872786478331,"ENSG00000166123","ENSG00000166123","GPT2","glutamic--pyruvic transaminase 2","84706","Downregulated",1.92491755694578,"GPT2"
620.617066437307,-0.340605242616576,0.119236755352906,0.00208956524173991,0.0119468996226375,"ENSG00000130511","ENSG00000130511","SSBP4","single stranded DNA binding protein 4","170463","Downregulated",1.92274478521621,"SSBP4"
99.5832159390514,-0.605191231334546,0.242511418160294,0.00209387518242665,0.0119666045992787,"ENSG00000198768","ENSG00000198768","APCDD1L","APC down-regulated 1 like","164284","Downregulated",1.92202905869794,"APCDD1L"
1414.19158785666,-0.347795952217043,0.123041001330301,0.0021004397177136,0.011999173144185,"ENSG00000184867","ENSG00000184867","ARMCX2","armadillo repeat containing X-linked 2","9823","Downregulated",1.92084867989322,"ARMCX2"
674.080017509893,-0.330250756654627,0.115611851602634,0.00210303158719714,0.012009029570237,"ENSG00000079150","ENSG00000079150","FKBP7","FKBP prolyl isomerase 7","51661","Downregulated",1.92049208579602,"FKBP7"
142.548403346885,-0.826016169838786,0.394669381590273,0.00210899333558403,0.012038113112792,"ENSG00000104824","ENSG00000104824","HNRNPL","heterogeneous nuclear ribonucleoprotein L","3191","Downregulated",1.91944158026437,"HNRNPL"
257.10034248393,-0.419960335113259,0.153488535240715,0.00211760569733741,0.0120673920063319,"ENSG00000171163","ENSG00000171163","ZNF692","zinc finger protein 692","55657","Downregulated",1.91838657908594,"ZNF692"
295.52290034603,-0.572698357670042,0.231950652916117,0.0021243475257884,0.0121008353308267,"ENSG00000160867","ENSG00000160867","FGFR4","fibroblast growth factor receptor 4","2264","Downregulated",1.91718464893588,"FGFR4"
536.144886332795,-0.37027998303936,0.132607516589811,0.0021329022988868,0.0121445739360198,"ENSG00000128534","ENSG00000128534","LSM8","LSM8 homolog, U6 small nuclear RNA associated","51691","Downregulated",1.91561771679803,"LSM8"
351.387818503101,-0.411205898030049,0.150430985861187,0.00215141397201934,0.0122198550156623,"ENSG00000168769","ENSG00000168769","TET2","tet methylcytosine dioxygenase 2","54790","Downregulated",1.91293394681616,"TET2"
617.323746934327,-0.496487378845939,0.192727861312864,0.00222837911112538,0.0126182830370581,"ENSG00000249992","ENSG00000249992","TMEM158","transmembrane protein 158","25907","Downregulated",1.89899973528684,"TMEM158"
502.786420174528,-0.339647426104914,0.120283016914047,0.00225270125090476,0.0127325394112109,"ENSG00000120278","ENSG00000120278","PLEKHG1","pleckstrin homology and RhoGEF domain containing G1","57480","Downregulated",1.8950849708718,"PLEKHG1"
224.361077213512,-0.480865063149868,0.183159785900828,0.00225580601364303,0.0127448901520908,"ENSG00000081665","ENSG00000081665","ZNF506","zinc finger protein 506","440515","Downregulated",1.89466390335253,"ZNF506"
796.01134555313,-0.4225209659996,0.156854893730625,0.00227181580668465,0.0128196641957828,"ENSG00000182568","ENSG00000182568","SATB1","SATB homeobox 1","6304","Downregulated",1.89212335077887,"SATB1"
2452.11060718014,-0.246389950646853,0.0830995998715557,0.00230570885860317,0.0129792116455651,"ENSG00000010322","ENSG00000010322","NISCH","nischarin","11188","Downregulated",1.886751685685,"NISCH"
777.882844391373,-0.399790665860851,0.146889056496143,0.00230899892299064,0.012992454759938,"ENSG00000163071","ENSG00000163071","SPATA18","spermatogenesis associated 18","132671","Downregulated",1.88630878672704,"SPATA18"
142.512757621604,-0.583842804313694,0.238844819656753,0.00232466473976208,0.0130646912523774,"ENSG00000141448","ENSG00000141448","GATA6","GATA binding protein 6","2627","Downregulated",1.88390084915695,"GATA6"
2920.8580031484,-0.247979094362443,0.0850325215177698,0.00234614630948986,0.0131587380425819,"ENSG00000073584","ENSG00000073584","SMARCE1","SWI/SNF related BAF chromatin remodeling complex subunit E1","6605","Downregulated",1.88078575870249,"SMARCE1"
1026.76963020025,-0.308737447500487,0.108488103548852,0.00238105472458507,0.013338333641077,"ENSG00000035681","ENSG00000035681","NSMAF","neutral sphingomyelinase activation associated factor","8439","Downregulated",1.87489842346959,"NSMAF"
250.352652877183,-0.466566218446548,0.177816857254005,0.00238012994274689,0.013338333641077,"ENSG00000173480","ENSG00000173480","ZNF417","zinc finger protein 417","147687","Downregulated",1.87489842346959,"ZNF417"
253.690507668787,-0.493120109620881,0.191377392666533,0.00238253229579838,0.0133412182171595,"ENSG00000175764","ENSG00000175764","TTLL11","tubulin tyrosine ligase like 11","158135","Downregulated",1.87480451218601,"TTLL11"
66.7054930707303,-0.709321205059224,0.30766581755867,0.00240544309632731,0.0134423531741936,"ENSG00000049089","ENSG00000049089","COL9A2","collagen type IX alpha 2 chain","1298","Downregulated",1.87152469846146,"COL9A2"
246.642658272736,-0.438317274917191,0.164919185622706,0.00243287200097785,0.0135792078379186,"ENSG00000176225","ENSG00000176225","RTTN","rotatin","25914","Downregulated",1.86712556449258,"RTTN"
1134.29720665558,-0.291083946171608,0.102679250771493,0.00243808239772608,0.0136028115741086,"ENSG00000168938","ENSG00000168938","PPIC","peptidylprolyl isomerase C","5480","Downregulated",1.86637131773845,"PPIC"
2473.21188599245,-0.306412867895984,0.10826469938029,0.00244113252200036,0.0136143483389952,"ENSG00000103855","ENSG00000103855","CD276","CD276 molecule","80381","Downregulated",1.86600314165796,"CD276"
263.203247349307,-0.41233895232115,0.153012431106541,0.00244723799082387,0.0136429088152968,"ENSG00000188827","ENSG00000188827","SLX4","SLX4 structure-specific endonuclease subunit","84464","Downregulated",1.86509302353951,"SLX4"
985.101676884011,-0.311229695909589,0.109911508973566,0.00244898172895803,0.0136471402419097,"ENSG00000134255","ENSG00000134255","CEPT1","choline/ethanolamine phosphotransferase 1","10390","Downregulated",1.86495834549335,"CEPT1"
1570.53783646917,-0.285917237776539,0.100045803156495,0.00245384918920292,0.0136687684538438,"ENSG00000141258","ENSG00000141258","SGSM2","small G protein signaling modulator 2","9905","Downregulated",1.86427061328837,"SGSM2"
366.644087301535,-0.381773100142517,0.139795785682654,0.00249857194525693,0.0138936585915214,"ENSG00000089050","ENSG00000089050","RBBP9","RB binding protein 9, serine hydrolase","10741","Downregulated",1.85718337723653,"RBBP9"
686.201093334702,-0.30232254646305,0.106628111958845,0.00249911357403662,0.0138936585915214,"ENSG00000118508","ENSG00000118508","RAB32","RAB32, member RAS oncogene family","10981","Downregulated",1.85718337723653,"RAB32"
28.9740631488923,-1.21422946903803,0.779354374963452,0.00250023699597767,0.0138936585915214,"ENSG00000188501","ENSG00000188501","LCTL","lactase like","197021","Downregulated",1.85718337723653,"LCTL"
3601.94361880036,-0.371854146330659,0.136229685892866,0.00250573325543942,0.0139130437448457,"ENSG00000119938","ENSG00000119938","PPP1R3C","protein phosphatase 1 regulatory subunit 3C","5507","Downregulated",1.85657784937626,"PPP1R3C"
58.7421862405392,-0.772798368602351,0.351274526538253,0.0025294333410993,0.0140221666697181,"ENSG00000197959","ENSG00000197959","DNM3","dynamin 3","26052","Downregulated",1.85318487509971,"DNM3"
559.223140131292,-0.345794007781911,0.124619394207002,0.00252905451597807,0.0140221666697181,"ENSG00000198040","ENSG00000198040","ZNF84","zinc finger protein 84","7637","Downregulated",1.85318487509971,"ZNF84"
3386.21355238724,-0.330417998776476,0.117955083613787,0.00262217937226925,0.0145015099442456,"ENSG00000138434","ENSG00000138434","ITPRID2","ITPR interacting domain containing 2","6744","Downregulated",1.8385867752607,"ITPRID2"
742.309305824385,-0.337338023034667,0.121860957224191,0.00263270166827031,0.0145538632812816,"ENSG00000180573","ENSG00000180573","H2AC6","H2A clustered histone 6","8334","Downregulated",1.83702170914961,"H2AC6"
1280.61354041616,-0.264939447748637,0.0930892727609934,0.00267104901338742,0.0147541125055943,"ENSG00000177951","ENSG00000177951","BET1L","Bet1 golgi vesicular membrane trafficking protein like","51272","Downregulated",1.83108690920809,"BET1L"
935.79557762341,-0.408328162217095,0.153984919089171,0.00268150786738887,0.0148059830813316,"ENSG00000079102","ENSG00000079102","RUNX1T1","RUNX1 partner transcriptional co-repressor 1","862","Downregulated",1.82956275121807,"RUNX1T1"
236.430678738848,-0.424837513224165,0.160308456702131,0.00268537869822188,0.0148214509672071,"ENSG00000100150","ENSG00000100150","DEPDC5","DEP domain containing 5, GATOR1 subcomplex subunit","9681","Downregulated",1.82910927839408,"DEPDC5"
106.185489522242,-0.647667352430357,0.280434887394356,0.00270185177781957,0.014882736005088,"ENSG00000124749","ENSG00000124749","COL21A1","collagen type XXI alpha 1 chain","81578","Downregulated",1.82731722183552,"COL21A1"
57.4310643889644,-0.815603948192762,0.383588329670114,0.00270622476106739,0.0149009014555554,"ENSG00000177453","ENSG00000177453","NIM1K","NIM1 serine/threonine protein kinase","167359","Downregulated",1.82678745740444,"NIM1K"
417.501340252817,-0.345436109319805,0.125165184657823,0.00271129651230147,0.0149051401681817,"ENSG00000013523","ENSG00000013523","ANGEL1","angel homolog 1","23357","Downregulated",1.82666393549974,"ANGEL1"
1160.94268200874,-0.272056309849857,0.0956227207230326,0.00272994225915003,0.0149838692156674,"ENSG00000106683","ENSG00000106683","LIMK1","LIM domain kinase 1","3984","Downregulated",1.82437602628697,"LIMK1"
31.4270935295685,-1.02309730919331,0.532067600855431,0.00273246263730919,0.0149865594420001,"ENSG00000121621","ENSG00000121621","KIF18A","kinesin family member 18A","81930","Downregulated",1.82429805940383,"KIF18A"
14.2810140435077,-0.370299583477112,0.720830105414524,0.00273259511580448,0.0149865594420001,"ENSG00000249319","ENSG00000249319",NA,NA,NA,"Downregulated",1.82429805940383,"ENSG00000249319"
856.867149644001,-0.3109912481894,0.111559194901322,0.00279163256059059,0.0152560077512717,"ENSG00000111615","ENSG00000111615","KRR1","KRR1 small subunit processome component","11103","Downregulated",1.81655909930568,"KRR1"
16.6957853514562,-1.47793113563025,1.05131703306456,0.00282638746837096,0.0154170849025817,"ENSG00000176387","ENSG00000176387","HSD11B2","hydroxysteroid 11-beta dehydrogenase 2","3291","Downregulated",1.81199773590929,"HSD11B2"
888.039349163583,-0.307575967831061,0.110495564525666,0.00282666950988239,0.0154170849025817,"ENSG00000179833","ENSG00000179833","SERTAD2","SERTA domain containing 2","9792","Downregulated",1.81199773590929,"SERTAD2"
1535.52075765782,-0.279683381703231,0.0988155808074669,0.00283826577169641,0.0154742428520616,"ENSG00000132002","ENSG00000132002","DNAJB1","DnaJ heat shock protein family (Hsp40) member B1","3337","Downregulated",1.81039059162714,"DNAJB1"
5131.12308880254,-0.268434993011735,0.0950153581520166,0.00284471705750126,0.0155033164372434,"ENSG00000015479","ENSG00000015479","MATR3","matrin 3","9782","Downregulated",1.80957538851814,"MATR3"
2046.71037923231,-0.255315706937357,0.0899645148965356,0.00284880214254332,0.015519476766316,"ENSG00000111481","ENSG00000111481","COPZ1","coat protein complex I subunit zeta 1","22818","Downregulated",1.80912292491625,"COPZ1"
1164.18394019775,-0.351305411252227,0.128427488785398,0.00285060632787976,0.0155232035748863,"ENSG00000130707","ENSG00000130707","ASS1","argininosuccinate synthase 1","445","Downregulated",1.80901864703901,"ASS1"
260.119951612174,-0.422014356521066,0.161052769173136,0.00289921340828247,0.0157631222539768,"ENSG00000110881","ENSG00000110881","ASIC1","acid sensing ion channel subunit 1","41","Downregulated",1.8023577561756,"ASIC1"
89.1619064654695,-0.709961771234793,0.325501470283154,0.00291807183698953,0.0158594343485639,"ENSG00000127528","ENSG00000127528","KLF2","KLF transcription factor 2","10365","Downregulated",1.79971230653154,"KLF2"
28.7880932065718,-1.04899648962467,0.574546492277142,0.00292310271985628,0.0158743262517587,"ENSG00000227268","ENSG00000227268","KLLN","killin, p53 regulated DNA replication inhibitor","100144748","Downregulated",1.79930469824719,"KLLN"
544.207912686343,-1.06125920243349,0.663135870454149,0.00293111861938721,0.0159116227755924,"ENSG00000172348","ENSG00000172348","RCAN2","regulator of calcineurin 2","10231","Downregulated",1.79828552578738,"RCAN2"
600.291168914282,-0.471517100650567,0.187445870002769,0.00294288653599175,0.0159692500009043,"ENSG00000138386","ENSG00000138386","NAB1","NGFI-A binding protein 1","4664","Downregulated",1.79671548011182,"NAB1"
325.785824285913,-0.661194109987591,0.30186307789687,0.00294780104457294,0.0159777853401216,"ENSG00000177694","ENSG00000177694","NAALADL2","N-acetylated alpha-linked acidic dipeptidase like 2","254827","Downregulated",1.79648341783926,"NAALADL2"
1284.97483870861,-0.308387828053085,0.111317112697825,0.00295242322466198,0.0159959474083622,"ENSG00000155827","ENSG00000155827","RNF20","ring finger protein 20","56254","Downregulated",1.79599003241396,"RNF20"
5470.67085220461,-0.219101361684964,0.0764172742261044,0.00295457020950308,0.015996682905142,"ENSG00000117523","ENSG00000117523","PRRC2C","proline rich coiled-coil 2C","23215","Downregulated",1.7959700639281,"PRRC2C"
2319.62320380188,-0.306929624945456,0.11079328977273,0.00295486746786662,0.015996682905142,"ENSG00000183762","ENSG00000183762","KREMEN1","kringle containing transmembrane protein 1","83999","Downregulated",1.7959700639281,"KREMEN1"
106.723953472072,-0.648747643866668,0.286690950783344,0.00298896326070315,0.0161686345941003,"ENSG00000256664","ENSG00000256664",NA,NA,NA,"Downregulated",1.79132665376616,"ENSG00000256664"
2026.509589664,-0.270461830028381,0.0963331671206361,0.00303985159972813,0.0164118828674064,"ENSG00000103353","ENSG00000103353","UBFD1","ubiquitin family domain containing 1","56061","Downregulated",1.78484159127986,"UBFD1"
556.059775549424,-0.447080480128456,0.175596113621754,0.00306437985532437,0.0165314287329468,"ENSG00000219481","ENSG00000219481","NBPF1","NBPF member 1","55672","Downregulated",1.78168961079509,"NBPF1"
550.93406153443,-0.338273569071935,0.124535125894576,0.00308089321787108,0.0166075842498931,"ENSG00000243927","ENSG00000243927","MRPS6","mitochondrial ribosomal protein S6","64968","Downregulated",1.7796935357149,"MRPS6"
2799.13513089836,-0.283260132070749,0.101598301696363,0.0030822515069248,0.016608446203138,"ENSG00000176046","ENSG00000176046","NUPR1","nuclear protein 1, transcriptional regulator","26471","Downregulated",1.77967099590308,"NUPR1"
412.089081790568,-0.377689565554766,0.142016761740516,0.00309221947664359,0.0166556819769932,"ENSG00000095002","ENSG00000095002","MSH2","mutS homolog 2","4436","Downregulated",1.77843758015796,"MSH2"
8917.77178415135,-0.200500486616287,0.0693052111023987,0.00309415473078586,0.016659631085455,"ENSG00000138674","ENSG00000138674","SEC31A","SEC31 homolog A, COPII component","22872","Downregulated",1.77833461993554,"SEC31A"
196.852175031698,-0.652784737482741,0.297069061901636,0.00310973548338707,0.0167305217640766,"ENSG00000172296","ENSG00000172296","SPTLC3","serine palmitoyltransferase long chain base subunit 3","55304","Downregulated",1.7764905147623,"SPTLC3"
167.800973665113,-0.545590650592958,0.227084976524577,0.00311516901025144,0.0167532508005723,"ENSG00000196150","ENSG00000196150","ZNF250","zinc finger protein 250","58500","Downregulated",1.77590090995441,"ZNF250"
103.06892904011,-0.576134206618025,0.242849183092976,0.00311962358703351,0.0167706994929004,"ENSG00000241058","ENSG00000241058","NSUN6","NOP2/Sun RNA methyltransferase 6","221078","Downregulated",1.77544882292931,"NSUN6"
160.961089861604,-0.599643487678491,0.25987682133593,0.00312465711520615,0.016791245816069,"ENSG00000105997","ENSG00000105997","HOXA3","homeobox A3","3200","Downregulated",1.77491708045681,"HOXA3"
602.627184029825,-0.344425770130505,0.126784489039095,0.00312905501278508,0.0168083617915459,"ENSG00000100625","ENSG00000100625","SIX4","SIX homeobox 4","51804","Downregulated",1.77447461253089,"SIX4"
15.48171666966,-1.2710861587355,0.739917024401805,0.00313066465396883,0.0168104926150151,"ENSG00000064201","ENSG00000064201","TSPAN32","tetraspanin 32","10077","Downregulated",1.77441955979979,"TSPAN32"
67.6016789033443,-0.661049998691978,0.292691856277996,0.0031414810754101,0.0168620395910568,"ENSG00000178401","ENSG00000178401","DNAJC22","DnaJ heat shock protein family (Hsp40) member C22","79962","Downregulated",1.77308989533595,"DNAJC22"
421.812958913773,-0.46668675038295,0.186236747134067,0.00315336915292443,0.0168931360998762,"ENSG00000104447","ENSG00000104447","TRPS1","transcriptional repressor GATA binding 1","7227","Downregulated",1.77228971902338,"TRPS1"
197.32591546427,-0.477628977334533,0.190222223097434,0.00315280397573477,0.0168931360998762,"ENSG00000198890","ENSG00000198890","PRMT6","protein arginine methyltransferase 6","55170","Downregulated",1.77228971902338,"PRMT6"
134.623965013475,-0.58915354465661,0.252853955345142,0.00315525239720383,0.016896693575289,"ENSG00000108852","ENSG00000108852","MPP2","MAGUK p55 scaffold protein 2","4355","Downregulated",1.77219827186535,"MPP2"
90.817236375543,-0.57557880772719,0.243154886729805,0.00316633460305555,0.0169429464338791,"ENSG00000164850","ENSG00000164850","GPER1","G protein-coupled estrogen receptor 1","2852","Downregulated",1.77101106220463,"GPER1"
18.6805406838711,-0.152789021031248,0.365262902893757,0.00316803342359319,0.0169454941017283,"ENSG00000091262","ENSG00000091262","ABCC6","ATP binding cassette subfamily C member 6","368","Downregulated",1.77094576335504,"ABCC6"
81.9106804396934,-0.662368604850172,0.295607741505413,0.00317660252753527,0.0169847740853053,"ENSG00000138646","ENSG00000138646","HERC5","HECT and RLD domain containing E3 ubiquitin protein ligase 5","51191","Downregulated",1.76994022531193,"HERC5"
211.949208451339,-0.566208625595168,0.240055791383315,0.00319903454064135,0.017078358897823,"ENSG00000130720","ENSG00000130720","FIBCD1","fibrinogen C domain containing 1","84929","Downregulated",1.76755386408391,"FIBCD1"
720.22060799445,-0.339395198564901,0.125619572453027,0.00319802173581297,0.017078358897823,"ENSG00000185219","ENSG00000185219","ZNF445","zinc finger protein 445","353274","Downregulated",1.76755386408391,"ZNF445"
1265.51310441981,-0.3216726368912,0.118111388388102,0.00320647717688608,0.0171049142395936,"ENSG00000104361","ENSG00000104361","NIPAL2","NIPA like domain containing 2","79815","Downregulated",1.76687909893374,"NIPAL2"
85.7991322111768,-0.669045288385954,0.300989108856163,0.00321849433131081,0.0171624135966282,"ENSG00000121769","ENSG00000121769","FABP3","fatty acid binding protein 3","2170","Downregulated",1.76542163618503,"FABP3"
4246.28523579071,-0.351679597029115,0.134371855693931,0.00328220151756301,0.0174551122248815,"ENSG00000163565","ENSG00000163565","IFI16","interferon gamma inducible protein 16","3428","Downregulated",1.75807735461319,"IFI16"
18.4506967310313,-1.26124634056355,0.763826090819059,0.00328346039182235,0.0174551122248815,"ENSG00000223802","ENSG00000223802","CERS1","ceramide synthase 1","10715","Downregulated",1.75807735461319,"CERS1"
3929.40314240448,-0.336255950973629,0.126401673853953,0.00332990563124107,0.0176816713192989,"ENSG00000163820","ENSG00000163820","FYCO1","FYVE and coiled-coil domain autophagy adaptor 1","79443","Downregulated",1.75247668669605,"FYCO1"
395.067417087857,-0.413252280177176,0.160389534023506,0.00333432544064881,0.0176952988905012,"ENSG00000111911","ENSG00000111911","HINT3","histidine triad nucleotide binding protein 3","135114","Downregulated",1.75214209731587,"HINT3"
115.163778633869,-0.628272617119967,0.280540248332508,0.00333502566577596,0.0176952988905012,"ENSG00000120217","ENSG00000120217","CD274","CD274 molecule","29126","Downregulated",1.75214209731587,"CD274"
561.482770401324,-0.370370954115197,0.140855668020301,0.00338920497741797,0.0179621383487708,"ENSG00000122507","ENSG00000122507","BBS9","Bardet-Biedl syndrome 9","27241","Downregulated",1.74564196289192,"BBS9"
757.865128267867,-0.401086843616955,0.154849495942243,0.0033939721784616,0.0179805276839829,"ENSG00000104321","ENSG00000104321","TRPA1","transient receptor potential cation channel subfamily A member 1","8989","Downregulated",1.74519756694766,"TRPA1"
289.68394660625,-0.374243897016914,0.141505850188932,0.0034100025515359,0.0180585500044846,"ENSG00000198865","ENSG00000198865","CCDC152","coiled-coil domain containing 152","100129792","Downregulated",1.74331712391908,"CCDC152"
910.159666235823,-0.283592948298529,0.10342990329416,0.00343951036292873,0.0182078587165123,"ENSG00000146067","ENSG00000146067","FAM193B","family with sequence similarity 193 member B","54540","Downregulated",1.73974112517063,"FAM193B"
706.091099052177,-0.479358454766484,0.196381372519021,0.00349681888614111,0.0184759485104955,"ENSG00000167196","ENSG00000167196","FBXO22","F-box protein 22","26263","Downregulated",1.73339325673285,"FBXO22"
1632.77612929503,-0.314798916421934,0.116744085285581,0.00350431106436771,0.0185084782930915,"ENSG00000087077","ENSG00000087077","TRIP6","thyroid hormone receptor interactor 6","7205","Downregulated",1.73262928605963,"TRIP6"
4217.29265878417,-0.347184867315579,0.131401685936251,0.00352827431061672,0.018627944255557,"ENSG00000063660","ENSG00000063660","GPC1","glypican 1","2817","Downregulated",1.72983507037106,"GPC1"
13.494857730849,-1.28237755968967,0.770857693631683,0.00354606378278344,0.0187126081739715,"ENSG00000159713","ENSG00000159713","TPPP3","tubulin polymerization promoting protein family member 3","51673","Downregulated",1.72786567606917,"TPPP3"
2470.42443229224,-0.298096144309375,0.109575749590707,0.00356176987804955,0.0187690375436839,"ENSG00000162402","ENSG00000162402","USP24","ubiquitin specific peptidase 24","23358","Downregulated",1.72655799696757,"USP24"
168.603568783528,-0.605137024450418,0.270545901092228,0.00356115405693907,0.0187690375436839,"ENSG00000240445","ENSG00000240445","FOXO3B","forkhead box O3B","2310","Downregulated",1.72655799696757,"FOXO3B"
567.52929447765,-0.603633628066163,0.276101981455168,0.00356443890730862,0.0187759630621019,"ENSG00000257529","ENSG00000257529","RPL36A-HNRNPH2","RPL36A-HNRNPH2 readthrough","100529097","Downregulated",1.72639777779491,"RPL36A-HNRNPH2"
3036.14071615556,-0.248118457460029,0.0883714043984788,0.00356874101339451,0.0187914824105754,"ENSG00000116171","ENSG00000116171","SCP2","sterol carrier protein 2","6342","Downregulated",1.72603895819973,"SCP2"
9210.42226788697,-0.29534873186887,0.108500732271979,0.0036038090218626,0.0189435839561335,"ENSG00000020181","ENSG00000020181","ADGRA2","adhesion G protein-coupled receptor A2","25960","Downregulated",1.72253785293963,"ADGRA2"
114.517678889851,-0.60382173517459,0.267505850877645,0.00360595416988147,0.0189442452010566,"ENSG00000164638","ENSG00000164638","SLC29A4","solute carrier family 29 member 4","222962","Downregulated",1.72252269371685,"SLC29A4"
224.229497711334,-0.440027791855961,0.17516146275855,0.00363450574190804,0.019087008365708,"ENSG00000184319","ENSG00000184319",NA,NA,NA,"Downregulated",1.71926213614691,"ENSG00000184319"
83.0603676623993,-0.652613413911673,0.297715927195185,0.00365132743065773,0.0191463287406302,"ENSG00000117266","ENSG00000117266","CDK18","cyclin dependent kinase 18","5129","Downregulated",1.71791448856418,"CDK18"
942.161543521881,-0.410156377048635,0.163130058577505,0.00366873591329447,0.0192158015957476,"ENSG00000158987","ENSG00000158987","RAPGEF6","Rap guanine nucleotide exchange factor 6","51735","Downregulated",1.71634149403343,"RAPGEF6"
880.81792461667,-0.292887177193896,0.107110389060411,0.00367041556087066,0.0192173363272031,"ENSG00000271425","ENSG00000271425","NBPF10","NBPF member 10","100132406","Downregulated",1.71630680910065,"NBPF10"
106.440245733202,-0.593283079103046,0.261660504572118,0.00367737885935237,0.0192392576865853,"ENSG00000280038","ENSG00000280038",NA,NA,NA,"Downregulated",1.71581168847487,"ENSG00000280038"
1782.58605830424,-0.306168071604546,0.114024960665847,0.00368112755343838,0.0192516025521142,"ENSG00000001629","ENSG00000001629","ANKIB1","ankyrin repeat and IBR domain containing 1","54467","Downregulated",1.71553311287902,"ANKIB1"
58.691241712807,-0.778754426343297,0.385776239234289,0.0036937417444422,0.0193030040860575,"ENSG00000204334","ENSG00000204334","ERICH2","glutamate rich 2","285141","Downregulated",1.71437509739264,"ERICH2"
1113.64703162414,-0.403166991247073,0.158134716340535,0.00371039384000173,0.0193827170103973,"ENSG00000137727","ENSG00000137727","ARHGAP20","Rho GTPase activating protein 20","57569","Downregulated",1.71258534493666,"ARHGAP20"
174.452685267584,-0.525152641751667,0.222386637071181,0.00371998537105472,0.0194255000970035,"ENSG00000182263","ENSG00000182263","FIGN","fidgetin, microtubule severing factor","55137","Downregulated",1.71162779175107,"FIGN"
234.503033085238,-0.527600224186384,0.225122297675306,0.00375012256545376,0.0195681282509878,"ENSG00000196878","ENSG00000196878","LAMB3","laminin subunit beta 3","3914","Downregulated",1.70845071389969,"LAMB3"
280.663477636589,-0.421474006488433,0.166486466180967,0.00375416488681171,0.019581848387777,"ENSG00000103248","ENSG00000103248","MTHFSD","methenyltetrahydrofolate synthetase domain containing","64779","Downregulated",1.70814631627527,"MTHFSD"
341.552105455257,-0.445085903783393,0.179701344612731,0.00380419171746705,0.0198055195388339,"ENSG00000221926","ENSG00000221926","TRIM16","tripartite motif containing 16","10626","Downregulated",1.70321376068765,"TRIM16"
365.878383452738,-0.520040687138364,0.225520072595843,0.00392703912448475,0.0204220770079678,"ENSG00000222009","ENSG00000222009","BTBD19","BTB domain containing 19","149478","Downregulated",1.68990009049458,"BTBD19"
13.0908078557998,-1.28153728796934,0.81973515764343,0.00396821639181268,0.020605286989184,"ENSG00000125657","ENSG00000125657","TNFSF9","TNF superfamily member 9","8744","Downregulated",1.68602133227014,"TNFSF9"
144.121779449823,-0.532550727818949,0.228789464202642,0.00397110837948031,0.0206125809105684,"ENSG00000259024","ENSG00000259024","TVP23C-CDRT4","TVP23C-CDRT4 readthrough","100533496","Downregulated",1.68586762660785,"TVP23C-CDRT4"
698.511904967713,-0.313688947933061,0.117495014435568,0.00397408957893575,0.0206203322629991,"ENSG00000135778","ENSG00000135778","NTPCR","nucleoside-triphosphatase, cancer-related","84284","Downregulated",1.68570434104938,"NTPCR"
155.704914104857,-0.743349475004977,0.39582206219541,0.00398513529258619,0.0206621735951934,"ENSG00000151617","ENSG00000151617","EDNRA","endothelin receptor type A","1909","Downregulated",1.68482399400978,"EDNRA"
1867.9011531519,-0.294748833116031,0.110109732070672,0.00398500381433213,0.0206621735951934,"ENSG00000162520","ENSG00000162520","SYNC","syncoilin, intermediate filament protein","81493","Downregulated",1.68482399400978,"SYNC"
1960.17846641293,-0.226448301441787,0.0814474927118688,0.00401489081010659,0.0208008866307541,"ENSG00000180304","ENSG00000180304","OAZ2","ornithine decarboxylase antizyme 2","4947","Downregulated",1.68191815298736,"OAZ2"
1024.63688659921,-0.272359661636829,0.0986080715649095,0.00403588723441577,0.0209018539543229,"ENSG00000160049","ENSG00000160049","DFFA","DNA fragmentation factor subunit alpha","1676","Downregulated",1.67981519109359,"DFFA"
98.619087120208,-0.636862560785247,0.297396456922285,0.00406412248726486,0.0210245142034355,"ENSG00000175106","ENSG00000175106","TVP23C","trans-golgi network vesicle protein 23 homolog C","201158","Downregulated",1.67727403030792,"TVP23C"
119.486677073984,-0.53395262621723,0.230086696931427,0.00408121289646513,0.021105048332877,"ENSG00000066279","ENSG00000066279","ASPM","assembly factor for spindle microtubules","259266","Downregulated",1.67561364892641,"ASPM"
404.919274210258,-0.379126025349347,0.148140167109117,0.00411120765983399,0.0212363872372864,"ENSG00000148153","ENSG00000148153","INIP","INTS3 and NABP interacting protein","58493","Downregulated",1.67291936406721,"INIP"
1483.21092983063,-0.25778125232402,0.0941788316967086,0.00412248121077889,0.0212866866990256,"ENSG00000010818","ENSG00000010818","HIVEP2","HIVEP zinc finger 2","3097","Downregulated",1.67189193181256,"HIVEP2"
677.93533720012,-0.328187413117951,0.125173264039154,0.00418084778542314,0.0215559410186679,"ENSG00000106443","ENSG00000106443","PHF14","PHD finger protein 14","9678","Downregulated",1.66643301339027,"PHF14"
34.5408361350967,-0.803455439950486,0.412900122936488,0.00422606947167486,0.0217567224398001,"ENSG00000128886","ENSG00000128886","ELL3","elongation factor for RNA polymerase II 3","80237","Downregulated",1.66240652871284,"ELL3"
218.986788919071,-0.539749399635124,0.238031911152737,0.00424239553581198,0.0218326623582689,"ENSG00000105227","ENSG00000105227","PRX","periaxin","57716","Downregulated",1.66089330153303,"PRX"
174.673980328184,-0.539087468133168,0.23633685598962,0.00425330059141716,0.0218688997950839,"ENSG00000141127","ENSG00000141127","PRPSAP2","phosphoribosyl pyrophosphate synthetase associated protein 2","5636","Downregulated",1.66017306538225,"PRPSAP2"
284.66920414728,-0.400043292231337,0.159267755772922,0.00425417085269833,0.0218688997950839,"ENSG00000182621","ENSG00000182621","PLCB1","phospholipase C beta 1","23236","Downregulated",1.66017306538225,"PLCB1"
845.766905552276,-0.282156649909182,0.105030444581901,0.00426833167659476,0.021925429468468,"ENSG00000134744","ENSG00000134744","TUT4","terminal uridylyl transferase 4","23318","Downregulated",1.65905189105387,"TUT4"
7608.93430505994,-0.255445931019563,0.0938061971773786,0.00427160758923734,0.0219341272987181,"ENSG00000137497","ENSG00000137497","NUMA1","nuclear mitotic apparatus protein 1","4926","Downregulated",1.65887964035139,"NUMA1"
65.4233819300078,-0.636820130211148,0.295770497372323,0.0042773600159684,0.0219555305412245,"ENSG00000139410","ENSG00000139410","SDSL","serine dehydratase like","113675","Downregulated",1.65845606398695,"SDSL"
219.476482187251,-0.516138845058682,0.224946743369491,0.00440465559438194,0.022533821292927,"ENSG00000087903","ENSG00000087903","RFX2","regulatory factor X2","5990","Downregulated",1.64716515422783,"RFX2"
14.8516359570676,-1.21776910990532,0.839714656429729,0.00443906611806301,0.0227014824096809,"ENSG00000221826","ENSG00000221826","PSG3","pregnancy specific beta-1-glycoprotein 3","5671","Downregulated",1.64394578239614,"PSG3"
2400.06952819142,-0.371916142717795,0.147865267315785,0.00444915783772759,0.0227363121213372,"ENSG00000177565","ENSG00000177565","TBL1XR1","TBL1X/Y related 1","79718","Downregulated",1.64327997743367,"TBL1XR1"
957.731424270324,-0.2695328562842,0.1005085518964,0.00447433900929869,0.0228349780979672,"ENSG00000088833","ENSG00000088833","NSFL1C","NSFL1 cofactor","55968","Downregulated",1.64139940060774,"NSFL1C"
1530.92139284196,-0.241061032818509,0.0896148728879287,0.00447505595743408,0.0228349780979672,"ENSG00000126773","ENSG00000126773","PCNX4","pecanex 4","64430","Downregulated",1.64139940060774,"PCNX4"
24.8787981336237,-1.00709709797391,0.624929333179224,0.00447889696395352,0.022846166000527,"ENSG00000155269","ENSG00000155269","GPR78","G protein-coupled receptor 78","27201","Downregulated",1.64118667194085,"GPR78"
8261.99858662708,-0.213356022451745,0.0778526669243079,0.00451106168282216,0.0229764071526028,"ENSG00000068697","ENSG00000068697","LAPTM4A","lysosomal protein transmembrane 4 alpha","9741","Downregulated",1.63871788146974,"LAPTM4A"
75.5697882891542,-0.754432376210495,0.405191561707404,0.00453626557462635,0.0230878092540384,"ENSG00000183775","ENSG00000183775","KCTD16","potassium channel tetramerization domain containing 16","57528","Downregulated",1.63661727427296,"KCTD16"
184.809163755927,-0.436591241845268,0.179212482714052,0.00454023436167625,0.0230995257042846,"ENSG00000170667","ENSG00000170667","RASA4B","RAS p21 protein activator 4B","100271927","Downregulated",1.6363969372562,"RASA4B"
143.422269684862,-0.517109636754258,0.224332877788816,0.00456774456840147,0.0232309621921013,"ENSG00000160469","ENSG00000160469","BRSK1","BR serine/threonine kinase 1","84446","Downregulated",1.63393280199201,"BRSK1"
1735.31361593294,-0.230643539728863,0.0845019625825224,0.00457232534400656,0.0232457288857619,"ENSG00000119383","ENSG00000119383","PTPA","protein phosphatase 2 phosphatase activator","5524","Downregulated",1.63365683166625,"PTPA"
49.9858655934277,-0.714510541446014,0.356825886665548,0.00463283836721949,0.0235361095789204,"ENSG00000134070","ENSG00000134070","IRAK2","interleukin 1 receptor associated kinase 2","3656","Downregulated",1.62826532263279,"IRAK2"
659.266051909804,-0.344809390861738,0.13439300252635,0.00465473683639606,0.0236300358298948,"ENSG00000089225","ENSG00000089225","TBX5","T-box transcription factor 5","6910","Downregulated",1.62653561985245,"TBX5"
2015.15483103237,-0.300701702322891,0.114932787369426,0.0047096720585171,0.0238739374758553,"ENSG00000196535","ENSG00000196535","MYO18A","myosin XVIIIA","399687","Downregulated",1.62207594785485,"MYO18A"
2612.68358992923,-0.218332642435005,0.0805059456268462,0.00479273811676194,0.0242506599343569,"ENSG00000120948","ENSG00000120948","TARDBP","TAR DNA binding protein","23435","Downregulated",1.61527643842461,"TARDBP"
77.267865883858,-0.631981597291862,0.301107290516023,0.00481127029642119,0.0243266672886178,"ENSG00000121454","ENSG00000121454","LHX4","LIM homeobox 4","89884","Downregulated",1.61391738458758,"LHX4"
3721.89340054037,-0.225348532408619,0.0830760924551091,0.00481898962336557,0.0243568115208692,"ENSG00000196154","ENSG00000196154","S100A4","S100 calcium binding protein A4","6275","Downregulated",1.6133795645418,"S100A4"
1925.01812034216,-0.314021325929906,0.120301207665321,0.00482393602623763,0.0243729235828025,"ENSG00000197635","ENSG00000197635","DPP4","dipeptidyl peptidase 4","1803","Downregulated",1.61309237316554,"DPP4"
566.371598838547,-0.368341164825143,0.147356081875078,0.0048536892694345,0.0245143147175994,"ENSG00000161791","ENSG00000161791","FMNL3","formin like 3","91010","Downregulated",1.61058024267988,"FMNL3"
54.518452815866,-0.813330649777025,0.45921966024751,0.00485838972839928,0.0245291159365703,"ENSG00000120549","ENSG00000120549","KIAA1217","KIAA1217","56243","Downregulated",1.61031810408827,"KIAA1217"
98.9825003595439,-0.724363443982236,0.388735777157455,0.00487402854103134,0.0245901570987089,"ENSG00000164509","ENSG00000164509","IL31RA","interleukin 31 receptor A","133396","Downregulated",1.60923869668282,"IL31RA"
388.167587089234,-0.393436861515076,0.15938727629711,0.0048929866212994,0.0246768200817279,"ENSG00000147905","ENSG00000147905","ZCCHC7","zinc finger CCHC-type containing 7","84186","Downregulated",1.60771080533311,"ZCCHC7"
548.546002058683,-0.346873577414622,0.136177953744635,0.0048977073288298,0.0246916427319943,"ENSG00000204104","ENSG00000204104","TRAF3IP1","TRAF3 interacting protein 1","26146","Downregulated",1.60745001554771,"TRAF3IP1"
1405.59685595945,-0.273291066716183,0.103295046999668,0.00498057741589192,0.0250638425587677,"ENSG00000113407","ENSG00000113407","TARS1","threonyl-tRNA synthetase 1","6897","Downregulated",1.60095234618545,"TARS1"
266.62042699819,-0.420272873020947,0.173640952294645,0.00501669571487291,0.0251998499138904,"ENSG00000099953","ENSG00000099953","MMP11","matrix metallopeptidase 11","4320","Downregulated",1.59860204579637,"MMP11"
12.2816106564447,-0.192215619397007,0.396119450520332,0.00503036132683494,0.0252425081828265,"ENSG00000258150","ENSG00000258150",NA,NA,NA,"Downregulated",1.59786749428363,"ENSG00000258150"
5658.4043104096,-0.217408696815133,0.0808129399956082,0.00504481670276438,0.025286117426261,"ENSG00000128272","ENSG00000128272","ATF4","activating transcription factor 4","468","Downregulated",1.59711784957203,"ATF4"
199.202898333286,-0.544289463725458,0.24873954600787,0.00506620507141057,0.0253673522786731,"ENSG00000185418","ENSG00000185418","TARS3","threonyl-tRNA synthetase 3","123283","Downregulated",1.59572485996667,"TARS3"
546.779784630442,-0.360178898637582,0.143821819398852,0.0050723588651503,0.0253874400549361,"ENSG00000014914","ENSG00000014914","MTMR11","myotubularin related protein 11","10903","Downregulated",1.59538108904617,"MTMR11"
59.8795696753875,-0.682149346062378,0.344585554831619,0.00508233989398547,0.0254282124876334,"ENSG00000186952","ENSG00000186952","TMEM232","transmembrane protein 232","642987","Downregulated",1.59468416809965,"TMEM232"
22237.1026021245,-0.248295541689919,0.0921539053701795,0.00511297474749319,0.0255722544299921,"ENSG00000026508","ENSG00000026508","CD44","CD44 molecule (IN blood group)","960","Downregulated",1.59223098322332,"CD44"
156.110525744538,-0.456280859608891,0.193098490662755,0.00511903530136235,0.0255933298129801,"ENSG00000214174","ENSG00000214174",NA,NA,NA,"Downregulated",1.59187320667532,"ENSG00000214174"
36.6706417263205,-0.909201139707745,0.592994853827485,0.00512366369863937,0.0256072323113751,"ENSG00000258691","ENSG00000258691",NA,NA,NA,"Downregulated",1.59163735854259,"ENSG00000258691"
128284.817475049,-0.197081297876946,0.0725171575550409,0.00513936725069629,0.025658355525031,"ENSG00000087245","ENSG00000087245","MMP2","matrix metallopeptidase 2","4313","Downregulated",1.59077118152659,"MMP2"
11.5196662132847,-1.26803520276321,1.29288893625978,0.0051394469252822,0.025658355525031,"ENSG00000175489","ENSG00000175489","LRRC25","leucine rich repeat containing 25","126364","Downregulated",1.59077118152659,"LRRC25"
92.9061877551186,-0.557892227650927,0.255028492856221,0.00514381196772052,0.0256709002739066,"ENSG00000143498","ENSG00000143498","TAF1A","TATA-box binding protein associated factor, RNA polymerase I subunit A","9015","Downregulated",1.59055890043125,"TAF1A"
1812.37498243569,-0.258208836493711,0.0973061654757608,0.00516327775946484,0.0257495021476874,"ENSG00000136861","ENSG00000136861","CDK5RAP2","CDK5 regulatory subunit associated protein 2","55755","Downregulated",1.58923116338405,"CDK5RAP2"
1298.98400011096,-0.310215055638119,0.120468138176611,0.00516856034287139,0.0257573095260175,"ENSG00000140044","ENSG00000140044","JDP2","Jun dimerization protein 2","122953","Downregulated",1.58909950307572,"JDP2"
1962.02870967544,-0.304176708384962,0.117870447398581,0.00519553714612166,0.025882440441445,"ENSG00000145817","ENSG00000145817","YIPF5","Yip1 domain family member 5","81555","Downregulated",1.5869947766786,"YIPF5"
211.936921129292,-0.411877436395102,0.170098579774513,0.00521285037756472,0.0259407157567933,"ENSG00000166171","ENSG00000166171","DPCD","deleted in primary ciliary dyskinesia homolog (mouse)","25911","Downregulated",1.58601804502383,"DPCD"
1751.60229197618,-0.237183477964307,0.0888733490595642,0.00523911756593656,0.0260247062173171,"ENSG00000054965","ENSG00000054965","FAM168A","family with sequence similarity 168 member A","23201","Downregulated",1.58461416436952,"FAM168A"
4355.46801454686,-0.388901051697374,0.16030006858521,0.00526045235258467,0.0260843168045026,"ENSG00000114251","ENSG00000114251","WNT5A","Wnt family member 5A","7474","Downregulated",1.58362053375166,"WNT5A"
33.1469893514772,-0.849500320856042,0.483621429759354,0.00526052857122338,0.0260843168045026,"ENSG00000169302","ENSG00000169302","STK32A","serine/threonine kinase 32A","202374","Downregulated",1.58362053375166,"STK32A"
2006.01209086689,-0.228958059868992,0.0859441494397356,0.00528032709123273,0.0261544149954948,"ENSG00000001036","ENSG00000001036","FUCA2","alpha-L-fucosidase 2","2519","Downregulated",1.58245498953713,"FUCA2"
1474.86750947125,-0.246900217265311,0.0930554486230653,0.0053062957876623,0.0262548922960413,"ENSG00000161249","ENSG00000161249","DMKN","dermokine","93099","Downregulated",1.58078975895494,"DMKN"
2126.85164745108,-0.258106316128541,0.0978720032278552,0.00531970630399883,0.0263118521295931,"ENSG00000174780","ENSG00000174780","SRP72","signal recognition particle 72","6731","Downregulated",1.57984858021719,"SRP72"
4211.68057173497,-0.21641372209129,0.0804611749813283,0.00536694273227677,0.0265076476573855,"ENSG00000255302","ENSG00000255302","EID1","EP300 interacting inhibitor of differentiation 1","23741","Downregulated",1.57662881073335,"EID1"
466.895088966512,-0.328847252508857,0.129535442487013,0.00537260955682001,0.0265261830594829,"ENSG00000112304","ENSG00000112304","ACOT13","acyl-CoA thioesterase 13","55856","Downregulated",1.57632523759637,"ACOT13"
1950.95747720232,-0.315304725163553,0.123769887809469,0.005388356052411,0.0265849863048644,"ENSG00000139263","ENSG00000139263","LRIG3","leucine rich repeats and immunoglobulin like domains 3","121227","Downregulated",1.57536355907459,"LRIG3"
460.294593095765,-0.376577742742027,0.152893672264665,0.00539317053390921,0.0265992706154619,"ENSG00000163818","ENSG00000163818","LZTFL1","leucine zipper transcription factor like 1","54585","Downregulated",1.57513027209161,"LZTFL1"
719.587008859176,-0.282889520547991,0.108597871544155,0.00543968834788655,0.0268000856073088,"ENSG00000166508","ENSG00000166508","MCM7","minichromosome maintenance complex component 7","4176","Downregulated",1.57186381870545,"MCM7"
500.363345468389,-0.44410102665423,0.190670191939576,0.00544611935157071,0.0268183080125599,"ENSG00000158042","ENSG00000158042","MRPL17","mitochondrial ribosomal protein L17","63875","Downregulated",1.57156862558913,"MRPL17"
457.59421163675,-0.3225869730823,0.126978469813661,0.00545986680823771,0.0268708430736387,"ENSG00000197093","ENSG00000197093","GAL3ST4","galactose-3-O-sulfotransferase 4","79690","Downregulated",1.57071870734855,"GAL3ST4"
2678.66071138488,-0.287095912951506,0.1110049745923,0.00550445313313523,0.0270710489610082,"ENSG00000136628","ENSG00000136628","EPRS1","glutamyl-prolyl-tRNA synthetase 1","2058","Downregulated",1.5674949156683,"EPRS1"
2314.53090262088,-0.448265156103024,0.19555157738282,0.00550970681576443,0.027077669063716,"ENSG00000164096","ENSG00000164096","ARLN","allregulin","401152","Downregulated",1.56738872389886,"ARLN"
368.428929888808,-0.360837880083426,0.145583208756465,0.00551572800062472,0.0270976513153697,"ENSG00000130005","ENSG00000130005","GAMT","guanidinoacetate N-methyltransferase","2593","Downregulated",1.56706834989971,"GAMT"
569.90507557893,-0.333380496982906,0.132304988871993,0.00553994647772416,0.0271973497112218,"ENSG00000146414","ENSG00000146414","SHPRH","SNF2 histone linker PHD RING helicase","257218","Downregulated",1.56547341441693,"SHPRH"
39.733544419877,-0.89891716715581,0.668855491553399,0.00567191801766291,0.0277567485193468,"ENSG00000033122","ENSG00000033122","LRRC7","leucine rich repeat containing 7","57554","Downregulated",1.55663140935589,"LRRC7"
516.964880344654,-0.361096629147975,0.146676621913415,0.00567527444730417,0.0277633704783581,"ENSG00000114735","ENSG00000114735","HEMK1","HemK methyltransferase 1, mitochondrial release factors N(5)-glutamine","51409","Downregulated",1.55652781158544,"HEMK1"
409.125251323048,-0.33991259388354,0.136371659854483,0.00574697703227731,0.0280646070085734,"ENSG00000146143","ENSG00000146143","PRIM2","DNA primase subunit 2","5558","Downregulated",1.55184103486968,"PRIM2"
181.429901578613,-0.648238362046636,0.345982946406579,0.00576108915542331,0.0280939249137972,"ENSG00000102287","ENSG00000102287","GABRE","gamma-aminobutyric acid type A receptor subunit epsilon","2564","Downregulated",1.55138758264504,"GABRE"
33.6240519888737,-0.848233685221844,0.514073156970681,0.0057674625152497,0.0281052260896081,"ENSG00000005471","ENSG00000005471","ABCB4","ATP binding cassette subfamily B member 4","5244","Downregulated",1.55121291671958,"ABCB4"
170.748146964348,-0.476667930007914,0.210588711257864,0.00576986012315777,0.0281070268705953,"ENSG00000249115","ENSG00000249115","HAUS5","HAUS augmin like complex subunit 5","23354","Downregulated",1.55118509114046,"HAUS5"
940.211603383631,-0.283238835219904,0.109882888893983,0.0057837705713449,0.0281648897920833,"ENSG00000135250","ENSG00000135250","SRPK2","SRSF protein kinase 2","6733","Downregulated",1.55029194379961,"SRPK2"
329.293305029746,-0.403349584163915,0.16902531459616,0.00581157877631833,0.0282867794794983,"ENSG00000073060","ENSG00000073060","SCARB1","scavenger receptor class B member 1","949","Downregulated",1.54841649524007,"SCARB1"
92.8779871154269,-0.763256478511145,0.853779053014793,0.00585931099886131,0.0284827047117569,"ENSG00000099956","ENSG00000099956","SMARCB1","SWI/SNF related BAF chromatin remodeling complex subunit B1","6598","Downregulated",1.54541877256266,"SMARCB1"
568.958773029245,-0.383206132220056,0.158978050958673,0.00586862957294511,0.0285080046447411,"ENSG00000027001","ENSG00000027001","MIPEP","mitochondrial intermediate peptidase","4285","Downregulated",1.54503317911652,"MIPEP"
128.925902011484,-0.467169100386573,0.204119915161887,0.00586711426792967,0.0285080046447411,"ENSG00000293164","ENSG00000293164",NA,NA,NA,"Downregulated",1.54503317911652,"ENSG00000293164"
1842.3874874207,-0.243999054936148,0.0930131582684204,0.00587944295270137,0.0285505255366112,"ENSG00000189241","ENSG00000189241","TSPYL1","TSPY like 1","7259","Downregulated",1.54438589317822,"TSPYL1"
64.1805846401636,-0.612314683113876,0.300003397359866,0.00588601372293332,0.0285724217814826,"ENSG00000188015","ENSG00000188015","S100A3","S100 calcium binding protein A3","6274","Downregulated",1.54405294751507,"S100A3"
188.453537106021,-0.467080876871595,0.20642703969486,0.00591690350153458,0.0287022630828729,"ENSG00000172530","ENSG00000172530","BANP","BTG3 associated nuclear protein","54971","Downregulated",1.54208385916651,"BANP"
2018.6727086245,-0.229465891433521,0.0870642255177571,0.00592182502268267,0.0287160857205595,"ENSG00000080845","ENSG00000080845","DLGAP4","DLG associated protein 4","22839","Downregulated",1.54187475892194,"DLGAP4"
2363.03262710464,-0.248509337740167,0.0950126056861365,0.0059344777520586,0.0287673757138091,"ENSG00000100731","ENSG00000100731","PCNX1","pecanex 1","22990","Downregulated",1.54109975455023,"PCNX1"
100.606124127206,-0.700332024124614,0.391112989520974,0.00594913037357258,0.0288283209256442,"ENSG00000003137","ENSG00000003137","CYP26B1","cytochrome P450 family 26 subfamily B member 1","56603","Downregulated",1.54018065188731,"CYP26B1"
1017.02108402313,-0.261963385511227,0.101257063325039,0.00595297129101066,0.0288368504446406,"ENSG00000066135","ENSG00000066135","KDM4A","lysine demethylase 4A","9682","Downregulated",1.54005217492375,"KDM4A"
250.334433544527,-0.5197842674701,0.242165166892533,0.00595775617747414,0.0288412437756286,"ENSG00000205476","ENSG00000205476","CCDC85C","coiled-coil domain containing 85C","317762","Downregulated",1.53998601464454,"CCDC85C"
723.562969387442,-0.494518870001601,0.226101470542809,0.0060302889129248,0.0290861783563811,"ENSG00000153993","ENSG00000153993","SEMA3D","semaphorin 3D","223117","Downregulated",1.53631333711548,"SEMA3D"
1555.47795089901,-0.276636623512937,0.107160553920795,0.00605825653386737,0.0291790751550879,"ENSG00000111667","ENSG00000111667","USP5","ubiquitin specific peptidase 5","8078","Downregulated",1.53492847739826,"USP5"
295.741737754348,-0.355505882679795,0.144707655880543,0.00605612539504422,0.0291790751550879,"ENSG00000185973","ENSG00000185973","TMLHE","trimethyllysine hydroxylase, epsilon","55217","Downregulated",1.53492847739826,"TMLHE"
19.2282325238787,-0.217404040391154,0.417838694340971,0.00607605540917543,0.0292389069151952,"ENSG00000197935","ENSG00000197935","ZNF311","zinc finger protein 311","282890","Downregulated",1.53403886733567,"ZNF311"
5408.6907269194,-0.328979038442983,0.132703945566347,0.0060805937528528,0.0292404402570392,"ENSG00000124145","ENSG00000124145","SDC4","syndecan 4","6385","Downregulated",1.53401609273458,"SDC4"
259.981890919591,-0.401083328927372,0.168642166451629,0.00607850105356225,0.0292404402570392,"ENSG00000177098","ENSG00000177098","SCN4B","sodium voltage-gated channel beta subunit 4","6330","Downregulated",1.53401609273458,"SCN4B"
30.3288893698161,-0.853554786795956,0.523908004382167,0.00608701230024688,0.0292611527815198,"ENSG00000070808","ENSG00000070808","CAMK2A","calcium/calmodulin dependent protein kinase II alpha","815","Downregulated",1.53370856827253,"CAMK2A"
453.507547880604,-0.386147663245354,0.161147559629669,0.00609341216875289,0.0292817611812574,"ENSG00000204131","ENSG00000204131","NHSL2","NHS like 2","340527","Downregulated",1.5334028057455,"NHSL2"
232.480374584646,-0.427161728530791,0.183583580563856,0.00613353701967671,0.0294643637974695,"ENSG00000172893","ENSG00000172893","DHCR7","7-dehydrocholesterol reductase","1717","Downregulated",1.53070293187178,"DHCR7"
67.932421999921,-0.620946560942487,0.310582813778269,0.00616385699874316,0.0295997554211994,"ENSG00000269226","ENSG00000269226","TMSB15B","thymosin beta 15B","286527","Downregulated",1.52871187744317,"TMSB15B"
1210.59193993694,-0.319303817756432,0.127828416696661,0.00617720488514007,0.02963305036454,"ENSG00000136732","ENSG00000136732","GYPC","glycophorin C (Gerbich blood group)","2995","Downregulated",1.52822364084862,"GYPC"
316.223973551624,-0.37558792322665,0.155209206473038,0.00618778385004341,0.0296632640531829,"ENSG00000197380","ENSG00000197380","DACT3","dishevelled binding antagonist of beta catenin 3","147906","Downregulated",1.52778106226613,"DACT3"
1139.92814977506,-0.35827060982163,0.147521038208619,0.00620114762242293,0.0297067766675283,"ENSG00000183955","ENSG00000183955","KMT5A","lysine methyltransferase 5A","387893","Downregulated",1.52714446874328,"KMT5A"
154.498979430614,-0.446106465938255,0.193718655411925,0.00623187458308712,0.0298230489803192,"ENSG00000180917","ENSG00000180917","CMTR2","cap methyltransferase 2","55783","Downregulated",1.52544795821241,"CMTR2"
21.2548951161016,-0.953014423107395,0.640799170286241,0.00624295407955568,0.0298657578835216,"ENSG00000123612","ENSG00000123612","ACVR1C","activin A receptor type 1C","130399","Downregulated",1.52482645997416,"ACVR1C"
3818.08694958618,-0.272211489108689,0.106016105873491,0.00624739663509894,0.0298718132505357,"ENSG00000116729","ENSG00000116729","WLS","Wnt ligand secretion mediator","79971","Downregulated",1.52473841446313,"WLS"
691.974325669747,-0.30253963997724,0.120109887391448,0.00626970295936401,0.0299523658441316,"ENSG00000130733","ENSG00000130733","YIPF2","Yip1 domain family member 2","78992","Downregulated",1.52356886835073,"YIPF2"
483.97214828277,-0.370346064734179,0.153382477601909,0.00629414955416024,0.0300484390875325,"ENSG00000144306","ENSG00000144306","SCRN3","secernin 3","79634","Downregulated",1.52217808317133,"SCRN3"
348.538865616486,-0.369970269773982,0.153665183352704,0.00629763874558148,0.0300547435864372,"ENSG00000158552","ENSG00000158552","ZFAND2B","zinc finger AN1-type containing 2B","130617","Downregulated",1.52208697288486,"ZFAND2B"
866.532338933424,-0.272251059159148,0.106182918457042,0.00631559684120933,0.0301300711264441,"ENSG00000090097","ENSG00000090097","PCBP4","poly(rC) binding protein 4","57060","Downregulated",1.52099984310973,"PCBP4"
2284.14151919927,-0.240616986038731,0.0920933057148752,0.00633707150976396,0.0302221177060629,"ENSG00000052841","ENSG00000052841","TTC17","tetratricopeptide repeat domain 17","55761","Downregulated",1.5196751073089,"TTC17"
13.6997359602049,-1.00069271646373,1.94064523989793,0.00636140507785599,0.030327730641213,"ENSG00000284130","ENSG00000284130","TUBA3FP","tubulin alpha 3f pseudogene","113691","Downregulated",1.51816008579457,"TUBA3FP"
150.988104813626,-0.591159305073567,0.298419597679456,0.00638220290881456,0.0304059642878175,"ENSG00000182667","ENSG00000182667","NTM","neurotrimin","50863","Downregulated",1.51704121891675,"NTM"
1467.94908338099,-0.286761342373581,0.112610456352411,0.00643414253504668,0.030621834269647,"ENSG00000144036","ENSG00000144036","EXOC6B","exocyst complex component 6B","23233","Downregulated",1.5139687983103,"EXOC6B"
1360.21199866244,-0.380796873552968,0.161355599513249,0.0064710172744392,0.0307761936878699,"ENSG00000171150","ENSG00000171150","SOCS5","suppressor of cytokine signaling 5","9655","Downregulated",1.51178509349002,"SOCS5"
606.387171672564,-0.32848561428322,0.133254848039588,0.00647906638645479,0.030793340552084,"ENSG00000243156","ENSG00000243156","MICAL3","microtubule associated monooxygenase, calponin and LIM domain containing 3","57553","Downregulated",1.51154319499933,"MICAL3"
515.704776810312,-0.299136792055044,0.119134242262577,0.00648244262676471,0.0307988249449202,"ENSG00000144524","ENSG00000144524","COPS7B","COP9 signalosome subunit 7B","64708","Downregulated",1.51146585264475,"COPS7B"
1726.12980048931,-0.240751302931726,0.0929609165522497,0.00649491696317285,0.0308369490211074,"ENSG00000109323","ENSG00000109323","MANBA","mannosidase beta","4126","Downregulated",1.5109285971854,"MANBA"
213.19713209171,-0.455773488282762,0.203148335603918,0.00652198684956504,0.0309442710537904,"ENSG00000121417","ENSG00000121417","ZNF211","zinc finger protein 211","10520","Downregulated",1.50941974341373,"ZNF211"
162.405816758328,-0.488625589882468,0.223229113093596,0.00654059355909647,0.0310007134526395,"ENSG00000198901","ENSG00000198901","PRC1","protein regulator of cytokinesis 1","9055","Downregulated",1.50862831116641,"PRC1"
1609.67367725016,-0.25369297162382,0.0992359689450872,0.00654886244826515,0.0310292939044468,"ENSG00000155313","ENSG00000155313","USP25","ubiquitin specific peptidase 25","29761","Downregulated",1.50822810700982,"USP25"
1127.194805058,-0.271605868181373,0.107080899885092,0.00657830891253472,0.0311368795146238,"ENSG00000145725","ENSG00000145725","PPIP5K2","diphosphoinositol pentakisphosphate kinase 2","23262","Downregulated",1.50672491384516,"PPIP5K2"
169.470504887016,-0.459846828164512,0.205418052659975,0.00659403625051828,0.031179375092437,"ENSG00000132436","ENSG00000132436","FIGNL1","fidgetin like 1","63979","Downregulated",1.50613259333659,"FIGNL1"
156.023089998076,-0.445376102778778,0.196268499242862,0.00663699811271536,0.031371813384762,"ENSG00000223756","ENSG00000223756",NA,NA,NA,"Downregulated",1.50346037705507,"ENSG00000223756"
16171.691528065,-0.180310701051417,0.0696368786602597,0.00665317788884925,0.0314289284695798,"ENSG00000011028","ENSG00000011028","MRC2","mannose receptor C-type 2","9902","Downregulated",1.5026704254629,"MRC2"
371.402488805189,-0.331109959864612,0.134793185095821,0.00665361686483492,0.0314289284695798,"ENSG00000197121","ENSG00000197121","PGAP1","post-GPI attachment to proteins inositol deacylase 1","80055","Downregulated",1.5026704254629,"PGAP1"
325.326991294842,-0.378549412349095,0.159086847508057,0.00668370026910244,0.0315387817601262,"ENSG00000180992","ENSG00000180992","MRPL14","mitochondrial ribosomal protein L14","64928","Downregulated",1.50115508605699,"MRPL14"
19.1099716891373,-0.933502850119884,0.632300556722346,0.00671199893808707,0.0316615361752719,"ENSG00000124466","ENSG00000124466","LYPD3","LY6/PLAUR domain containing 3","27076","Downregulated",1.49946801757667,"LYPD3"
103.647591217929,-0.654703294807591,0.359400105888766,0.00674859403898118,0.031823329290997,"ENSG00000173535","ENSG00000173535","TNFRSF10C","TNF receptor superfamily member 10c","8794","Downregulated",1.49725438732071,"TNFRSF10C"
86.1768268187173,-0.545420336519589,0.261678437464544,0.00682016403356067,0.0320952982482572,"ENSG00000099365","ENSG00000099365","STX1B","syntaxin 1B","112755","Downregulated",1.49355858424297,"STX1B"
610.069602705816,-0.348138148812639,0.144597594475335,0.00682635554562918,0.0321135307219534,"ENSG00000126602","ENSG00000126602","TRAP1","TNF receptor associated protein 1","10131","Downregulated",1.4933119433041,"TRAP1"
2226.95965676123,-0.218608283764486,0.082050426417743,0.00685245240982221,0.0322253606880645,"ENSG00000113387","ENSG00000113387","SUB1","SUB1 regulator of transcription","10923","Downregulated",1.49180221302935,"SUB1"
49.2997731231458,-0.706981657970599,0.396739256975532,0.00685971399206222,0.0322485672374458,"ENSG00000171097","ENSG00000171097","KYAT1","kynurenine aminotransferase 1","883","Downregulated",1.4914895757479,"KYAT1"
285.12570610799,-0.397349777005806,0.170128917959774,0.00686337522558475,0.0322548379963985,"ENSG00000145014","ENSG00000145014","TMEM44","transmembrane protein 44","93109","Downregulated",1.49140513505801,"TMEM44"
87.9465325950867,-0.635690294846273,0.338637276906459,0.00688556100526359,0.0323371704411888,"ENSG00000151470","ENSG00000151470","C4orf33","chromosome 4 open reading frame 33","132321","Downregulated",1.49029798429171,"C4orf33"
58.2476742539958,-0.606240867696406,0.306321419771734,0.00689799116733632,0.032384573031204,"ENSG00000105996","ENSG00000105996","HOXA2","homeobox A2","3199","Downregulated",1.48966182445274,"HOXA2"
249.774407630846,-0.408497286208249,0.176395229993267,0.00691939019708287,0.0324630429050005,"ENSG00000148814","ENSG00000148814","LRRC27","leucine rich repeat containing 27","80313","Downregulated",1.48861077425369,"LRRC27"
2069.22373238456,-0.396250311168324,0.171851277171848,0.00693253968815872,0.0325137284393204,"ENSG00000167553","ENSG00000167553","TUBA1C","tubulin alpha 1c","84790","Downregulated",1.48793322589674,"TUBA1C"
100.063267609195,-0.588629029854563,0.297393783411929,0.00696635684914085,0.0326502331999469,"ENSG00000085563","ENSG00000085563","ABCB1","ATP binding cassette subfamily B member 1","5243","Downregulated",1.48611371248727,"ABCB1"
1152.37628318889,-0.315603895728464,0.129116748189121,0.00715714521502582,0.0334765020368015,"ENSG00000171503","ENSG00000171503","ETFDH","electron transfer flavoprotein dehydrogenase","2110","Downregulated",1.47525992778392,"ETFDH"
76.8527851063751,-0.755788866417272,0.512159670412253,0.00717793299842013,0.033517174334604,"ENSG00000154359","ENSG00000154359","LONRF1","LON peptidase N-terminal domain and ring finger 1","91694","Downregulated",1.47473260169499,"LONRF1"
440.945187679771,-0.306241632891272,0.124026892025096,0.00719089202159801,0.0335550749250259,"ENSG00000120693","ENSG00000120693","SMAD9","SMAD family member 9","4093","Downregulated",1.47424178711176,"SMAD9"
166.450364753751,-0.428642327369423,0.189056929546486,0.00718998294676989,0.0335550749250259,"ENSG00000121104","ENSG00000121104","FAM117A","family with sequence similarity 117 member A","81558","Downregulated",1.47424178711176,"FAM117A"
12.1217867212665,-1.06800894640409,1.09427308894111,0.00720869740919472,0.0336155240222172,"ENSG00000101049","ENSG00000101049","SGK2","serum/glucocorticoid regulated kinase 2","10110","Downregulated",1.47346011427142,"SGK2"
805.657147120507,-0.28207472430711,0.11286254487676,0.00722783916482934,0.0336934487000908,"ENSG00000213463","ENSG00000213463","SYNJ2BP","synaptojanin 2 binding protein","55333","Downregulated",1.47245453443992,"SYNJ2BP"
137.697253190102,-0.466551209887187,0.213124611550969,0.00724103050910809,0.0337435917369634,"ENSG00000213753","ENSG00000213753","RPL23AP79","ribosomal protein L23a pseudogene 79","100271626","Downregulated",1.47180869209299,"RPL23AP79"
581.354306170213,-0.333901532577215,0.138247774948545,0.00726069028465297,0.0338238341697498,"ENSG00000135749","ENSG00000135749","PCNX2","pecanex 2","80003","Downregulated",1.47077716361046,"PCNX2"
18.2937939016289,-0.934365244772616,0.659396681420823,0.00729979096791403,0.0339831384025262,"ENSG00000110203","ENSG00000110203","FOLR3","folate receptor gamma","2352","Downregulated",1.46873651575656,"FOLR3"
628.160787070378,-0.290083405137265,0.116296792353544,0.0073234788430672,0.0340819655090894,"ENSG00000189079","ENSG00000189079","ARID2","AT-rich interaction domain 2","196528","Downregulated",1.46747536739309,"ARID2"
339.428539670037,-0.404656417154642,0.177194383369633,0.0073318753835943,0.0341095874257245,"ENSG00000102445","ENSG00000102445","RUBCNL","rubicon like autophagy enhancer","80183","Downregulated",1.46712353359216,"RUBCNL"
925.568475766455,-0.317605208692477,0.130658353863812,0.00736064430306122,0.0342089769940059,"ENSG00000100354","ENSG00000100354","TNRC6B","trinucleotide repeat containing adaptor 6B","23112","Downregulated",1.46585991302632,"TNRC6B"
312.897606191039,-0.348750668459548,0.14468427870778,0.0073824208465275,0.0342871885093916,"ENSG00000181045","ENSG00000181045","SLC26A11","solute carrier family 26 member 11","284129","Downregulated",1.46486812482721,"SLC26A11"
591.948569571716,-0.335436913456952,0.13962436745003,0.00742178753945856,0.0344584768875565,"ENSG00000196182","ENSG00000196182","STK40","serine/threonine kinase 40","83931","Downregulated",1.46270392288185,"STK40"
122.401767434552,-0.465765680112988,0.212949363474308,0.00745579550453918,0.0345931938056272,"ENSG00000204147","ENSG00000204147","ASAH2B","N-acylsphingosine amidohydrolase 2B","653308","Downregulated",1.46100934003454,"ASAH2B"
471.716655446268,-0.358082652481305,0.151766583490931,0.00746277601557781,0.0346024131147183,"ENSG00000095951","ENSG00000095951","HIVEP1","HIVEP zinc finger 1","3096","Downregulated",1.46089361317651,"HIVEP1"
327.79319513054,-0.531053635250792,0.262553035841941,0.0074803167397023,0.0346605515531709,"ENSG00000072133","ENSG00000072133","RPS6KA6","ribosomal protein S6 kinase A6","27330","Downregulated",1.46016453064135,"RPS6KA6"
788.617426788947,-0.433735527925557,0.196537164178945,0.00749120078192636,0.0346993822315232,"ENSG00000075651","ENSG00000075651","PLD1","phospholipase D1","5337","Downregulated",1.45967825707739,"PLD1"
671.253839781352,-0.287891826610977,0.115646727557632,0.00749390081801558,0.0347002911583287,"ENSG00000143889","ENSG00000143889","HNRNPLL","heterogeneous nuclear ribonucleoprotein L like","92906","Downregulated",1.4596668811767,"HNRNPLL"
626.799409952373,-0.296623378504779,0.120359967500993,0.00750339934924273,0.0347326691987825,"ENSG00000100983","ENSG00000100983","GSS","glutathione synthetase","2937","Downregulated",1.45926183996138,"GSS"
72012.7005814688,-0.232548557844218,0.0913695277496211,0.00750827513888377,0.0347436344406645,"ENSG00000141753","ENSG00000141753","IGFBP4","insulin like growth factor binding protein 4","3487","Downregulated",1.4591247531035,"IGFBP4"
334.777056611171,-0.381141462491492,0.163687732255418,0.00751490753640839,0.0347479680790569,"ENSG00000135093","ENSG00000135093","USP30","ubiquitin specific peptidase 30","84749","Downregulated",1.45907058612002,"USP30"
752.075345679346,-0.284868415238126,0.114716856169442,0.00752279270633263,0.034764382833299,"ENSG00000184939","ENSG00000184939","ZFP90","ZFP90 zinc finger protein","146198","Downregulated",1.45886547617256,"ZFP90"
376.053302938682,-0.347874382604688,0.145966575995644,0.00753853868188027,0.0348139312203194,"ENSG00000102302","ENSG00000102302","FGD1","FYVE, RhoGEF and PH domain containing 1","2245","Downregulated",1.45824693302445,"FGD1"
3265.14564543042,-0.236990756709519,0.0933755381651088,0.0075455340424812,0.0348230290691798,"ENSG00000123933","ENSG00000123933","MXD4","MAX dimerization protein 4","10608","Downregulated",1.45813345461978,"MXD4"
835.837605847432,-0.399057526324279,0.175643702197716,0.0075617239399446,0.0348861291889788,"ENSG00000104611","ENSG00000104611","SH2D4A","SH2 domain containing 4A","63898","Downregulated",1.45734721527891,"SH2D4A"
770.089998386522,-0.285054830384392,0.115106295374448,0.00757783649055656,0.0349372042324096,"ENSG00000230124","ENSG00000230124","ACBD6","acyl-CoA binding domain containing 6","84320","Downregulated",1.45671185135701,"ACBD6"
3263.72805575383,-0.223261635313598,0.088180948810467,0.00761992243789545,0.0350962130497817,"ENSG00000131374","ENSG00000131374","TBC1D5","TBC1 domain family member 5","9779","Downregulated",1.45473974223248,"TBC1D5"
19.8504127800971,-0.933350758667888,0.754230882610823,0.00762647459013296,0.035114721376961,"ENSG00000197208","ENSG00000197208","SLC22A4","solute carrier family 22 member 4","6583","Downregulated",1.45451077320892,"SLC22A4"
333.353578143144,-0.397156956032775,0.173512830816792,0.00767144682007374,0.0352866184797219,"ENSG00000117569","ENSG00000117569","PTBP2","polypyrimidine tract binding protein 2","58155","Downregulated",1.45238995813087,"PTBP2"
355.295668563064,-0.378237181650538,0.162919903159503,0.0076993439969093,0.0353914455897731,"ENSG00000159445","ENSG00000159445","THEM4","thioesterase superfamily member 4","117145","Downregulated",1.45110169792084,"THEM4"
165.121383613903,-0.440393374610492,0.199230587951306,0.00770279632508565,0.035395575022998,"ENSG00000138160","ENSG00000138160","KIF11","kinesin family member 11","3832","Downregulated",1.45105102789548,"KIF11"
134.293688635931,-0.546595163776646,0.275418687884239,0.00780590177120325,0.0358218518699026,"ENSG00000117724","ENSG00000117724","CENPF","centromere protein F","1063","Downregulated",1.44585196633481,"CENPF"
1627.33792714614,-0.266245899654534,0.108733238327592,0.00781155542033059,0.0358240723263936,"ENSG00000139625","ENSG00000139625","MAP3K12","mitogen-activated protein kinase kinase kinase 12","7786","Downregulated",1.4458250469528,"MAP3K12"
312.459581247561,-0.331292103696218,0.137009767739553,0.00784542522708291,0.0359674985848965,"ENSG00000169519","ENSG00000169519","METTL15","methyltransferase 15, mitochondrial 12S rRNA N4-cytidine","196074","Downregulated",1.44408976481011,"METTL15"
37.4290422213923,-0.70477080108122,0.409329985808737,0.00790728725531871,0.0362032025343449,"ENSG00000145358","ENSG00000145358","DDIT4L","DNA damage inducible transcript 4 like","115265","Downregulated",1.44125301008906,"DDIT4L"
304.920216050714,-0.551874884790943,0.289091026383626,0.00798944635100329,0.036544340091287,"ENSG00000088179","ENSG00000088179","PTPN4","protein tyrosine phosphatase non-receptor type 4","5775","Downregulated",1.43717987609223,"PTPN4"
353.407326685747,-0.327119633716539,0.136474594790495,0.00798970708395985,0.036544340091287,"ENSG00000185621","ENSG00000185621","LMLN","leishmanolysin like peptidase","89782","Downregulated",1.43717987609223,"LMLN"
1133.50816677107,-0.237571281953529,0.0941667089680185,0.00799879345108766,0.036573829903868,"ENSG00000167815","ENSG00000167815","PRDX2","peroxiredoxin 2","7001","Downregulated",1.43682955924017,"PRDX2"
160.099862587296,-0.521194377180272,0.257636044228819,0.00801735212359419,0.0366465973221939,"ENSG00000213462","ENSG00000213462","ERV3-1","endogenous retrovirus group 3 member 1, envelope","2086","Downregulated",1.4359663438823,"ERV3-1"
1280.76390257134,-0.295410898560048,0.12115107781957,0.00803040603825128,0.0366941632984255,"ENSG00000171914","ENSG00000171914","TLN2","talin 2","83660","Downregulated",1.43540301064918,"TLN2"
87.5127848494707,-0.524862027491953,0.257339536494006,0.00803317674560296,0.036694725285864,"ENSG00000121690","ENSG00000121690","DEPDC7","DEP domain containing 7","91614","Downregulated",1.43539635928687,"DEPDC7"
176.855983698139,-0.401484817696673,0.176820190098677,0.00803751079981971,0.036702425757727,"ENSG00000189298","ENSG00000189298","ZKSCAN3","zinc finger with KRAB and SCAN domains 3","80317","Downregulated",1.43530523115989,"ZKSCAN3"
4331.15808590945,-0.203501852224431,0.0794354053298967,0.00805991950547173,0.0367805151222696,"ENSG00000144028","ENSG00000144028","SNRNP200","small nuclear ribonucleoprotein U5 subunit 200","23020","Downregulated",1.43438219262941,"SNRNP200"
94.1581353017161,-0.577796622626314,0.302872249493489,0.00813635059245836,0.0370560903256262,"ENSG00000130518","ENSG00000130518","IQCN","IQ motif containing N","80726","Downregulated",1.43114040367811,"IQCN"
510.481504056773,-0.790426970894844,0.85202788322517,0.00814173628641221,0.0370684373171442,"ENSG00000172156","ENSG00000172156","CCL11","C-C motif chemokine ligand 11","6356","Downregulated",1.43099572200513,"CCL11"
20332.3957225709,-0.204944157636507,0.0805284505271974,0.00817723305671937,0.0372056050338391,"ENSG00000109971","ENSG00000109971","HSPA8","heat shock protein family A (Hsp70) member 8","3312","Downregulated",1.42939162861544,"HSPA8"
2153.75145196493,-0.265507471636692,0.107381273917935,0.00818363360746258,0.0372102946738267,"ENSG00000136010","ENSG00000136010","ALDH1L2","aldehyde dehydrogenase 1 family member L2","160428","Downregulated",1.42933689072262,"ALDH1L2"
420.26394328071,-0.309033281240072,0.12855291192711,0.00827664687084972,0.037559282574691,"ENSG00000152284","ENSG00000152284","TCF7L1","transcription factor 7 like 1","83439","Downregulated",1.42528271184865,"TCF7L1"
2531.56782691591,-0.21508656603223,0.0846931953171533,0.00827998084973561,0.0375621127975403,"ENSG00000141424","ENSG00000141424","SLC39A6","solute carrier family 39 member 6","25800","Downregulated",1.4252499874787,"SLC39A6"
167.604551212295,-0.491233525219904,0.236655661257624,0.00833702417642945,0.0377467553286951,"ENSG00000128487","ENSG00000128487","SPECC1","sperm antigen with calponin homology and coiled-coil domains 1","92521","Downregulated",1.42312037392634,"SPECC1"
852.144052907041,-0.247972224955311,0.0995889963245467,0.00833543373157068,0.0377467553286951,"ENSG00000196700","ENSG00000196700","ZNF512B","zinc finger protein 512B","57473","Downregulated",1.42312037392634,"ZNF512B"
2376.76876433155,-0.248348390377947,0.0997022990726425,0.00837718167362416,0.03791618576576,"ENSG00000102882","ENSG00000102882","MAPK3","mitogen-activated protein kinase 3","5595","Downregulated",1.42117535762615,"MAPK3"
148.246258795403,-0.478010365103174,0.227607726979857,0.00838999558581352,0.0379617854468788,"ENSG00000139880","ENSG00000139880","CDH24","cadherin 24","64403","Downregulated",1.42065336970386,"CDH24"
451.523657995387,-0.318297664734181,0.133091267995083,0.00840073657516799,0.0379855817929048,"ENSG00000198625","ENSG00000198625","MDM4","MDM4 regulator of p53","4194","Downregulated",1.42038121748891,"MDM4"
11.7758240396706,-0.448381227545694,0.927949335531184,0.00841788682145327,0.038050715413738,"ENSG00000283654","ENSG00000283654","CIROP","ciliated left-right organizer metallopeptidase","100128908","Downregulated",1.41963717339228,"CIROP"
1087.598550424,-0.237702019418878,0.095094904288053,0.00843525023771596,0.0381043458424073,"ENSG00000133884","ENSG00000133884","DPF2","double PHD fingers 2","5977","Downregulated",1.41902548973792,"DPF2"
109.295764470622,-0.512122217421837,0.251757366487525,0.00843266261092292,0.0381043458424073,"ENSG00000136828","ENSG00000136828","RALGPS1","Ral GEF with PH domain and SH3 binding motif 1","9649","Downregulated",1.41902548973792,"RALGPS1"
114.554316173418,-0.571981655589475,0.303387656152717,0.00846581536436062,0.0382175033011967,"ENSG00000095397","ENSG00000095397","WHRN","whirlin","25861","Downregulated",1.4177376882368,"WHRN"
78.9542974024861,-0.599557771401492,0.325220245464818,0.00854122836121044,0.0385077696350083,"ENSG00000184949","ENSG00000184949","FAM227A","family with sequence similarity 227 member A","646851","Downregulated",1.41445163492854,"FAM227A"
347.724097169376,-0.583296460893693,0.321939177404881,0.00855372615296287,0.0385515742289146,"ENSG00000243649","ENSG00000243649","CFB","complement factor B","629","Downregulated",1.41395788311311,"CFB"
622.588389963429,-0.270529741979604,0.111000804110863,0.00855846785343123,0.0385558316465533,"ENSG00000174652","ENSG00000174652","ZNF266","zinc finger protein 266","10781","Downregulated",1.4139099247369,"ZNF266"
122.929180657897,-0.54113939092581,0.278822061077299,0.00864246309010522,0.0388630421692953,"ENSG00000184194","ENSG00000184194","GPR173","G protein-coupled receptor 173","54328","Downregulated",1.41046320616481,"GPR173"
929.885486074859,-0.411826121436714,0.189555473229249,0.00865101781532106,0.038888892605428,"ENSG00000131149","ENSG00000131149","GSE1","Gse1 coiled-coil protein","23199","Downregulated",1.41017442358433,"GSE1"
160.094532337841,-0.493313668163716,0.239314233810045,0.00865506160777797,0.03889445487101,"ENSG00000153132","ENSG00000153132","CLGN","calmegin","1047","Downregulated",1.41011231102858,"CLGN"
514.705691823852,-0.308249423684407,0.128898993456078,0.00867787647691331,0.0389843403868854,"ENSG00000132840","ENSG00000132840","BHMT2","betaine--homocysteine S-methyltransferase 2","23743","Downregulated",1.40910980962233,"BHMT2"
1367.92321594645,-0.231199089986147,0.0925937650280047,0.00870563485075585,0.0390837037242064,"ENSG00000152556","ENSG00000152556","PFKM","phosphofructokinase, muscle","5213","Downregulated",1.4080042875641,"PFKM"
54.855550355115,-0.602092126038664,0.323784449843491,0.00871702829387982,0.0391221810637566,"ENSG00000108352","ENSG00000108352","RAPGEFL1","Rap guanine nucleotide exchange factor like 1","51195","Downregulated",1.40757694126813,"RAPGEFL1"
150.240004440346,-0.529124070392344,0.268381113219575,0.0087253254103775,0.0391340727710103,"ENSG00000164379","ENSG00000164379","FOXQ1","forkhead box Q1","94234","Downregulated",1.40744495174327,"FOXQ1"
180.162184335564,-0.545874324327517,0.287347074385867,0.00880014273847502,0.039429561538361,"ENSG00000118407","ENSG00000118407","FILIP1","filamin A interacting protein 1","27145","Downregulated",1.4041780523087,"FILIP1"
841.832086937588,-0.295520908699706,0.1230566193767,0.00880431870982798,0.039429561538361,"ENSG00000147454","ENSG00000147454","SLC25A37","solute carrier family 25 member 37","51312","Downregulated",1.4041780523087,"SLC25A37"
676.161672684053,-0.285926097077436,0.11810307916781,0.00880543278456075,0.039429561538361,"ENSG00000167515","ENSG00000167515","TRAPPC2L","trafficking protein particle complex subunit 2L","51693","Downregulated",1.4041780523087,"TRAPPC2L"
35.7726854225175,-0.789273584206047,0.53640157874684,0.00890264730173055,0.0397641198272062,"ENSG00000046889","ENSG00000046889","PREX2","phosphatidylinositol-3,4,5-trisphosphate dependent Rac exchange factor 2","80243","Downregulated",1.40050862614768,"PREX2"
408.228046660897,-0.316604603910901,0.133474552044541,0.00890310006665855,0.0397641198272062,"ENSG00000077312","ENSG00000077312","SNRPA","small nuclear ribonucleoprotein polypeptide A","6626","Downregulated",1.40050862614768,"SNRPA"
1068.45391355443,-0.265108183522735,0.108575365547294,0.00889803820729014,0.0397641198272062,"ENSG00000085982","ENSG00000085982","USP40","ubiquitin specific peptidase 40","55230","Downregulated",1.40050862614768,"USP40"
290.032030872487,-0.403673592648622,0.18231222593963,0.00891251878125445,0.0397933626898858,"ENSG00000185917","ENSG00000185917","SETD4","SET domain containing 4","54093","Downregulated",1.40018935977406,"SETD4"
263.519509321598,-0.444466219505207,0.209514901353341,0.00893392221901113,0.0398375894572958,"ENSG00000108641","ENSG00000108641","B9D1","B9 domain containing 1","27077","Downregulated",1.39970694828718,"B9D1"
3492.6867506634,-0.310185694612397,0.12925728040776,0.00894346925660554,0.039867333685203,"ENSG00000160211","ENSG00000160211","G6PD","glucose-6-phosphate dehydrogenase","2539","Downregulated",1.39938280884537,"G6PD"
421.45434645431,-0.376291186773842,0.166731603431528,0.00896045162939304,0.0399301926468676,"ENSG00000119772","ENSG00000119772","DNMT3A","DNA methyltransferase 3 alpha","1788","Downregulated",1.39869859450715,"DNMT3A"
420.614227814692,-0.344102870396627,0.148383266584375,0.0089658533881672,0.0399414214421759,"ENSG00000184465","ENSG00000184465","WDR27","WD repeat domain 27","253769","Downregulated",1.39857648344357,"WDR27"
221.089777890862,-0.727265355971246,0.959526920080272,0.00897538009117593,0.0399581730432403,"ENSG00000206052","ENSG00000206052","DOK6","docking protein 6","220164","Downregulated",1.39839437668674,"DOK6"
2303.24069771575,-0.335693059295668,0.145120832107525,0.00897860309974268,0.0399596854076216,"ENSG00000152952","ENSG00000152952","PLOD2","procollagen-lysine,2-oxoglutarate 5-dioxygenase 2","5352","Downregulated",1.39837793952193,"PLOD2"
4552.62553282797,-0.303254095425586,0.126589492789072,0.00898223371757953,0.0399630103023867,"ENSG00000112902","ENSG00000112902","SEMA5A","semaphorin 5A","9037","Downregulated",1.39834180501877,"SEMA5A"
1447.68971772538,-0.277303766047357,0.114380067665207,0.00899306058114416,0.0399855074090718,"ENSG00000070366","ENSG00000070366","SMG6","SMG6 nonsense mediated mRNA decay factor","23293","Downregulated",1.39809738849099,"SMG6"
3324.8191733992,-0.2282913123966,0.0920712689144405,0.00904058563634291,0.0401581654916912,"ENSG00000132475","ENSG00000132475","H3-3B","H3.3 histone B","3021","Downregulated",1.39622613488279,"H3-3B"
859.570387524459,-0.290615998427523,0.121049546567339,0.00909593843011959,0.0403910960278844,"ENSG00000108395","ENSG00000108395","TRIM37","tripartite motif containing 37","4591","Downregulated",1.39371436192276,"TRIM37"
196.74042932106,-0.381682058658437,0.169292559702777,0.00910400552135838,0.0404139694172024,"ENSG00000138092","ENSG00000138092","CENPO","centromere protein O","79172","Downregulated",1.39346849151912,"CENPO"
87.128831771853,-0.578098701137783,0.311738714948807,0.00913328070862752,0.0405179696993818,"ENSG00000023171","ENSG00000023171","GRAMD1B","GRAM domain containing 1B","57476","Downregulated",1.39235232467519,"GRAMD1B"
68.8802507270027,-0.578402754418444,0.307557681613116,0.00914897591071162,0.0405746102868968,"ENSG00000182389","ENSG00000182389","CACNB4","calcium voltage-gated channel auxiliary subunit beta 4","785","Downregulated",1.39174564281567,"CACNB4"
663.41118740472,-0.262274254396549,0.107416136444917,0.00917794456056341,0.0406900619529265,"ENSG00000138375","ENSG00000138375","SMARCAL1","SNF2 related chromatin remodeling annealing helicase 1","50485","Downregulated",1.39051164890824,"SMARCAL1"
1250.47043946719,-0.250944172419448,0.102438680150673,0.0091856089455675,0.0407110183487752,"ENSG00000138443","ENSG00000138443","ABI2","abl interactor 2","10152","Downregulated",1.39028803400669,"ABI2"
312.615389072094,-0.331258388376155,0.141856596003924,0.00924149436102163,0.0409194473959741,"ENSG00000065491","ENSG00000065491","TBC1D22B","TBC1 domain family member 22B","55633","Downregulated",1.3880702399281,"TBC1D22B"
238.03900665543,-0.488904910046612,0.244243989160824,0.00926982959548619,0.0409975239664188,"ENSG00000144040","ENSG00000144040","SFXN5","sideroflexin 5","94097","Downregulated",1.38724237157765,"SFXN5"
1815.47423249188,-0.26596059876175,0.109772965396823,0.00929438934751738,0.0410880197662658,"ENSG00000143393","ENSG00000143393","PI4KB","phosphatidylinositol 4-kinase beta","5298","Downregulated",1.38628478902061,"PI4KB"
507.390132226647,-0.31342608771246,0.133130774647778,0.00931464562575432,0.0411644367752963,"ENSG00000166167","ENSG00000166167","BTRC","beta-transducin repeat containing E3 ubiquitin protein ligase","8945","Downregulated",1.3854778223648,"BTRC"
420.190823488817,-0.351315993522962,0.15327086974268,0.00932065826982945,0.0411778778965784,"ENSG00000225830","ENSG00000225830","ERCC6","ERCC excision repair 6, chromatin remodeling factor","2074","Downregulated",1.38533603852307,"ERCC6"
137.301156272338,-0.476022623129403,0.231960705830462,0.0093646578608075,0.041332736717494,"ENSG00000185513","ENSG00000185513","L3MBTL1","L3MBTL histone methyl-lysine binding protein 1","26013","Downregulated",1.38370583831961,"L3MBTL1"
31.227886308949,-0.79352499821989,0.723998090689787,0.00937202885283014,0.0413521005639519,"ENSG00000168062","ENSG00000168062","BATF2","basic leucine zipper ATF-like transcription factor 2","116071","Downregulated",1.38350242468066,"BATF2"
838.617774956905,-0.277377589199718,0.115718489331196,0.00937606114051479,0.0413567254444285,"ENSG00000071794","ENSG00000071794","HLTF","helicase like transcription factor","6596","Downregulated",1.38345385525537,"HLTF"
107.146604923397,-0.642382952623993,0.404439635477351,0.00941750805540708,0.041499918645433,"ENSG00000162415","ENSG00000162415","ZSWIM5","zinc finger SWIM-type containing 5","57643","Downregulated",1.38195275465837,"ZSWIM5"
86.3468422068683,-0.566425062743338,0.30400212315674,0.00943320259212681,0.0415558660916355,"ENSG00000160050","ENSG00000160050","CCDC28B","coiled-coil domain containing 28B","79140","Downregulated",1.38136766185805,"CCDC28B"
427.364937459703,-0.329102487082347,0.141443549419029,0.00943757734079761,0.0415619270308593,"ENSG00000140598","ENSG00000140598","EFL1","elongation factor like GTPase 1","79631","Downregulated",1.38130432445781,"EFL1"
34.2341822323592,-0.720848812546733,0.462610015427759,0.00952190043217147,0.0419066427721386,"ENSG00000102935","ENSG00000102935","ZNF423","zinc finger protein 423","23090","Downregulated",1.37771713000213,"ZNF423"
3211.40737264743,-0.235430825658806,0.0955705185948439,0.00960124218597959,0.0421946201259005,"ENSG00000132274","ENSG00000132274","TRIM22","tripartite motif containing 22","10346","Downregulated",1.37474291867289,"TRIM22"
178.132478553907,-0.606280013642602,0.363835185726593,0.00960255659694712,0.0421946201259005,"ENSG00000144161","ENSG00000144161","ZC3H8","zinc finger CCCH-type containing 8","84524","Downregulated",1.37474291867289,"ZC3H8"
802.224745089919,-0.29096668180635,0.122570463604518,0.00964256380593792,0.0423569863031676,"ENSG00000197530","ENSG00000197530","MIB2","MIB E3 ubiquitin protein ligase 2","142678","Downregulated",1.3730749474896,"MIB2"
732.731183997568,-0.265873238700883,0.110266454950927,0.00967260713363319,0.042465024763889,"ENSG00000166532","ENSG00000166532","RIMKLB","ribosomal modification protein rimK like family member B","57494","Downregulated",1.37196861831612,"RIMKLB"
3071.33164256008,-0.284077717658611,0.119139868549219,0.00968152306145051,0.0424877226436487,"ENSG00000234851","ENSG00000234851","RPL23AP42","ribosomal protein L23a pseudogene 42","647099","Downregulated",1.37173654661825,"RPL23AP42"
637.65158092887,-0.739870692868327,0.716054350788457,0.00974744868178164,0.0427499655951936,"ENSG00000149256","ENSG00000149256","TENM4","teneurin transmembrane protein 4","26011","Downregulated",1.36906423045215,"TENM4"
190.282191634944,-0.44889258334909,0.215963086416829,0.0098036947369589,0.0429558663798651,"ENSG00000198846","ENSG00000198846","TOX","thymocyte selection associated high mobility group box","9760","Downregulated",1.36697751722442,"TOX"
491.371680928584,-0.381032364863262,0.172706297978684,0.00981545027153533,0.0429801975713138,"ENSG00000183054","ENSG00000183054","RGPD6","RANBP2 like and GRIP domain containing 6","729540","Downregulated",1.3667315924757,"RGPD6"
2081.93713815294,-0.29272379826288,0.123875954577119,0.00983823248703552,0.0430663499803617,"ENSG00000114573","ENSG00000114573","ATP6V1A","ATPase H+ transporting V1 subunit A","523","Downregulated",1.36586193461215,"ATP6V1A"
168.159818631087,-0.492681623098758,0.247872863889347,0.00985574104337224,0.0431134621611395,"ENSG00000161835","ENSG00000161835","TAMALIN","trafficking regulator and scaffold protein tamalin","160622","Downregulated",1.36538710038655,"TAMALIN"
377.17208837838,-0.421416889792321,0.198805891684495,0.00986143841913647,0.0431134621611395,"ENSG00000164116","ENSG00000164116","GUCY1A1","guanylate cyclase 1 soluble subunit alpha 1","2982","Downregulated",1.36538710038655,"GUCY1A1"
37.457603123677,-0.759163416911359,0.675699280182024,0.00985739716972704,0.0431134621611395,"ENSG00000260836","ENSG00000260836",NA,NA,NA,"Downregulated",1.36538710038655,"ENSG00000260836"
336.543308134791,-0.344609694054133,0.150824725000097,0.00995053218416307,0.0434892543488855,"ENSG00000187607","ENSG00000187607","ZNF286A","zinc finger protein 286A","57335","Downregulated",1.36161803852783,"ZNF286A"
98.6904380013468,-0.506727108598732,0.256907881884581,0.00996421564681043,0.0435216087769132,"ENSG00000149346","ENSG00000149346","SLX4IP","SLX4 interacting protein","128710","Downregulated",1.3612950593112,"SLX4IP"
75.9475240763227,-0.586793020425263,0.329206405495316,0.00998089292188403,0.043566990552564,"ENSG00000150967","ENSG00000150967","ABCB9","ATP binding cassette subfamily B member 9","23457","Downregulated",1.36084243849332,"ABCB9"
1246.65755256373,-0.238520760081312,0.0981975649889839,0.00997923145381299,0.043566990552564,"ENSG00000175550","ENSG00000175550","DRAP1","DR1 associated protein 1","10589","Downregulated",1.36084243849332,"DRAP1"
14.8487231832109,-0.910633780570589,1.07338490367192,0.00998670071221842,0.0435786162376055,"ENSG00000168672","ENSG00000168672","LRATD2","LRAT domain containing 2","157638","Downregulated",1.36072656412908,"LRATD2"
1405.41387577292,-0.238017545497582,0.0973976635907413,0.0100105454910073,0.0436689172048693,"ENSG00000165671","ENSG00000165671","NSD1","nuclear receptor binding SET domain protein 1","64324","Downregulated",1.35982757651879,"NSD1"
557.783025406721,-0.277327327329237,0.116579886323282,0.0101025146291754,0.0440562461440346,"ENSG00000130818","ENSG00000130818","ZNF426","zinc finger protein 426","79088","Downregulated",1.35599251009911,"ZNF426"
1652.67698579521,-0.238864446721687,0.0982099496420176,0.0101234592939736,0.0440782351100156,"ENSG00000125633","ENSG00000125633","CCDC93","CCC complex scaffolding subunit CCDC93","54520","Downregulated",1.35577580293409,"CCDC93"
26.7773107481602,-0.779444826335114,0.563489112825309,0.0101417786124889,0.0441302699499163,"ENSG00000143494","ENSG00000143494","VASH2","vasohibin 2","79805","Downregulated",1.35526341591559,"VASH2"
18.4968471445689,-0.837123890286251,0.72891450181982,0.0101924083640783,0.044308841755885,"ENSG00000111110","ENSG00000111110","PPM1H","protein phosphatase, Mg2+/Mn2+ dependent 1H","57460","Downregulated",1.3535096023855,"PPM1H"
6984.44672782752,-0.211325874628441,0.0855610449676447,0.0102105333943878,0.0443598063676553,"ENSG00000109099","ENSG00000109099","PMP22","peripheral myelin protein 22","5376","Downregulated",1.35301035823168,"PMP22"
189.118700147642,-0.414210351274367,0.193875462061947,0.0102674541896971,0.0445651887300381,"ENSG00000141956","ENSG00000141956","PRDM15","PR/SET domain 15","63977","Downregulated",1.35100424993409,"PRDM15"
128.753680780241,-0.438705676304379,0.209265221858449,0.0102756853599466,0.0445869515978396,"ENSG00000177432","ENSG00000177432","NAP1L5","nucleosome assembly protein 1 like 5","266812","Downregulated",1.35079221927393,"NAP1L5"
156.612345312388,-0.457956761891505,0.224186283550854,0.0102961199070494,0.0446476613866699,"ENSG00000143033","ENSG00000143033","MTF2","metal response element binding transcription factor 2","22823","Downregulated",1.35020128422143,"MTF2"
9261.38657393489,-0.247176777353263,0.102082603357582,0.0103121168066582,0.0447030424846656,"ENSG00000140285","ENSG00000140285","FGF7","fibroblast growth factor 7","2252","Downregulated",1.34966291782252,"FGF7"
82.8003740907732,-0.511013810593928,0.262778368514106,0.0104501387407149,0.0452318391387611,"ENSG00000100092","ENSG00000100092","SH3BP1","SH3 domain binding protein 1","23616","Downregulated",1.34455575336447,"SH3BP1"
836.193547274289,-0.274935702237782,0.115934344199118,0.0104520048150864,0.0452318391387611,"ENSG00000126001","ENSG00000126001","CEP250","centrosomal protein 250","11190","Downregulated",1.34455575336447,"CEP250"
1481.75971397188,-0.248266185698337,0.103393011418599,0.0104536821387872,0.0452318391387611,"ENSG00000255529","ENSG00000255529","POLR2M","RNA polymerase II subunit M","81488","Downregulated",1.34455575336447,"POLR2M"
312.433780496257,-0.396193558121487,0.183605389696407,0.010465290988678,0.0452603130824852,"ENSG00000133466","ENSG00000133466","C1QTNF6","C1q and TNF related 6","114904","Downregulated",1.34428244619381,"C1QTNF6"
101.273600625608,-0.536709820119141,0.287284530868761,0.0104667943884382,0.0452603130824852,"ENSG00000197978","ENSG00000197978","GOLGA6L9","golgin A6 family like 9","440295","Downregulated",1.34428244619381,"GOLGA6L9"
299.119688961015,-0.361875988790457,0.162862468755765,0.010494479370752,0.0453480915630948,"ENSG00000152620","ENSG00000152620","NADK2","NAD kinase 2, mitochondrial","133686","Downregulated",1.34344098514318,"NADK2"
82.2527403801604,-0.572214619369951,0.319620861608702,0.0104969101475148,0.0453480915630948,"ENSG00000164989","ENSG00000164989","CCDC171","coiled-coil domain containing 171","203238","Downregulated",1.34344098514318,"CCDC171"
261.235282056609,-0.376400749029596,0.171340259455259,0.0105243092066391,0.0454381312444893,"ENSG00000081692","ENSG00000081692","JMJD4","jumonji domain containing 4","65094","Downregulated",1.34257953836428,"JMJD4"
1129.72952597242,-0.239816333633676,0.0994861968485214,0.0105645311542456,0.0455975824561476,"ENSG00000083799","ENSG00000083799","CYLD","CYLD lysine 63 deubiquitinase","1540","Downregulated",1.34105818263792,"CYLD"
1065.13041293324,-0.231441709027099,0.0955405237842579,0.0106358888398153,0.0458769945319016,"ENSG00000112514","ENSG00000112514","CUTA","cutA divalent cation tolerance homolog","51596","Downregulated",1.33840504109693,"CUTA"
100.832008043531,-0.550628204095565,0.303039639728742,0.0106422692216416,0.0458902330873464,"ENSG00000285943","ENSG00000285943",NA,NA,NA,"Downregulated",1.33827973641536,"ENSG00000285943"
1346.16149312063,-0.238912052919288,0.0994378715042237,0.0106795767002914,0.0460081608608449,"ENSG00000088367","ENSG00000088367","EPB41L1","erythrocyte membrane protein band 4.1 like 1","2036","Downregulated",1.33716512696017,"EPB41L1"
83.4977120260702,-0.567619903765753,0.318038286373574,0.0107328471118867,0.0462089245491262,"ENSG00000112561","ENSG00000112561","TFEB","transcription factor EB","7942","Downregulated",1.33527413898649,"TFEB"
139.152775313647,-0.469967918293411,0.235172920481799,0.0107706710681382,0.0463429774397166,"ENSG00000088808","ENSG00000088808","PPP1R13B","protein phosphatase 1 regulatory subunit 13B","23368","Downregulated",1.33401606713432,"PPP1R13B"
859.163406389245,-0.279399631860828,0.118821113927812,0.010797537521963,0.0464123268695301,"ENSG00000100325","ENSG00000100325","ASCC2","activating signal cointegrator 1 complex subunit 2","84164","Downregulated",1.33336665779806,"ASCC2"
531.949768910055,-0.318917300904922,0.138983770574392,0.0108261703357612,0.0465095767772207,"ENSG00000082397","ENSG00000082397","EPB41L3","erythrocyte membrane protein band 4.1 like 3","23136","Downregulated",1.33245761241611,"EPB41L3"
32.2407086886688,-0.725974257238342,0.495308839477036,0.0108865347729096,0.0467399273289202,"ENSG00000166473","ENSG00000166473","PKD1L2","polycystin 1 like 2 (gene/pseudogene)","114780","Downregulated",1.33031196718285,"PKD1L2"
420.583558522232,-0.376513075820992,0.173323687870311,0.0109797254985922,0.0470962598839334,"ENSG00000182963","ENSG00000182963","GJC1","gap junction protein gamma 1","10052","Downregulated",1.32701358068988,"GJC1"
320.245248090289,-0.344750289195727,0.153791139432291,0.0109788663368185,0.0470962598839334,"ENSG00000204386","ENSG00000204386","NEU1","neuraminidase 1","4758","Downregulated",1.32701358068988,"NEU1"
277.048700358775,-0.324981287212222,0.142858850049503,0.0110627082787643,0.0474228499954825,"ENSG00000167186","ENSG00000167186","COQ7","coenzyme Q7, hydroxylase","10229","Downregulated",1.32401234955399,"COQ7"
1238.07327364111,-0.256589444972,0.108069985675013,0.0110661670142552,0.0474230082407428,"ENSG00000130522","ENSG00000130522","JUND","JunD proto-oncogene, AP-1 transcription factor subunit","3727","Downregulated",1.32401090035959,"JUND"
584.062804311786,-0.354989639579149,0.160719874916138,0.0110766732469636,0.0474533584326641,"ENSG00000131089","ENSG00000131089","ARHGEF9","Cdc42 guanine nucleotide exchange factor 9","23229","Downregulated",1.32373304567801,"ARHGEF9"
886.052249258203,-0.339967586961157,0.15140208096089,0.0111078200961566,0.0475720886009376,"ENSG00000163710","ENSG00000163710","PCOLCE2","procollagen C-endopeptidase enhancer 2","26577","Downregulated",1.32264778093347,"PCOLCE2"
309.495345285566,-0.473959762466797,0.243894821386832,0.0111897783147351,0.0478639313777511,"ENSG00000166348","ENSG00000166348","USP54","ubiquitin specific peptidase 54","159195","Downregulated",1.31999163281112,"USP54"
250.02273375023,-0.376303206462646,0.173547719580073,0.0112065002527863,0.0478911153263539,"ENSG00000184702","ENSG00000184702","SEPTIN5","septin 5","5413","Downregulated",1.31974504864458,"SEPTIN5"
20.567994686496,-0.787911113066079,0.624382461790583,0.0112181015631408,0.0479259154018399,"ENSG00000241549","ENSG00000241549",NA,NA,NA,"Downregulated",1.31942958319333,"ENSG00000241549"
82.4665726504854,-0.499136003434877,0.258428649548999,0.0112378445873886,0.0479954662978792,"ENSG00000234814","ENSG00000234814",NA,NA,NA,"Downregulated",1.31879978459953,"ENSG00000234814"
1533.08642597267,-0.227848348955026,0.0949225745193377,0.0112719080775662,0.0481112947480719,"ENSG00000151779","ENSG00000151779","NBAS","NBAS subunit of NRZ tethering complex","51594","Downregulated",1.31775295541552,"NBAS"
13.6690121212503,-0.751305022041817,1.45253211190112,0.0113201941127294,0.048257942235717,"ENSG00000156453","ENSG00000156453","PCDH1","protocadherin 1","5097","Downregulated",1.31643120075973,"PCDH1"
973.818902520058,-0.245032986298196,0.102688862382247,0.011364891427947,0.0484335886531113,"ENSG00000116337","ENSG00000116337","AMPD2","adenosine monophosphate deaminase 2","271","Downregulated",1.31485335101328,"AMPD2"
452.697403367599,-0.330673911832493,0.148127038810365,0.0114673692784881,0.048823494933622,"ENSG00000100395","ENSG00000100395","L3MBTL2","L3MBTL histone methyl-lysine binding protein 2","83746","Downregulated",1.31137113569188,"L3MBTL2"
561.919401670191,-0.320875385915729,0.142759352271903,0.0115009074695529,0.048922982388132,"ENSG00000187243","ENSG00000187243","MAGED4B","MAGE family member D4B","81557","Downregulated",1.3104870758543,"MAGED4B"
414.906804930484,-0.290029259559367,0.123452000194861,0.0115538937772628,0.0491332966735454,"ENSG00000066136","ENSG00000066136","NFYC","nuclear transcription factor Y subunit gamma","4802","Downregulated",1.30862409523631,"NFYC"
525.885726347141,-0.267858127390563,0.112464998819273,0.0115628993552791,0.049156509866507,"ENSG00000128581","ENSG00000128581","IFT22","intraflagellar transport 22","64792","Downregulated",1.30841895978732,"IFT22"
703.38651074274,-0.327945103022015,0.147499447796435,0.0116324860850819,0.0494068724036624,"ENSG00000163482","ENSG00000163482","STK36","serine/threonine kinase 36","27148","Downregulated",1.30621263732334,"STK36"
159.322510016407,-0.398333563717496,0.188025865962137,0.0116690788839149,0.0495167679890316,"ENSG00000120696","ENSG00000120696","KBTBD7","kelch repeat and BTB domain containing 7","84078","Downregulated",1.30524770991558,"KBTBD7"
