"baseMean","log2FoldChange","lfcSE","pvalue","padj","gene_id","ensembl_id","SYMBOL","GENENAME","ENTREZID","significance","neg_log10_padj","label"
981.634943440436,6.28886062241456,0.215912957049951,2.89988287279451e-187,4.01894767340592e-183,"ENSG00000109906","ENSG00000109906","ZBTB16","zinc finger and BTB domain containing 16","7704","Upregulated",182.395887648274,"ZBTB16"
3282.50057871818,2.95424951965388,0.123353025926317,6.171982311947e-129,4.27687514306367e-125,"ENSG00000120129","ENSG00000120129","DUSP1","dual specificity phosphatase 1","1843","Upregulated",124.368873428132,"DUSP1"
2433.56254590398,3.46120139348877,0.151782552015008,1.04502383327669e-117,4.82766176846056e-114,"ENSG00000189221","ENSG00000189221","MAOA","monoamine oxidase A","4128","Upregulated",113.31626316468,"MAOA"
14075.0453753175,3.71821281281505,0.164906702785849,4.88375353259827e-116,1.69209850520698e-112,"ENSG00000101347","ENSG00000101347","SAMHD1","SAM and HD domain containing deoxynucleoside triphosphate triphosphohydrolase 1","25939","Upregulated",111.771574358187,"SAMHD1"
12442.9716272704,3.75479049133781,0.171536160826754,1.17745983515878e-109,3.26368317109312e-106,"ENSG00000211445","ENSG00000211445","GPX3","glutathione peroxidase 3","2878","Upregulated",105.486292007922,"GPX3"
2682.176941304,3.22908021548326,0.150149856088966,6.08350646702207e-105,1.40518860210765e-101,"ENSG00000196136","ENSG00000196136","SERPINA3","serpin family A member 3","12","Upregulated",100.852265381554,"SERPINA3"
982.01207591237,4.49687444431322,0.210649015423577,1.72260594827409e-104,3.41051369101866e-101,"ENSG00000152583","ENSG00000152583","SPARCL1","SPARC like 1","8404","Upregulated",100.467180202716,"SPARCL1"
3611.92369136875,2.19600065938618,0.10624054698582,1.75828108006953e-96,3.04600218608546e-93,"ENSG00000125148","ENSG00000125148","MT2A","metallothionein 2A","4502","Upregulated",92.516269789311,"MT2A"
5569.44682101823,1.97001483926341,0.0955995757466946,4.77025112313322e-96,7.34565670172258e-93,"ENSG00000162614","ENSG00000162614","NEXN","nexilin F-actin binding protein","91624","Upregulated",92.1339693722106,"NEXN"
29743.4436225115,2.34803809109463,0.115624062206156,1.54387837471269e-93,2.13966103951432e-90,"ENSG00000154734","ENSG00000154734","ADAMTS1","ADAM metallopeptidase with thrombospondin type 1 motif 1","9510","Upregulated",89.6696550211967,"ADAMTS1"
1225.52207678537,2.18290659129182,0.108184509608431,6.75523906897858e-92,8.51098711427038e-89,"ENSG00000139132","ENSG00000139132","FGD4","FYVE, RhoGEF and PH domain containing 4","121512","Upregulated",88.0700200670107,"FGD4"
5455.42087132576,2.1861658608577,0.113006788220535,6.66716595334482e-85,7.70002107895048e-82,"ENSG00000134243","ENSG00000134243","SORT1","sortilin 1","6272","Upregulated",81.1135080859367,"SORT1"
3060.25270399349,2.01765450414684,0.109755170388806,3.42371672096165e-77,3.64994538736981e-74,"ENSG00000157214","ENSG00000157214","STEAP2","STEAP2 metalloreductase","261729","Upregulated",73.4377136336644,"STEAP2"
544.849497477746,4.45053181208247,0.24695547657661,3.23809010403982e-75,3.20547791084913e-72,"ENSG00000163884","ENSG00000163884","KLF15","KLF transcription factor 15","28999","Upregulated",71.4941072115207,"KLF15"
601.671804131965,2.82677801641049,0.161722837743482,5.87983389782972e-70,4.79344811706013e-67,"ENSG00000165995","ENSG00000165995","CACNB2","calcium voltage-gated channel auxiliary subunit beta 2","783","Upregulated",66.3193519689491,"CACNB2"
1046.83617507628,1.80809295649858,0.105582253160744,2.69114585635916e-67,2.07203280129342e-64,"ENSG00000162493","ENSG00000162493","PDPN","podoplanin","10630","Upregulated",63.6836033737782,"PDPN"
9711.66032296682,2.23772754164544,0.135682513374028,5.62005332606943e-63,4.09938521294717e-60,"ENSG00000163661","ENSG00000163661","PTX3","pentraxin 3","5806","Upregulated",59.3872812697789,"PTX3"
7405.35536631569,2.20018774625312,0.13440791257925,5.20603205247993e-62,3.60751991076597e-59,"ENSG00000166741","ENSG00000166741","NNMT","nicotinamide N-methyltransferase","4837","Upregulated",58.4427912632526,"NNMT"
5540.38041343254,1.95010287556195,0.122695763293073,1.92847375654246e-58,1.21485080872372e-55,"ENSG00000119139","ENSG00000119139","TJP2","tight junction protein 2","9414","Upregulated",54.9154770528693,"TJP2"
13343.8317838306,1.41928374404721,0.0891983983376935,3.44406671280743e-58,1.90925282291192e-55,"ENSG00000148175","ENSG00000148175","STOM","stomatin","2040","Upregulated",54.7191365586019,"STOM"
3696.48721861835,1.47746311949194,0.0936716894327796,4.05225301555033e-57,2.16000671317354e-54,"ENSG00000136478","ENSG00000136478","TEX2","testis expressed 2","55852","Upregulated",53.6655448990853,"TEX2"
1050.18141099192,1.98065534010199,0.127178646030399,4.08317789807336e-56,2.02102723176424e-53,"ENSG00000253368","ENSG00000253368","TRNP1","TMF1 regulated nuclear protein 1","388610","Upregulated",52.6944278346662,"TRNP1"
653.095430312262,1.8573349283034,0.120355122472432,5.65877698608943e-55,2.70431000862805e-52,"ENSG00000154930","ENSG00000154930","ACSS1","acyl-CoA synthetase short chain family member 1","84532","Upregulated",51.5679435245206,"ACSS1"
2032.25532235621,2.78817646732923,0.183348634420181,1.28428447405922e-54,5.93296617532892e-52,"ENSG00000198624","ENSG00000198624","CCDC69","coiled-coil domain containing 69","26112","Upregulated",51.2267281276292,"CCDC69"
720.161751418054,2.89789062448728,0.194783559849359,3.65512568662854e-52,1.58301209034328e-49,"ENSG00000179094","ENSG00000179094","PER1","period circadian regulator 1","5187","Upregulated",48.8005157681766,"PER1"
3199.2105742168,2.41296187204027,0.163403572239058,2.39364376676951e-51,9.75691440107607e-49,"ENSG00000116285","ENSG00000116285","ERRFI1","ERBB receptor feedback inhibitor 1","54206","Upregulated",48.0106875051262,"ERRFI1"
8466.06197254646,2.16660800040865,0.146558034413225,3.01254974059647e-51,1.19288362442647e-48,"ENSG00000145390","ENSG00000145390","USP53","ubiquitin specific peptidase 53","54532","Upregulated",47.9234019232489,"USP53"
3850.76292181502,2.19123989868158,0.14872248265677,5.28923799453276e-51,1.98117700989809e-48,"ENSG00000185432","ENSG00000185432","TMT1A","thiol methyltransferase 1A","25840","Upregulated",47.7030767203283,"TMT1A"
1707.6706309293,1.69249503131877,0.114345905533154,7.1848201555305e-51,2.62037954040782e-48,"ENSG00000070404","ENSG00000070404","FSTL3","follistatin like 3","10272","Upregulated",47.5816358001433,"FSTL3"
387.026753789963,3.40446496894334,0.235812315595223,3.04046502972398e-49,1.05344512117362e-46,"ENSG00000163083","ENSG00000163083","INHBB","inhibin subunit beta B","3625","Upregulated",45.9773880838739,"INHBB"
1607.04241014898,1.72117767474863,0.118683948553554,6.16140977654589e-49,2.08270678275974e-46,"ENSG00000262655","ENSG00000262655","SPON1","spondin 1","10418","Upregulated",45.6813718685991,"SPON1"
1202.49592873729,2.75083658536078,0.193068476554778,5.06980457947167e-48,1.67291480159281e-45,"ENSG00000046653","ENSG00000046653","GPM6B","glycoprotein M6B","2824","Upregulated",44.7765261762763,"GPM6B"
3313.93925031555,1.3829865625325,0.0966415474787889,7.06015636746835e-48,2.27550481620334e-45,"ENSG00000145675","ENSG00000145675","PIK3R1","phosphoinositide-3-kinase regulatory subunit 1","5295","Upregulated",44.6429222409538,"PIK3R1"
3018.63725555145,2.55561780561346,0.182562243926461,9.82348818442184e-47,3.02541606106449e-44,"ENSG00000103196","ENSG00000103196","CRISPLD2","cysteine rich secretory protein LCCL domain containing 2","83716","Upregulated",43.5192148918878,"CRISPLD2"
1449.41004786969,1.35592314293259,0.0965350878643225,6.13735497173957e-46,1.84907831637693e-43,"ENSG00000162616","ENSG00000162616","DNAJB4","DnaJ heat shock protein family (Hsp40) member B4","11080","Upregulated",42.7330446942221,"DNAJB4"
2879.86003728808,1.48095020620519,0.106443321792921,2.80302275236399e-45,8.26533879255587e-43,"ENSG00000134686","ENSG00000134686","PHC2","polyhomeotic homolog 2","1912","Upregulated",42.0827393401903,"PHC2"
186.955583429148,2.86862158532421,0.208044296453542,1.56581643858098e-44,4.42870408618242e-42,"ENSG00000157150","ENSG00000157150","TIMP4","TIMP metallopeptidase inhibitor 4","7079","Upregulated",41.3537233371078,"TIMP4"
5092.55663940483,1.1448599802715,0.0837278306957159,1.27230716744377e-43,3.39094327569294e-41,"ENSG00000102804","ENSG00000102804","TSC22D1","TSC22 domain family member 1","8848","Upregulated",40.4696794751171,"TSC22D1"
1868.85532639706,2.25833595276721,0.166817865387564,1.43600040917679e-43,3.75500559826058e-41,"ENSG00000197381","ENSG00000197381","ADARB1","adenosine deaminase RNA specific B1","104","Upregulated",40.4253894111786,"ADARB1"
454.149362473774,2.42373878479031,0.178846043250817,2.21377927073288e-43,5.68162350242353e-41,"ENSG00000126803","ENSG00000126803","HSPA2","heat shock protein family A (Hsp70) member 2","3306","Upregulated",40.24552754855,"HSPA2"
12551.1233146912,1.16297179685476,0.0861813775905421,4.13059220391641e-43,1.0408341337105e-40,"ENSG00000147027","ENSG00000147027","TMEM47","transmembrane protein 47","83604","Upregulated",39.982618473711,"TMEM47"
1888.58710268785,1.53696709768267,0.113815676891443,9.11593642230101e-43,2.25603147994053e-40,"ENSG00000164647","ENSG00000164647","STEAP1","STEAP family member 1","26872","Upregulated",39.6466548446403,"STEAP1"
19395.2671503288,2.25641829145845,0.169752260353661,2.1117199929642e-42,5.04591851422256e-40,"ENSG00000196569","ENSG00000196569","LAMA2","laminin subunit alpha 2","3908","Upregulated",39.2970597671179,"LAMA2"
6694.74014371893,1.15323241736436,0.0861852503887497,4.89367047609266e-42,1.1303563188028e-39,"ENSG00000163431","ENSG00000163431","LMOD1","leiomodin 1","25802","Upregulated",38.9467846335989,"LMOD1"
3078.63157149069,1.48859747979445,0.111973096225433,1.08313995757126e-41,2.46085847081641e-39,"ENSG00000133142","ENSG00000133142","TCEAL4","transcription elongation factor A like 4","79921","Upregulated",38.6089133627746,"TCEAL4"
175.55813921918,3.17440567109173,0.238943571586617,1.16371362094062e-41,2.60127533429291e-39,"ENSG00000187193","ENSG00000187193","MT1X","metallothionein 1X","4501","Upregulated",38.5848136770869,"MT1X"
9101.45648268841,1.71042825197985,0.130338533808112,5.71950021513186e-41,1.25819926161131e-38,"ENSG00000172403","ENSG00000172403","SYNPO2","synaptopodin 2","171024","Upregulated",37.9002505740216,"SYNPO2"
916.842885716681,2.18130630749647,0.166754945285712,1.01776209216665e-40,2.17002535928271e-38,"ENSG00000122035","ENSG00000122035","RASL11A","RAS like family 11 member A","387496","Upregulated",37.6635351908832,"RASL11A"
143.793266949766,4.77119848106618,0.362917551761825,1.00358307925479e-40,2.17002535928271e-38,"ENSG00000168309","ENSG00000168309","FAM107A","family with sequence similarity 107 member A","11170","Upregulated",37.6635351908832,"FAM107A"
1363.3055597745,1.33745481927902,0.102408835428574,4.17068790951945e-40,8.62709906537763e-38,"ENSG00000068383","ENSG00000068383","INPP5A","inositol polyphosphate-5-phosphatase A","3632","Upregulated",37.0641352149099,"INPP5A"
1830.8129464437,1.47838091146713,0.113887172567465,7.86159077105242e-40,1.60226156611787e-37,"ENSG00000221869","ENSG00000221869","CEBPD","CCAAT enhancer binding protein delta","1052","Upregulated",36.7952665847256,"CEBPD"
2017.59345766984,1.91897784705541,0.148923718647321,1.38566777348749e-39,2.74342423896616e-37,"ENSG00000149218","ENSG00000149218","ENDOD1","endonuclease domain containing 1","23052","Upregulated",36.5617070285618,"ENDOD1"
930.189296948757,2.26228701539081,0.176306596507787,2.07352681499592e-39,4.04746593366598e-37,"ENSG00000099337","ENSG00000099337","KCNK6","potassium two pore domain channel subfamily K member 6","9424","Upregulated",36.3928167978885,"KCNK6"
1443.45753285917,1.57902887335044,0.122918109583157,4.67304271130532e-39,8.87173958027129e-37,"ENSG00000151726","ENSG00000151726","ACSL1","acyl-CoA synthetase long chain family member 1","2180","Upregulated",36.0519912148877,"ACSL1"
577.628750748691,2.21803067615552,0.174260294873862,1.00589806559718e-38,1.85876550548151e-36,"ENSG00000141401","ENSG00000141401","IMPA2","inositol monophosphatase 2","3613","Upregulated",35.7307753956498,"IMPA2"
523.484338767387,2.21867106696707,0.176518719738661,9.70861805624966e-38,1.70318655242486e-35,"ENSG00000099998","ENSG00000099998","GGT5","gamma-glutamyltransferase 5","2687","Upregulated",34.768737780545,"GGT5"
804.109438961503,2.64343679189571,0.212816484386433,1.75421305032952e-37,3.03895483306459e-35,"ENSG00000221866","ENSG00000221866","PLXNA4","plexin A4","91584","Upregulated",34.5172757546409,"PLXNA4"
1780.19357539446,2.17122508265418,0.17865544828852,3.28250380927443e-36,5.61632349293016e-34,"ENSG00000115457","ENSG00000115457","IGFBP2","insulin like growth factor binding protein 2","3485","Upregulated",33.2505478853604,"IGFBP2"
2074.04054077391,2.04734869563455,0.168263130975455,1.09597630483086e-35,1.85233361081109e-33,"ENSG00000185950","ENSG00000185950","IRS2","insulin receptor substrate 2","8660","Upregulated",32.7322807928774,"IRS2"
1676.72995652142,2.07734358216911,0.171408035412862,1.52848885856909e-35,2.55220808324205e-33,"ENSG00000119138","ENSG00000119138","KLF9","KLF transcription factor 9","687","Upregulated",32.5930839201861,"KLF9"
3945.95200348434,1.5798483525665,0.129766503144639,1.61030495168301e-35,2.65681146730654e-33,"ENSG00000071282","ENSG00000071282","LMCD1","LIM and cysteine rich domains 1","29995","Upregulated",32.5756392629076,"LMCD1"
3034.87934662686,1.15379763046639,0.0944851886644413,2.06828605584607e-35,3.3722795821142e-33,"ENSG00000020577","ENSG00000020577","SAMD4A","sterile alpha motif domain containing 4A","23034","Upregulated",32.4720764269488,"SAMD4A"
3829.08162497731,1.70580960458658,0.141220747608835,3.20783412881161e-35,5.11004289554024e-33,"ENSG00000100242","ENSG00000100242","SUN2","Sad1 and UNC84 domain containing 2","25777","Upregulated",32.2915754542257,"SUN2"
836.235882226992,1.68896177348757,0.139319108527818,3.20359482695891e-35,5.11004289554024e-33,"ENSG00000106123","ENSG00000106123","EPHB6","EPH receptor B6","2051","Upregulated",32.2915754542257,"EPHB6"
4281.73461817917,1.07961109487026,0.0882614900034528,3.52490901689161e-35,5.55133114376146e-33,"ENSG00000109861","ENSG00000109861","CTSC","cathepsin C","1075","Upregulated",32.255602865693,"CTSC"
4914.05221486443,1.02333710684885,0.0845102537053722,9.57958548810032e-35,1.49172444134362e-32,"ENSG00000123562","ENSG00000123562","MORF4L2","mortality factor 4 like 2","9643","Upregulated",31.8263113944616,"MORF4L2"
2564.36914817482,1.62857972230589,0.135623217135212,1.24923939167674e-34,1.88187051404869e-32,"ENSG00000146122","ENSG00000146122","DAAM2","dishevelled associated activator of morphogenesis 2","23500","Upregulated",31.7254102624012,"DAAM2"
15886.0040945774,0.884764687887059,0.0734000688863495,2.06154632393029e-34,3.0721473659516e-32,"ENSG00000125868","ENSG00000125868","DSTN","destrin, actin depolymerizing factor","11034","Upregulated",31.5125579557354,"DSTN"
225.332047814332,4.04480563739086,0.348928264398465,2.61368675460766e-34,3.85351965235187e-32,"ENSG00000170214","ENSG00000170214","ADRA1B","adrenoceptor alpha 1B","147","Upregulated",31.4141424218379,"ADRA1B"
1643.67861770017,1.48218420440221,0.123928752844733,3.21730315838753e-34,4.69353731285187e-32,"ENSG00000156675","ENSG00000156675","RAB11FIP1","RAB11 family interacting protein 1","80223","Upregulated",31.3284997252145,"RAB11FIP1"
15681.6252629355,1.90953078922245,0.162504061687304,1.05069399202672e-33,1.51683000369775e-31,"ENSG00000138829","ENSG00000138829","FBN2","fibrillin 2","2201","Upregulated",30.8190630893471,"FBN2"
13305.2229181725,1.46714374093343,0.124942687511446,3.06565425008423e-33,4.33539818897116e-31,"ENSG00000163513","ENSG00000163513","TGFBR2","transforming growth factor beta receptor 2","7048","Upregulated",30.362971008146,"TGFBR2"
669.255482579637,2.17840999425702,0.186362365533559,3.11693036781046e-33,4.36338767348336e-31,"ENSG00000150907","ENSG00000150907","FOXO1","forkhead box O1","2308","Upregulated",30.3601761995791,"FOXO1"
804.928951209645,1.21982623609128,0.103533397946501,3.83031877237552e-33,5.30843878663524e-31,"ENSG00000160200","ENSG00000160200","CBS","cystathionine beta-synthase","875","Upregulated",30.2750331862714,"CBS"
996.73737357598,1.41507066816592,0.120321554535154,4.86701896038846e-33,6.61294272274741e-31,"ENSG00000131831","ENSG00000131831","RAI2","retinoic acid induced 2","10742","Upregulated",30.1796052388721,"RAI2"
7372.67101115792,1.55173949435307,0.133303160773222,6.95482580517772e-33,9.35795444989883e-31,"ENSG00000164442","ENSG00000164442","CITED2","Cbp/p300 interacting transactivator with Glu/Asp rich carboxy-terminal domain 2","10370","Upregulated",30.028819073079,"CITED2"
560.143696420907,2.17921581377905,0.189086639239681,1.70613100333126e-32,2.27358361299692e-30,"ENSG00000169715","ENSG00000169715","MT1E","metallothionein 1E","4493","Upregulated",29.6432890696113,"MT1E"
1493.94113154272,1.02802835896462,0.0884535915745092,2.10807826337965e-32,2.78246253830273e-30,"ENSG00000128923","ENSG00000128923","MINDY2","MINDY lysine 48 deubiquitinase 2","54629","Upregulated",29.5555706740797,"MINDY2"
1739.51397959606,1.15734655854411,0.0995218450463624,2.56979660538042e-32,3.32848702373526e-30,"ENSG00000077684","ENSG00000077684","JADE1","jade family PHD finger 1","79960","Upregulated",29.4777531318267,"JADE1"
2263.478086494,1.33996428862896,0.115871006464234,3.60169735280342e-32,4.62184477893542e-30,"ENSG00000187498","ENSG00000187498","COL4A1","collagen type IV alpha 1 chain","1282","Upregulated",29.3351846440546,"COL4A1"
3659.02315958469,1.20797296936075,0.105964414042287,2.8193656483326e-31,3.55214441093104e-29,"ENSG00000008256","ENSG00000008256","CYTH3","cytohesin 3","9265","Upregulated",28.4495093864758,"CYTH3"
357.65919829391,2.4026137474758,0.212908509040004,3.43766561705166e-31,4.29212682763233e-29,"ENSG00000060718","ENSG00000060718","COL11A1","collagen type XI alpha 1 chain","1301","Upregulated",28.3673274535917,"COL11A1"
3357.64800459478,1.09997741973663,0.0966460003140967,4.24363687677781e-31,5.25112173886283e-29,"ENSG00000003402","ENSG00000003402","CFLAR","CASP8 and FADD like apoptosis regulator","8837","Upregulated",28.279747913173,"CFLAR"
537.933007757745,1.87463184347027,0.167643210751354,2.40196340599363e-30,2.92007112663735e-28,"ENSG00000180914","ENSG00000180914","OXTR","oxytocin receptor","5021","Upregulated",27.5346065699454,"OXTR"
630.15250637595,1.75109939789848,0.158567488656627,9.7254728255275e-30,1.1619424818016e-27,"ENSG00000137672","ENSG00000137672","TRPC6","transient receptor potential cation channel subfamily C member 6","7225","Upregulated",26.934815369755,"TRPC6"
972.721123271108,1.25139633008772,0.113268833219326,1.56473636945944e-29,1.85347703797764e-27,"ENSG00000173918","ENSG00000173918","C1QTNF1","C1q and TNF related 1","114897","Upregulated",26.7320127899103,"C1QTNF1"
1116.03979537436,1.0558693040376,0.0953831351920953,1.84711287445246e-29,2.16941841754548e-27,"ENSG00000069431","ENSG00000069431","ABCC9","ATP binding cassette subfamily C member 9","10060","Upregulated",26.6636566771669,"ABCC9"
719.163559679671,1.20976678648055,0.111149696843416,1.19271933373867e-28,1.34389408506376e-26,"ENSG00000148120","ENSG00000148120","AOPEP","aminopeptidase O (putative)","84909","Upregulated",25.8716349575359,"AOPEP"
2599.60184415237,3.96489393851124,0.376143580490599,1.35145582824272e-28,1.51046986480773e-26,"ENSG00000096060","ENSG00000096060","FKBP5","FKBP prolyl isomerase 5","2289","Upregulated",25.8208879348583,"FKBP5"
2285.29197268392,1.00694278174658,0.0925477854041045,1.71528307542218e-28,1.90176865138208e-26,"ENSG00000137767","ENSG00000137767","SQOR","sulfide quinone oxidoreductase","58472","Upregulated",25.7208423157578,"SQOR"
1729.53805927717,1.34970827972516,0.125214959377052,2.43491337918432e-28,2.67821147000917e-26,"ENSG00000103064","ENSG00000103064","SLC7A6","solute carrier family 7 member 6","9057","Upregulated",25.5721551343322,"SLC7A6"
1102.79565616147,1.25986733822749,0.1177877772258,7.52373454118905e-28,8.02087976971838e-26,"ENSG00000256235","ENSG00000256235","SMIM3","small integral membrane protein 3","85027","Upregulated",25.0957779935389,"SMIM3"
9398.11448371041,1.12435665570556,0.105541431149668,1.15713937575789e-27,1.22418279455181e-25,"ENSG00000140545","ENSG00000140545","MFGE8","milk fat globule EGF and factor V/VIII domain containing","4240","Upregulated",24.9121537286464,"MFGE8"
1682.44640749416,1.10995856944887,0.104527444443208,2.11378262221561e-27,2.21931161827926e-25,"ENSG00000138073","ENSG00000138073","PREB","prolactin regulatory element binding","10113","Upregulated",24.6537817132716,"PREB"
4524.35470291952,0.999349080135741,0.0953126046599504,4.00729007221438e-27,4.11385430450511e-25,"ENSG00000198542","ENSG00000198542","ITGBL1","integrin subunit beta like 1","9358","Upregulated",24.3857510932611,"ITGBL1"
1811.69576299452,1.22064605881076,0.11603270612395,4.149954829963e-27,4.22898705797479e-25,"ENSG00000163378","ENSG00000163378","EOGT","EGF domain specific O-linked N-acetylglucosamine transferase","285203","Upregulated",24.3737636439282,"EOGT"
4880.84982447224,1.08819397813116,0.104224502444877,6.76916278009725e-27,6.84772459630422e-25,"ENSG00000196975","ENSG00000196975","ANXA4","annexin A4","307","Upregulated",24.1644537145562,"ANXA4"
3902.24461214585,1.04706042243628,0.0996991888716743,7.45258494089893e-27,7.48444744173321e-25,"ENSG00000162496","ENSG00000162496","DHRS3","dehydrogenase/reductase 3","9249","Upregulated",24.1258402570262,"DHRS3"
943.952818405374,1.05203698392902,0.100700558054178,1.56110278535762e-26,1.54538025016223e-24,"ENSG00000196507","ENSG00000196507","TCEAL3","transcription elongation factor A like 3","85012","Upregulated",23.8109646423048,"TCEAL3"
162.988540111593,2.84665043549566,0.279022397870637,3.57586354060904e-26,3.4899924513592e-24,"ENSG00000167641","ENSG00000167641","PPP1R14A","protein phosphatase 1 regulatory inhibitor subunit 14A","94274","Upregulated",23.4571755123923,"PPP1R14A"
2220.34307789833,1.0844786366126,0.105912367458083,1.08300643639302e-25,1.03513008289454e-23,"ENSG00000072958","ENSG00000072958","AP1M1","adaptor related protein complex 1 subunit mu 1","8907","Upregulated",22.9850050697883,"AP1M1"
18211.4082294879,1.53491867261098,0.152405021793084,2.31279886362069e-25,2.19541640074789e-23,"ENSG00000165507","ENSG00000165507","DEPP1","DEPP autophagy regulator 1","11067","Upregulated",22.6584830957425,"DEPP1"
14135.9877967732,1.58804632606489,0.157982178870918,2.39422476629577e-25,2.25724905007436e-23,"ENSG00000131386","ENSG00000131386","GALNT15","polypeptide N-acetylgalactosaminyltransferase 15","117248","Upregulated",22.6464205210703,"GALNT15"
209.715383679223,2.02099042677213,0.200946326701178,4.26260330753982e-25,3.96479323752982e-23,"ENSG00000119508","ENSG00000119508","NR4A3","nuclear receptor subfamily 4 group A member 3","8013","Upregulated",22.4017794560491,"NR4A3"
7137.37130557306,1.01007766933345,0.100119343416409,5.24543610034728e-25,4.84643326098086e-23,"ENSG00000164125","ENSG00000164125","GASK1B","golgi associated kinase 1B","51313","Upregulated",22.3145777634461,"GASK1B"
721.501141911655,1.11385783074683,0.110336790518168,5.70217770320802e-25,5.19911057820789e-23,"ENSG00000177674","ENSG00000177674","AGTRAP","angiotensin II receptor associated protein","57085","Upregulated",22.2840709455988,"AGTRAP"
2386.27225809357,1.13028481288563,0.112362102747017,6.12862804808145e-25,5.5514154325726e-23,"ENSG00000177666","ENSG00000177666","PNPLA2","patatin like domain 2, triacylglycerol lipase","57104","Upregulated",22.2555962716191,"PNPLA2"
1958.21331323942,1.05716091108904,0.105467846526288,8.49554328768118e-25,7.59611189832087e-23,"ENSG00000173221","ENSG00000173221","GLRX","glutaredoxin","2745","Upregulated",22.1194086462961,"GLRX"
1328.11586708677,1.47685095152498,0.149666820761399,2.16579884586217e-24,1.89973456992429e-22,"ENSG00000163110","ENSG00000163110","PDLIM5","PDZ and LIM domain 5","10611","Upregulated",21.7213070742419,"PDLIM5"
120.485416288132,4.31499643500534,0.451760464491952,2.8130477739105e-24,2.45195151563683e-22,"ENSG00000128045","ENSG00000128045","RASL11B","RAS like family 11 member B","65997","Upregulated",21.6104881217146,"RASL11B"
22327.3849808046,1.412841121003,0.143675884791663,3.06170635680349e-24,2.65201177493372e-22,"ENSG00000198431","ENSG00000198431","TXNRD1","thioredoxin reductase 1","7296","Upregulated",21.5764245519952,"TXNRD1"
4943.47639391094,1.30481252339873,0.133271354311458,6.68708103629684e-24,5.68565988233362e-22,"ENSG00000136546","ENSG00000136546","SCN7A","sodium voltage-gated channel alpha subunit 7","6332","Upregulated",21.2452191234784,"SCN7A"
137.500803967908,2.40118332495262,0.246822715588857,8.91706539085306e-24,7.48979450011106e-22,"ENSG00000177283","ENSG00000177283","FZD8","frizzled class receptor 8","8325","Upregulated",21.1255300980138,"FZD8"
1445.16683749033,1.2973219475094,0.132987574315976,1.06867152911258e-23,8.92211971203086e-22,"ENSG00000163171","ENSG00000163171","CDC42EP3","CDC42 effector protein 3","10602","Upregulated",21.0495319539339,"CDC42EP3"
336.919351440911,1.47355237527681,0.152741927008469,3.2062657014154e-23,2.61386096211271e-21,"ENSG00000206190","ENSG00000206190","ATP10A","ATPase phospholipid transporting 10A (putative)","57194","Upregulated",20.582717517365,"ATP10A"
5240.52368951387,0.81266176480721,0.0837216641110221,3.72748283111462e-23,2.98608003216286e-21,"ENSG00000131446","ENSG00000131446","MGAT1","alpha-1,3-mannosyl-glycoprotein 2-beta-N-acetylglucosaminyltransferase","4245","Upregulated",20.524898556604,"MGAT1"
424.323725416038,1.74224938844063,0.182054061438233,4.50165548696971e-23,3.58554272378812e-21,"ENSG00000127083","ENSG00000127083","OMD","osteomodulin","4958","Upregulated",20.4454450982648,"OMD"
1061.76652945372,1.51493112888254,0.158305991895981,4.62206010173851e-23,3.6604074828568e-21,"ENSG00000106617","ENSG00000106617","PRKAG2","protein kinase AMP-activated non-catalytic subunit gamma 2","51422","Upregulated",20.4364705655057,"PRKAG2"
220.901641340772,1.65491944069958,0.172918794560678,6.24718684901722e-23,4.91930468980282e-21,"ENSG00000213160","ENSG00000213160","KLHL23","kelch like family member 23","151230","Upregulated",20.3080962774606,"KLHL23"
4527.56446822535,0.78494970030294,0.0818129013768257,1.28428095143508e-22,1.00558472914908e-20,"ENSG00000134318","ENSG00000134318","ROCK2","Rho associated coiled-coil containing protein kinase 2","9475","Upregulated",19.9975813304858,"ROCK2"
6133.71797831117,0.760736934614843,0.0796166116613816,1.86046194704056e-22,1.44854731033905e-20,"ENSG00000152601","ENSG00000152601","MBNL1","muscleblind like splicing regulator 1","4154","Upregulated",19.8390673159358,"MBNL1"
1866.00765788555,1.00036029928921,0.105332875732222,1.90134028939733e-22,1.47210475255629e-20,"ENSG00000128699","ENSG00000128699","ORMDL1","ORMDL sphingolipid biosynthesis regulator 1","94101","Upregulated",19.8320612852169,"ORMDL1"
70.6682782492404,3.84217112638424,0.408908900361808,3.86981369649643e-22,2.94679934174417e-20,"ENSG00000173838","ENSG00000173838","MARCHF10","membrane associated ring-CH-type finger 10","162333","Upregulated",19.5306494358298,"MARCHF10"
841.718041906559,1.39628429890542,0.149326402322186,4.3452410072536e-22,3.2907483671873e-20,"ENSG00000099204","ENSG00000099204","ABLIM1","actin binding LIM protein 1","3983","Upregulated",19.4827053255209,"ABLIM1"
22600.9734793372,0.853728944358635,0.0916959965105305,4.65753579913076e-22,3.50808633913876e-20,"ENSG00000129116","ENSG00000129116","PALLD","palladin, cytoskeletal associated protein","23022","Upregulated",19.4549297265517,"PALLD"
6713.02788849189,0.739885679741367,0.0782303479450517,5.09373792055946e-22,3.81589804546127e-20,"ENSG00000113719","ENSG00000113719","ERGIC1","endoplasmic reticulum-golgi intermediate compartment 1","57222","Upregulated",19.4184032374494,"ERGIC1"
2493.59571189988,1.15824011698996,0.123640956904579,5.23904094418771e-22,3.90364884115578e-20,"ENSG00000181061","ENSG00000181061","HIGD1A","HIG1 hypoxia inducible domain family member 1A","25994","Upregulated",19.4085292568884,"HIGD1A"
2935.93698806781,0.814387257765093,0.086493676816974,5.98028204475311e-22,4.40854940735284e-20,"ENSG00000132155","ENSG00000132155","RAF1","Raf-1 proto-oncogene, serine/threonine kinase","5894","Upregulated",19.3557042876333,"RAF1"
8167.71769233858,1.01702687039347,0.108662559839273,6.31699332094067e-22,4.63212753623898e-20,"ENSG00000173517","ENSG00000173517","PEAK1","pseudopodium enriched atypical kinase 1","79834","Upregulated",19.3342194916981,"PEAK1"
3274.65936668977,0.808622811385231,0.0863745796733865,1.06108620468401e-21,7.73978616353457e-20,"ENSG00000103502","ENSG00000103502","CDIPT","CDP-diacylglycerol--inositol 3-phosphatidyltransferase","10423","Upregulated",19.1112710379321,"CDIPT"
5256.66386370887,1.42788662971053,0.155118277829623,1.08797925607911e-21,7.89440026701591e-20,"ENSG00000179820","ENSG00000179820","MYADM","myeloid associated differentiation marker","91663","Upregulated",19.102680857501,"MYADM"
1101.16883982679,1.10036492971922,0.11835140083274,1.1181303243219e-21,8.02910267605034e-20,"ENSG00000108950","ENSG00000108950","FAM20A","FAM20A golgi associated secretory pathway pseudokinase","54757","Upregulated",19.0953329882973,"FAM20A"
1796.18032653848,1.29718804967235,0.140233717836608,1.11413823110916e-21,8.02910267605034e-20,"ENSG00000243244","ENSG00000243244","STON1","stonin 1","11037","Upregulated",19.0953329882973,"STON1"
1503.69275071326,1.23722434287185,0.13345043498721,1.14370227081669e-21,8.17039678930335e-20,"ENSG00000114270","ENSG00000114270","COL7A1","collagen type VII alpha 1 chain","1294","Upregulated",19.0877568517637,"COL7A1"
3327.98924656804,0.909550473570257,0.0978458711238012,1.59372151990662e-21,1.13268648945569e-19,"ENSG00000144724","ENSG00000144724","PTPRG","protein tyrosine phosphatase receptor type G","5793","Upregulated",18.9458902796694,"PTPRG"
1299.08295458259,1.06578000749593,0.114963381866503,1.61832886273399e-21,1.14430712799135e-19,"ENSG00000008311","ENSG00000008311","AASS","aminoadipate-semialdehyde synthase","10157","Upregulated",18.9414573967927,"AASS"
4300.32948596556,1.11760698522608,0.121018014360612,1.69102592405692e-21,1.18964102951801e-19,"ENSG00000115419","ENSG00000115419","GLS","glutaminase","2744","Upregulated",18.9245840658496,"GLS"
2469.35363709213,0.847412461641943,0.0913147728644153,2.12106450086235e-21,1.48463802613391e-19,"ENSG00000138385","ENSG00000138385","SSB","small RNA binding exonuclease protection factor La","6741","Upregulated",18.828379420027,"SSB"
463.726636500663,1.21356883520086,0.132270848121787,3.78195511724313e-21,2.62070579849363e-19,"ENSG00000168646","ENSG00000168646","AXIN2","axin 2","8313","Upregulated",18.5815817303935,"AXIN2"
5120.24319795053,1.24726069761216,0.137636906623574,5.03758319756791e-21,3.47342614602456e-19,"ENSG00000118689","ENSG00000118689","FOXO3","forkhead box O3","2309","Upregulated",18.4592419309094,"FOXO3"
1485.07083839538,0.910736081976818,0.0997166913426961,7.29150030384362e-21,4.92940988833994e-19,"ENSG00000138604","ENSG00000138604","GLCE","glucuronic acid epimerase","26035","Upregulated",18.3072050680609,"GLCE"
13848.8123165089,0.920272385185592,0.101529045933261,1.02191595093232e-20,6.80900632883223e-19,"ENSG00000197043","ENSG00000197043","ANXA6","annexin A6","309","Upregulated",18.1669162621536,"ANXA6"
525.961324555249,1.80244380810271,0.202464615704341,1.47644705282683e-20,9.74384747863195e-19,"ENSG00000157510","ENSG00000157510","AFAP1L1","actin filament associated protein 1 like 1","134265","Upregulated",18.0112695227107,"AFAP1L1"
15114.6704069864,1.01306468716598,0.112206683669105,1.51039665037797e-20,9.92065743013665e-19,"ENSG00000164292","ENSG00000164292","RHOBTB3","Rho related BTB domain containing 3","22836","Upregulated",18.0034595467148,"RHOBTB3"
184.061965251299,1.94547307047805,0.21732572001131,1.75303811153576e-20,1.14600732017803e-18,"ENSG00000145244","ENSG00000145244","CORIN","corin, serine peptidase","10699","Upregulated",17.9408126082824,"CORIN"
1388.25755318421,0.984634575311581,0.109305746207669,2.12652727719062e-20,1.38364044763309e-18,"ENSG00000164930","ENSG00000164930","FZD6","frizzled class receptor 6","8323","Upregulated",17.8589767508445,"FZD6"
598.879622044743,1.92821800484999,0.218643562768038,2.35308606626723e-20,1.51681022290221e-18,"ENSG00000169738","ENSG00000169738","DCXR","dicarbonyl and L-xylulose reductase","51181","Upregulated",17.8190687529655,"DCXR"
2190.00300136874,3.11523728582631,0.358166931020047,3.00531596708757e-20,1.92077308664082e-18,"ENSG00000157514","ENSG00000157514","TSC22D3","TSC22 domain family member 3","1831","Upregulated",17.7165239381266,"TSC22D3"
1319.07078811958,0.851865707931202,0.094657538304872,3.00748798471072e-20,1.92077308664082e-18,"ENSG00000185561","ENSG00000185561","TLCD2","TLC domain containing 2","727910","Upregulated",17.7165239381266,"TLCD2"
964.455844428369,0.984930925936399,0.11027718066425,4.22431441040986e-20,2.67327732483426e-18,"ENSG00000114098","ENSG00000114098","ARMC8","armadillo repeat containing 8","25852","Upregulated",17.572955985352,"ARMC8"
3281.61728398914,0.998997168109731,0.112249291779091,4.80916590959704e-20,3.0295559245957e-18,"ENSG00000136436","ENSG00000136436","CALCOCO2","calcium binding and coiled-coil domain 2","10241","Upregulated",17.5186210261616,"CALCOCO2"
4834.92891559926,0.721785806564592,0.0811228152514469,9.42620963045657e-20,5.85819907033622e-18,"ENSG00000091527","ENSG00000091527","CDV3","CDV3 homolog","55573","Upregulated",17.2322358744298,"CDV3"
1832.97642364848,0.794596114447098,0.0899286283345392,1.49099496991056e-19,9.10295122818961e-18,"ENSG00000187239","ENSG00000187239","FNBP1","formin binding protein 1","23048","Upregulated",17.0408177841264,"FNBP1"
9336.34968674477,1.45941682070323,0.168709227715102,1.55824105390583e-19,9.47178191494778e-18,"ENSG00000116962","ENSG00000116962","NID1","nidogen 1","4811","Upregulated",17.0235683100115,"NID1"
766.883460069335,1.82295832797573,0.212666798460425,2.1080709139189e-19,1.27025020852183e-17,"ENSG00000035664","ENSG00000035664","DAPK2","death associated protein kinase 2","23604","Upregulated",16.8961107251247,"DAPK2"
1589.89841989955,1.2728477578791,0.146622294357146,2.16920650881304e-19,1.30143000024415e-17,"ENSG00000124151","ENSG00000124151","NCOA3","nuclear receptor coactivator 3","8202","Upregulated",16.8855791862372,"NCOA3"
2174.28197588045,1.21348301872798,0.13981345044966,2.35075807716216e-19,1.39824704684079e-17,"ENSG00000108604","ENSG00000108604","SMARCD2","SWI/SNF related BAF chromatin remodeling complex subunit D2","6603","Upregulated",16.8544160892478,"SMARCD2"
4393.23388559737,1.50324945898548,0.175151745675224,2.57459569808716e-19,1.52484281110214e-17,"ENSG00000138356","ENSG00000138356","AOX1","aldehyde oxidase 1","316","Upregulated",16.8167749233923,"AOX1"
1510.48061182226,1.48600922274065,0.173846123116615,4.26720250589164e-19,2.49532318688406e-17,"ENSG00000162878","ENSG00000162878","PKDCC","protein kinase domain containing, cytoplasmic","91461","Upregulated",16.60287319786,"PKDCC"
2313.74371923,0.932026480543474,0.107742504921697,4.53579773508992e-19,2.64124457187442e-17,"ENSG00000019995","ENSG00000019995","ZRANB1","zinc finger RANBP2-type containing 1","54764","Upregulated",16.5781913824744,"ZRANB1"
765.513579728657,1.65438647210594,0.194170341310009,4.56871813649125e-19,2.64928303990093e-17,"ENSG00000171793","ENSG00000171793","CTPS1","CTP synthase 1","1503","Upregulated",16.5768716407588,"CTPS1"
4652.7579028433,1.11199434359091,0.129266291901245,5.41225400298113e-19,3.11238291399649e-17,"ENSG00000137962","ENSG00000137962","ARHGAP29","Rho GTPase activating protein 29","9411","Upregulated",16.5069069774903,"ARHGAP29"
661.816048260938,1.19640509593053,0.139172597121172,5.88573051188743e-19,3.37067517207636e-17,"ENSG00000185022","ENSG00000185022","MAFF","MAF bZIP transcription factor F","23764","Upregulated",16.4722830979009,"MAFF"
609.110237390133,1.40161062699998,0.163856877748416,5.9720042969247e-19,3.40600854119668e-17,"ENSG00000169218","ENSG00000169218","RSPO1","R-spondin 1","284654","Upregulated",16.4677542672983,"RSPO1"
1623.49463196149,1.71600338725148,0.203150033166841,6.53231800876247e-19,3.69515899116078e-17,"ENSG00000170873","ENSG00000170873","MTSS1","MTSS I-BAR domain containing 1","9788","Upregulated",16.4323668705308,"MTSS1"
1957.28266935192,1.19348908054962,0.139500724106439,6.84735488350907e-19,3.85762159880293e-17,"ENSG00000023909","ENSG00000023909","GCLM","glutamate-cysteine ligase modifier subunit","2730","Upregulated",16.4136803753473,"GCLM"
3967.32971742993,1.63802536896632,0.194464664748228,8.04034592911142e-19,4.51138276241114e-17,"ENSG00000241399","ENSG00000241399","CD302","CD302 molecule","9936","Upregulated",16.3456903241878,"CD302"
20138.0191790248,0.709773646131797,0.0820789461203036,8.17998374649171e-19,4.57122559446083e-17,"ENSG00000049323","ENSG00000049323","LTBP1","latent transforming growth factor beta binding protein 1","4052","Upregulated",16.3399673453237,"LTBP1"
3175.00120555038,0.835404147724857,0.0971410251108949,9.95969235039246e-19,5.52125505136357e-17,"ENSG00000169764","ENSG00000169764","UGP2","UDP-glucose pyrophosphorylase 2","7360","Upregulated",16.2579621903999,"UGP2"
292.627874109486,2.41457276047703,0.291211944659896,1.12973919337861e-18,6.23787070957534e-17,"ENSG00000140807","ENSG00000140807","NKD1","NKD inhibitor of Wnt signaling pathway 1","85407","Upregulated",16.2049636309735,"NKD1"
65.9797833705743,10.9366615311536,2.93396867694615,1.2187915951937e-18,6.70287012610696e-17,"ENSG00000179593","ENSG00000179593","ALOX15B","arachidonate 15-lipoxygenase type B","247","Upregulated",16.1737391953551,"ALOX15B"
8561.94560172303,0.878273613449219,0.103099775796492,1.2661233510825e-18,6.93565356626577e-17,"ENSG00000147526","ENSG00000147526","TACC1","transforming acidic coiled-coil containing protein 1","6867","Upregulated",16.1589126078641,"TACC1"
2207.17745781008,0.961616966297521,0.112852943638068,1.27976068847649e-18,6.98275723684871e-17,"ENSG00000106615","ENSG00000106615","RHEB","Ras homolog, mTORC1 binding","6009","Upregulated",16.1559730564166,"RHEB"
5775.83834518649,1.10198278836071,0.129821786069849,1.38279133309065e-18,7.51533532756992e-17,"ENSG00000107796","ENSG00000107796","ACTA2","actin alpha 2, smooth muscle","59","Upregulated",16.1240516368117,"ACTA2"
3675.95213560246,1.20983479504092,0.142941480634279,1.58438065540816e-18,8.57731699347721e-17,"ENSG00000084090","ENSG00000084090","STARD7","StAR related lipid transfer domain containing 7","56910","Upregulated",16.0666485393249,"STARD7"
154.439279735613,1.81144160055761,0.214189871565226,1.7891593638024e-18,9.64823331631809e-17,"ENSG00000137393","ENSG00000137393","RNF144B","ring finger protein 144B","255488","Upregulated",16.0155522028444,"RNF144B"
2385.35674881254,0.935962819446729,0.110361849581041,2.2311454960819e-18,1.19387820193819e-16,"ENSG00000163697","ENSG00000163697","APBB2","amyloid beta precursor protein binding family B member 2","323","Upregulated",15.9230399771633,"APBB2"
5566.61946995743,0.732495866730048,0.0857974714863474,2.43021820642577e-18,1.29539977395595e-16,"ENSG00000106772","ENSG00000106772","PRUNE2","prune homolog 2 with BCH domain","158471","Upregulated",15.8875961830654,"PRUNE2"
1534.3674266422,0.948289295191182,0.11227117962336,2.91357226387605e-18,1.54709570900606e-16,"ENSG00000165802","ENSG00000165802","NSMF","NMDA receptor synaptonuclear signaling and neuronal migration factor","26012","Upregulated",15.8104828184225,"NSMF"
778.351395980798,1.04286277370466,0.123817205565299,3.20673873284947e-18,1.69626687399087e-16,"ENSG00000159212","ENSG00000159212","CLIC6","chloride intracellular channel 6","54102","Upregulated",15.7705058190701,"CLIC6"
518.651909194633,1.04095251620096,0.123823686879936,3.58523830771533e-18,1.88927063523296e-16,"ENSG00000159884","ENSG00000159884","CCDC107","coiled-coil domain containing 107","203260","Upregulated",15.7237058255776,"CCDC107"
14041.1360581155,1.17825650368376,0.14114816610646,3.91962161170916e-18,2.05765287563171e-16,"ENSG00000149591","ENSG00000149591","TAGLN","transgelin","6876","Upregulated",15.6866278885206,"TAGLN"
1066.10091215353,1.09349931411301,0.130562061158356,4.69248730848301e-18,2.43569968570285e-16,"ENSG00000182552","ENSG00000182552","RWDD4","RWD domain containing 4","201965","Upregulated",15.6133762599153,"RWDD4"
358.904574319904,1.64523039282491,0.198449126887522,5.14835027079004e-18,2.6623502389134e-16,"ENSG00000162772","ENSG00000162772","ATF3","activating transcription factor 3","467","Upregulated",15.5747348125646,"ATF3"
219.526546566675,1.49095874951614,0.179101008048631,5.79957905081374e-18,2.98796899870735e-16,"ENSG00000170775","ENSG00000170775","GPR37","G protein-coupled receptor 37","2861","Upregulated",15.5246239128005,"GPR37"
216.229492141602,1.97246435093122,0.239614498405865,6.48062058633763e-18,3.32647854466864e-16,"ENSG00000124440","ENSG00000124440","HIF3A","hypoxia inducible factor 3 subunit alpha","64344","Upregulated",15.4780152733489,"HIF3A"
1840.09208148825,1.54728905250262,0.188956863472238,7.49740209316666e-18,3.83418802985966e-16,"ENSG00000111859","ENSG00000111859","NEDD9","neural precursor cell expressed, developmentally down-regulated 9","4739","Upregulated",15.4163265929895,"NEDD9"
285.775793983378,1.64117788897921,0.199089371436253,7.56452713658988e-18,3.85429344066173e-16,"ENSG00000103175","ENSG00000103175","WFDC1","WAP four-disulfide core domain 1","58189","Upregulated",15.4140552240841,"WFDC1"
6636.85453307399,0.653580112607381,0.0780134023694536,1.01186053499305e-17,5.13676745584933e-16,"ENSG00000076513","ENSG00000076513","ANKRD13A","ankyrin repeat domain 13A","88455","Upregulated",15.2893100945691,"ANKRD13A"
4554.45582297688,0.979622893843452,0.118481876596137,1.15520775320841e-17,5.84307454442166e-16,"ENSG00000113389","ENSG00000113389","NPR3","natriuretic peptide receptor 3","4883","Upregulated",15.2333585730386,"NPR3"
925.476125945885,1.03729273918132,0.125481327456134,1.22827485884886e-17,6.16763089448783e-16,"ENSG00000151690","ENSG00000151690","MFSD6","major facilitator superfamily domain containing 6","54842","Upregulated",15.2098816247891,"MFSD6"
19774.3151006625,2.87021946599127,0.360089778325511,1.57483442503804e-17,7.8509461498569e-16,"ENSG00000135821","ENSG00000135821","GLUL","glutamate-ammonia ligase","2752","Upregulated",15.1050780014839,"GLUL"
1752.25309022597,0.748812169360177,0.0908252589343075,2.02776607918149e-17,1.00726917890237e-15,"ENSG00000104756","ENSG00000104756","KCTD9","potassium channel tetramerization domain containing 9","54793","Upregulated",14.9968544546795,"KCTD9"
7724.6420222331,1.07708470815029,0.131774875104708,2.05246836566448e-17,1.01589853856229e-15,"ENSG00000157654","ENSG00000157654","PALM2AKAP2","PALM2 and AKAP2 fusion","445815","Upregulated",14.9931496644368,"PALM2AKAP2"
3374.08876976735,1.0148331644297,0.1240561509451,2.12696979323823e-17,1.04902755745511e-15,"ENSG00000174306","ENSG00000174306","ZHX3","zinc fingers and homeoboxes 3","23051","Upregulated",14.9792131029471,"ZHX3"
1844.19072257248,0.952643656082171,0.116059677851249,2.15206138681226e-17,1.05390172296223e-15,"ENSG00000120837","ENSG00000120837","NFYB","nuclear transcription factor Y subunit beta","4801","Upregulated",14.9771998854851,"NFYB"
3513.58252551469,0.863107041847321,0.104948478651499,2.14839027639928e-17,1.05390172296223e-15,"ENSG00000143382","ENSG00000143382","ADAMTSL4","ADAMTS like 4","54507","Upregulated",14.9771998854851,"ADAMTSL4"
3207.5002339294,0.706932342783445,0.0853946886267543,2.1946151423707e-17,1.07095673444069e-15,"ENSG00000114853","ENSG00000114853","ZBTB47","zinc finger and BTB domain containing 47","92999","Upregulated",14.9702280738677,"ZBTB47"
778.405248560879,0.874294657477123,0.106363824934374,2.54461202835468e-17,1.2330691643695e-15,"ENSG00000172985","ENSG00000172985","SH3RF3","SH3 domain containing ring finger 3","344558","Upregulated",14.9090125626082,"SH3RF3"
524.335538315182,1.03597892642966,0.12654988007807,2.56184094010239e-17,1.23709245954282e-15,"ENSG00000183044","ENSG00000183044","ABAT","4-aminobutyrate aminotransferase","18","Upregulated",14.9075978402507,"ABAT"
1049.17795939005,0.783709730563147,0.0955657829965609,3.36283170959834e-17,1.61824599525429e-15,"ENSG00000113456","ENSG00000113456","RAD1","RAD1 checkpoint DNA exonuclease","5810","Upregulated",14.7909554590767,"RAD1"
16617.0760591931,0.865260382337486,0.106129781318067,3.43288923902165e-17,1.64624262849831e-15,"ENSG00000035403","ENSG00000035403","VCL","vinculin","7414","Upregulated",14.7835061566981,"VCL"
789.181087012267,0.940386814596637,0.116238824523742,3.62048107253697e-17,1.73021542014793e-15,"ENSG00000103381","ENSG00000103381","CPPED1","calcineurin like phosphoesterase domain containing 1","55313","Upregulated",14.7618998217514,"CPPED1"
50.0365498227517,3.62673835941316,0.450058481670833,4.6083743131315e-17,2.19475806205118e-15,"ENSG00000152779","ENSG00000152779","SLC16A12","solute carrier family 16 member 12","387700","Upregulated",14.6586133469969,"SLC16A12"
430.462455695954,1.14145417095011,0.141483359578631,6.1963800128082e-17,2.90120373640233e-15,"ENSG00000138074","ENSG00000138074","SLC5A6","solute carrier family 5 member 6","8884","Upregulated",14.5374217718907,"SLC5A6"
4090.4543108853,1.05450893755782,0.13111857273595,6.18223107262982e-17,2.90120373640233e-15,"ENSG00000166825","ENSG00000166825","ANPEP","alanyl aminopeptidase, membrane","290","Upregulated",14.5374217718907,"ANPEP"
2410.54147647789,1.03697598778035,0.128862254276002,6.73688710558978e-17,3.13310464417345e-15,"ENSG00000106034","ENSG00000106034","CPED1","cadherin like and PC-esterase domain containing 1","79974","Upregulated",14.5040250996513,"CPED1"
6215.89504527182,0.779798097956049,0.0964787289535485,8.49374652168169e-17,3.92382776813289e-15,"ENSG00000162545","ENSG00000162545","CAMK2N1","calcium/calmodulin dependent protein kinase II inhibitor 1","55450","Upregulated",14.4062900637261,"CAMK2N1"
406.37945685891,1.40190094856588,0.1758442481604,8.85127563912511e-17,4.06191487028592e-15,"ENSG00000074590","ENSG00000074590","NUAK1","NUAK family kinase 1","9891","Upregulated",14.3912691827905,"NUAK1"
3589.21251995748,0.854647104261178,0.106403791341949,9.95090902905712e-17,4.55147353906609e-15,"ENSG00000114019","ENSG00000114019","AMOTL2","angiomotin like 2","51421","Upregulated",14.3418479777864,"AMOTL2"
4236.59261160163,0.916786141843335,0.114361285750409,1.07885475388383e-16,4.91837106384078e-15,"ENSG00000101955","ENSG00000101955","SRPX","sushi repeat containing protein X-linked","8406","Upregulated",14.3081787092493,"SRPX"
915.67405208706,1.92833369324211,0.248395107292194,1.1243759896433e-16,5.10909076736604e-15,"ENSG00000159167","ENSG00000159167","STC1","stanniocalcin 1","6781","Upregulated",14.2916563816364,"STC1"
2251.0109159459,0.692233311856747,0.0858860740691645,1.21127411501632e-16,5.48596338562458e-15,"ENSG00000051108","ENSG00000051108","HERPUD1","homocysteine inducible ER protein with ubiquitin like domain 1","9709","Upregulated",14.2607470952868,"HERPUD1"
416.495417176105,1.48936317590304,0.188928903490545,1.43475441190812e-16,6.43503605004356e-15,"ENSG00000147119","ENSG00000147119","CHST7","carbohydrate sulfotransferase 7","56548","Upregulated",14.1914490157695,"CHST7"
2360.52030424017,0.714772717168553,0.088944846795452,1.47328881008748e-16,6.58655149000077e-15,"ENSG00000132356","ENSG00000132356","PRKAA1","protein kinase AMP-activated catalytic subunit alpha 1","5562","Upregulated",14.1813419087536,"PRKAA1"
25168.8847428044,0.627915962586223,0.0778866585341373,1.49122388908363e-16,6.64529642405466e-15,"ENSG00000182718","ENSG00000182718","ANXA2","annexin A2","302","Upregulated",14.1774856418906,"ANXA2"
3057.9297754279,0.624237205894083,0.0776233102334262,1.69994927095227e-16,7.52702777831549e-15,"ENSG00000061273","ENSG00000061273","HDAC7","histone deacetylase 7","51564","Upregulated",14.1233764812094,"HDAC7"
1689.92818112198,1.59309598749919,0.204890391029556,1.78250411103383e-16,7.86742817669357e-15,"ENSG00000108960","ENSG00000108960","MMD","monocyte to macrophage differentiation associated","23531","Upregulated",14.1041672131568,"MMD"
240.694170772226,1.99140773085324,0.256522657952749,2.35160547378633e-16,1.02810410918627e-14,"ENSG00000116194","ENSG00000116194","ANGPTL1","angiopoietin like 1","9068","Upregulated",13.9879629050336,"ANGPTL1"
626.882979701113,1.06393177167846,0.134975259545506,2.62259533031368e-16,1.14297322901941e-14,"ENSG00000112576","ENSG00000112576","CCND3","cyclin D3","896","Upregulated",13.9419639416304,"CCND3"
301.891183340262,1.25304689319076,0.15907207852701,2.72634644446908e-16,1.18446505874285e-14,"ENSG00000128311","ENSG00000128311","TST","thiosulfate sulfurtransferase","7263","Upregulated",13.92647774627,"TST"
5127.13939424794,0.989002498855565,0.126240213989339,3.64370081342689e-16,1.56340710753199e-14,"ENSG00000213639","ENSG00000213639","PPP1CB","protein phosphatase 1 catalytic subunit beta","5500","Upregulated",13.805927917993,"PPP1CB"
514.896219789648,0.982366209469235,0.125428322310606,4.77344275332719e-16,2.0292988686614e-14,"ENSG00000185813","ENSG00000185813","PCYT2","phosphate cytidylyltransferase 2, ethanolamine","5833","Upregulated",13.6926539867508,"PCYT2"
4025.22539505612,1.27776864731818,0.16594517995751,6.28264026032882e-16,2.66272511828431e-14,"ENSG00000130066","ENSG00000130066","SAT1","spermidine/spermine N1-acetyltransferase 1","6303","Upregulated",13.5746736648694,"SAT1"
1336.41570694005,1.15490371799838,0.149734526133499,7.89851482696865e-16,3.30711531682654e-14,"ENSG00000107104","ENSG00000107104","KANK1","KN motif and ankyrin repeat domains 1","23189","Upregulated",13.4805506612737,"KANK1"
1284.18713731177,0.935437404595268,0.121002699201968,1.03465912549761e-15,4.26766095841411e-14,"ENSG00000132970","ENSG00000132970","WASF3","WASP family member 3","10810","Upregulated",13.3698100901235,"WASF3"
11503.5358119782,1.18800674663259,0.155618981989813,1.17153681520899e-15,4.81790169791734e-14,"ENSG00000118523","ENSG00000118523","CCN2","cellular communication network factor 2","1490","Upregulated",13.317142065377,"CCN2"
157.368236375716,2.42012269883549,0.32343582942535,1.26026469763996e-15,5.16745811970182e-14,"ENSG00000102554","ENSG00000102554","KLF5","KLF transcription factor 5","688","Upregulated",13.2867230344793,"KLF5"
343.20312667821,1.33532957413636,0.175282673833663,1.52784078589791e-15,6.19132907946172e-14,"ENSG00000099860","ENSG00000099860","GADD45B","growth arrest and DNA damage inducible beta","4616","Upregulated",13.2082161118979,"GADD45B"
650.81161609532,1.34139272400783,0.177447111362514,1.94602852079057e-15,7.81739399119898e-14,"ENSG00000072163","ENSG00000072163","LIMS2","LIM zinc finger domain containing 2","55679","Upregulated",13.1069379993526,"LIMS2"
1016.32671190015,0.999892525322459,0.131307861670198,2.2700330138776e-15,9.06639410355321e-14,"ENSG00000087448","ENSG00000087448","KLHL42","kelch like family member 42","57542","Upregulated",13.0425654066894,"KLHL42"
10945.9680939335,0.87252629812095,0.114360269346895,2.49383543007595e-15,9.9033862565606e-14,"ENSG00000071242","ENSG00000071242","RPS6KA2","ribosomal protein S6 kinase A2","6196","Upregulated",13.0042162820606,"RPS6KA2"
5220.06727484082,0.879435832410049,0.115226924936849,2.49388974928902e-15,9.9033862565606e-14,"ENSG00000115993","ENSG00000115993","TRAK2","trafficking kinesin protein 2","66008","Upregulated",13.0042162820606,"TRAK2"
3471.77578204272,0.736011834230769,0.0967015927720859,4.01052568324912e-15,1.57903055239061e-13,"ENSG00000169047","ENSG00000169047","IRS1","insulin receptor substrate 1","3667","Upregulated",12.8016094668212,"IRS1"
229.20444769049,2.61779759993448,0.363603842983386,5.1725385952792e-15,2.03077088929106e-13,"ENSG00000143127","ENSG00000143127","ITGA10","integrin subunit alpha 10","8515","Upregulated",12.6923390707504,"ITGA10"
1551.98779757919,1.20886154876502,0.163001375703512,6.56450136284425e-15,2.54838723774954e-13,"ENSG00000083290","ENSG00000083290","ULK2","unc-51 like autophagy activating kinase 2","9706","Upregulated",12.5937345785189,"ULK2"
3039.32490237223,1.21593115408639,0.16446029376667,7.66871480806568e-15,2.96873515432911e-13,"ENSG00000153904","ENSG00000153904","DDAH1","dimethylarginine dimethylaminohydrolase 1","23576","Upregulated",12.5274285447899,"DDAH1"
6406.7063101294,0.886270207770421,0.118263875841035,8.18912874594207e-15,3.16136867103095e-13,"ENSG00000152377","ENSG00000152377","SPOCK1","SPARC (osteonectin), cwcv and kazal like domains proteoglycan 1","6695","Upregulated",12.5001248548538,"SPOCK1"
3087.01427325588,1.17347031455993,0.158936596847228,8.33735629209925e-15,3.20965057922787e-13,"ENSG00000143878","ENSG00000143878","RHOB","ras homolog family member B","388","Upregulated",12.493542244783,"RHOB"
12458.4174297703,1.18706649123112,0.161597540556172,8.84672431188596e-15,3.39630892627223e-13,"ENSG00000206538","ENSG00000206538","VGLL3","vestigial like family member 3","389136","Upregulated",12.4689928134595,"VGLL3"
1182.89214431932,1.29360732480333,0.175660052575934,9.11141678524058e-15,3.48826312780799e-13,"ENSG00000081803","ENSG00000081803","CADPS2","calcium dependent secretion activator 2","93664","Upregulated",12.4573907626601,"CADPS2"
2645.59015287901,0.877091988261999,0.11847054255559,1.02210566346696e-14,3.89158307417268e-13,"ENSG00000162704","ENSG00000162704","ARPC5","actin related protein 2/3 complex subunit 5","10092","Upregulated",12.4098736941707,"ARPC5"
1135.71316048278,0.829557214474581,0.111438675051891,1.04157344125532e-14,3.95484008831713e-13,"ENSG00000082146","ENSG00000082146","STRADB","STE20 related adaptor beta","55437","Upregulated",12.4028710722587,"STRADB"
10400.8393445624,1.22307073558961,0.167425454902574,1.23743633462339e-14,4.68569130096874e-13,"ENSG00000174437","ENSG00000174437","ATP2A2","ATPase sarcoplasmic/endoplasmic reticulum Ca2+ transporting 2","488","Upregulated",12.3292263266443,"ATP2A2"
511.536355350724,1.06012500098442,0.143534360606505,1.29219268933637e-14,4.86643980475889e-13,"ENSG00000107968","ENSG00000107968","MAP3K8","mitogen-activated protein kinase kinase kinase 8","1326","Upregulated",12.3127886442444,"MAP3K8"
5267.37592769712,0.811965140990653,0.109555222492278,1.5909588148239e-14,5.95921573368767e-13,"ENSG00000101608","ENSG00000101608","MYL12A","myosin light chain 12A","10627","Upregulated",12.2248108920959,"MYL12A"
2581.66428459931,1.20933377211692,0.166489424094865,1.85736685563986e-14,6.90113867354231e-13,"ENSG00000176971","ENSG00000176971","FIBIN","fin bud initiation factor homolog","387758","Upregulated",12.1610792456633,"FIBIN"
2576.08527136235,0.872545630534767,0.118436060418523,1.89493499109999e-14,7.02189947637826e-13,"ENSG00000186575","ENSG00000186575","NF2","NF2, moesin-ezrin-radixin like (MERLIN) tumor suppressor","4771","Upregulated",12.153545392069,"NF2"
2938.46776488349,0.683482212683946,0.0921656362057062,2.29664637620732e-14,8.44276449014782e-13,"ENSG00000183722","ENSG00000183722","LHFPL6","LHFPL tetraspan subfamily member 6","10186","Upregulated",12.0735153251477,"LHFPL6"
117.810562451724,2.69120698095656,0.380035112105915,2.34903271065769e-14,8.5897742313997e-13,"ENSG00000174697","ENSG00000174697","LEP","leptin","3952","Upregulated",12.0660182507608,"LEP"
833.694225290802,1.30589120256848,0.181287543905709,2.60618944251776e-14,9.50504723259305e-13,"ENSG00000138615","ENSG00000138615","CILP","cartilage intermediate layer protein","8483","Upregulated",12.0220457206919,"CILP"
19150.9026369455,0.579973736142977,0.0784402502459584,2.68913367169893e-14,9.7562051193915e-13,"ENSG00000137076","ENSG00000137076","TLN1","talin 1","7094","Upregulated",12.0107190774354,"TLN1"
501.699206197836,0.929353957080959,0.127278934662146,2.94711011132572e-14,1.06642295124969e-12,"ENSG00000122971","ENSG00000122971","ACADS","acyl-CoA dehydrogenase short chain","35","Upregulated",11.972070516732,"ACADS"
1372.48531569229,0.803936758033102,0.109345527760407,3.12547798525068e-14,1.12509089344387e-12,"ENSG00000120690","ENSG00000120690","ELF1","E74 like ETS transcription factor 1","1997","Upregulated",11.9488123905068,"ELF1"
1502.3216823982,1.1253410315166,0.155711615128617,3.17718920890784e-14,1.14074262295994e-12,"ENSG00000079691","ENSG00000079691","CARMIL1","capping protein regulator and myosin 1 linker 1","55604","Upregulated",11.9428123310744,"CARMIL1"
398.192981549003,1.21937229924891,0.169486528531918,4.28330917626982e-14,1.5260252409749e-12,"ENSG00000138166","ENSG00000138166","DUSP5","dual specificity phosphatase 5","1847","Upregulated",11.8164382829437,"DUSP5"
939.967683655061,0.785982554534881,0.108410051254898,5.57171811030512e-14,1.9698581961918e-12,"ENSG00000158122","ENSG00000158122","PRXL2C","peroxiredoxin like 2C","195827","Upregulated",11.7055650361876,"PRXL2C"
5782.6624979653,0.878942474265848,0.12282501979113,6.18692682155662e-14,2.18179691653825e-12,"ENSG00000134531","ENSG00000134531","EMP1","epithelial membrane protein 1","2012","Upregulated",11.661185676356,"EMP1"
1512.18146076447,1.34173754668462,0.190148553140345,6.3893760580207e-14,2.24747113675403e-12,"ENSG00000168994","ENSG00000168994","PXDC1","PX domain containing 1","221749","Upregulated",11.6483058770047,"PXDC1"
1488.94489463311,1.0579949762346,0.147789049063231,6.44943984583575e-14,2.26285536261868e-12,"ENSG00000083223","ENSG00000083223","TUT7","terminal uridylyl transferase 7","79670","Upregulated",11.6453432044297,"TUT7"
1765.85867676703,0.865845791914836,0.120525563434155,7.27179349353909e-14,2.54494409158985e-12,"ENSG00000221968","ENSG00000221968","FADS3","fatty acid desaturase 3","3995","Upregulated",11.5943217539876,"FADS3"
17301.1504860017,0.771225270338587,0.106747049120736,7.47750009655712e-14,2.61034442917343e-12,"ENSG00000169504","ENSG00000169504","CLIC4","chloride intracellular channel 4","25932","Upregulated",11.5833021846846,"CLIC4"
1986.89780370397,3.03792679724282,0.446783500214876,7.99584452118241e-14,2.77036023047668e-12,"ENSG00000112936","ENSG00000112936","C7","complement C7","730","Upregulated",11.5574637558682,"C7"
2401.63442830901,0.657904796896996,0.0907627067792662,7.99354117861634e-14,2.77036023047668e-12,"ENSG00000125503","ENSG00000125503","PPP1R12C","protein phosphatase 1 regulatory subunit 12C","54776","Upregulated",11.5574637558682,"PPP1R12C"
1103.9213724078,1.03641925014763,0.145518699161308,8.02281291017001e-14,2.77277217261961e-12,"ENSG00000253276","ENSG00000253276","CCDC71L","coiled-coil domain containing 71 like","168455","Upregulated",11.5570858131625,"CCDC71L"
3121.6497187866,0.736632571627351,0.102467356739789,9.44463616533079e-14,3.25179990663134e-12,"ENSG00000174099","ENSG00000174099","MSRB3","methionine sulfoxide reductase B3","253827","Upregulated",11.4878761857469,"MSRB3"
50541.3802395405,0.715242236062521,0.0999242088056572,1.18715939528645e-13,4.03255932825365e-12,"ENSG00000167460","ENSG00000167460","TPM4","tropomyosin 4","7171","Upregulated",11.3944192344179,"TPM4"
198.320073071749,1.53975618506057,0.219483908940564,1.20274884170519e-13,4.06558443833958e-12,"ENSG00000025708","ENSG00000025708","TYMP","thymidine phosphorylase","1890","Upregulated",11.3908770146206,"TYMP"
121.176854209303,3.02374186001911,0.449497150523561,1.20017972469374e-13,4.06558443833958e-12,"ENSG00000136237","ENSG00000136237","RAPGEF5","Rap guanine nucleotide exchange factor 5","9771","Upregulated",11.3908770146206,"RAPGEF5"
18450.7644696511,0.860062493421858,0.121331774301383,1.38858241793907e-13,4.67096207044116e-12,"ENSG00000178209","ENSG00000178209","PLEC","plectin","5339","Upregulated",11.3305936592943,"PLEC"
2250.22227120938,1.17351415572893,0.167480752463666,1.43794499857418e-13,4.82529775671659e-12,"ENSG00000085117","ENSG00000085117","CD82","CD82 molecule","3732","Upregulated",11.3164758822976,"CD82"
3296.43910400658,0.800320480380681,0.112689924414205,1.52143192340387e-13,5.09312198706625e-12,"ENSG00000157110","ENSG00000157110","RBPMS","RNA binding protein, mRNA processing factor","11030","Upregulated",11.293015921767,"RBPMS"
4729.16952983065,0.947057173797639,0.134314706392794,1.58289486132627e-13,5.2861059959327e-12,"ENSG00000070540","ENSG00000070540","WIPI1","WD repeat domain, phosphoinositide interacting 1","55062","Upregulated",11.2768641327315,"WIPI1"
381.269974314892,0.996592848302791,0.141427002974309,1.60795755579144e-13,5.35689513598884e-12,"ENSG00000168556","ENSG00000168556","ING2","inhibitor of growth family member 2","3622","Upregulated",11.2710868550845,"ING2"
2762.88733880396,0.807716123128371,0.113944070198319,1.62210195192547e-13,5.39105778219068e-12,"ENSG00000077254","ENSG00000077254","USP33","ubiquitin specific peptidase 33","23032","Upregulated",11.268326013311,"USP33"
440.093837994101,1.65507416467324,0.240506694773692,1.81919664655765e-13,6.01724255958056e-12,"ENSG00000176928","ENSG00000176928","GCNT4","glucosaminyl (N-acetyl) transferase 4","51301","Upregulated",11.2206024814177,"GCNT4"
1774.44854294389,0.820456159381288,0.11628748610591,2.07423708927277e-13,6.8120501943676e-12,"ENSG00000078018","ENSG00000078018","MAP2","microtubule associated protein 2","4133","Upregulated",11.1667221606131,"MAP2"
66.4973927607716,2.24468290002517,0.324289569096191,2.08195656236242e-13,6.82123782453447e-12,"ENSG00000158246","ENSG00000158246","TENT5B","terminal nucleotidyltransferase 5B","115572","Upregulated",11.1661368083955,"TENT5B"
2391.42454587367,0.985304496267106,0.141282148882316,2.22216481876399e-13,7.2463487584118e-12,"ENSG00000154262","ENSG00000154262","ABCA6","ATP binding cassette subfamily A member 6","23460","Upregulated",11.1398807677057,"ABCA6"
2336.38158311032,0.6739876734973,0.095052045068238,2.36121118000647e-13,7.66370626316387e-12,"ENSG00000110090","ENSG00000110090","CPT1A","carnitine palmitoyltransferase 1A","1374","Upregulated",11.1155611493799,"CPT1A"
2328.50733512866,0.785543994990834,0.111729686490471,2.64897154805012e-13,8.57759268327723e-12,"ENSG00000081377","ENSG00000081377","CDC14B","cell division cycle 14B","8555","Upregulated",11.0666345805736,"CDC14B"
47.6886117077292,3.33854934636825,0.489867568686744,2.72388240224646e-13,8.79960051578872e-12,"ENSG00000100033","ENSG00000100033","PRODH","proline dehydrogenase 1","5625","Upregulated",11.0555370435006,"PRODH"
17208.6606368248,0.647688272602164,0.0916642310923865,3.07231493429412e-13,9.90214248241448e-12,"ENSG00000136830","ENSG00000136830","NIBAN2","niban apoptosis regulator 2","64855","Upregulated",11.0042708288749,"NIBAN2"
69712.9145498446,0.838419440915401,0.120723824530126,3.51455148821416e-13,1.12750391377685e-11,"ENSG00000163430","ENSG00000163430","FSTL1","follistatin like 1","11167","Upregulated",10.9478819419301,"FSTL1"
3170.69615357942,0.983654044720761,0.142319901483101,3.79290650411212e-13,1.21119565070253e-11,"ENSG00000067082","ENSG00000067082","KLF6","KLF transcription factor 6","1316","Upregulated",10.9167856973546,"KLF6"
667.043437777578,1.65399857220196,0.247240316604072,4.84263861204897e-13,1.53579241474569e-11,"ENSG00000211448","ENSG00000211448","DIO2","iodothyronine deiodinase 2","1734","Upregulated",10.8136674817153,"DIO2"
2425.58517776657,0.859565297004042,0.124345284802688,5.10788239369524e-13,1.61253171057454e-11,"ENSG00000073792","ENSG00000073792","IGF2BP2","insulin like growth factor 2 mRNA binding protein 2","10644","Upregulated",10.7924917361704,"IGF2BP2"
1711.14585347988,0.871575925078134,0.126172967351196,5.55695138248451e-13,1.75031339113302e-11,"ENSG00000117758","ENSG00000117758","STX12","syntaxin 12","23673","Upregulated",10.7568841845398,"STX12"
45678.2916736084,1.02031926005027,0.149632965054894,6.28612074565938e-13,1.96657669106306e-11,"ENSG00000196616","ENSG00000196616","ADH1B","alcohol dehydrogenase 1B (class I), beta polypeptide","125","Upregulated",10.7062891126379,"ADH1B"
227.376364828774,1.75091954258774,0.261606076939771,6.63203333325558e-13,2.07012049472047e-11,"ENSG00000168621","ENSG00000168621","GDNF","glial cell derived neurotrophic factor","2668","Upregulated",10.6840043749927,"GDNF"
2978.27327277493,0.653236265010379,0.0943555393423293,6.71294778030699e-13,2.08131416750055e-11,"ENSG00000152332","ENSG00000152332","UHMK1","U2AF homology motif kinase 1","127933","Upregulated",10.6816623595223,"UHMK1"
451.04254089245,0.951577620582685,0.138559369614979,6.70505260894227e-13,2.08131416750055e-11,"ENSG00000172465","ENSG00000172465","TCEAL1","transcription elongation factor A like 1","9338","Upregulated",10.6816623595223,"TCEAL1"
2057.55397448892,1.1039657397931,0.162519365707697,6.793096998939e-13,2.10146275241731e-11,"ENSG00000141298","ENSG00000141298","SSH2","slingshot protein phosphatase 2","85464","Upregulated",10.6774783032855,"SSH2"
443.070957879615,3.52399521955025,0.54856801734419,7.30242544513356e-13,2.25399363572619e-11,"ENSG00000127954","ENSG00000127954","STEAP4","STEAP4 metalloreductase","79689","Upregulated",10.6470473145423,"STEAP4"
8518.0055716846,1.03694104038536,0.153525679409475,7.78349473479828e-13,2.39714341176821e-11,"ENSG00000009413","ENSG00000009413","REV3L","REV3 like, DNA directed polymerase zeta catalytic subunit","5980","Upregulated",10.6203059830392,"REV3L"
1624.05891295559,0.804374981182103,0.117202995220301,8.43666531455754e-13,2.59254422604108e-11,"ENSG00000008130","ENSG00000008130","NADK","NAD kinase","65220","Upregulated",10.5862738262748,"NADK"
1065.91902744748,1.19904765241281,0.178211419518792,8.90879504045937e-13,2.73157058552492e-11,"ENSG00000164104","ENSG00000164104","HMGB2","high mobility group box 2","3148","Upregulated",10.5635875725582,"HMGB2"
2119.57480405444,0.690501190908698,0.100227253955388,9.10710697792458e-13,2.78621182355534e-11,"ENSG00000093167","ENSG00000093167","LRRFIP2","LRR binding FLII interacting protein 2","9209","Upregulated",10.5549858691381,"LRRFIP2"
20091.0951438063,1.07959733728287,0.160893236942559,1.01951207751995e-12,3.09855655314672e-11,"ENSG00000134294","ENSG00000134294","SLC38A2","solute carrier family 38 member 2","54407","Upregulated",10.5088405729384,"SLC38A2"
1438.36244424678,1.09834359776669,0.16318728006114,1.07164476492623e-12,3.24987413503558e-11,"ENSG00000165030","ENSG00000165030","NFIL3","nuclear factor, interleukin 3 regulated","4783","Upregulated",10.4881334585651,"NFIL3"
692.359662134244,1.07023743035554,0.159100423109114,1.29234037783976e-12,3.91059940971206e-11,"ENSG00000155324","ENSG00000155324","GRAMD2B","GRAM domain containing 2B","65983","Upregulated",10.4077566696173,"GRAMD2B"
7101.14338875273,0.892888577483533,0.132156867294093,1.30808237164033e-12,3.94961080360857e-11,"ENSG00000049540","ENSG00000049540","ELN","elastin","2006","Upregulated",10.403445697835,"ELN"
505.491030982738,1.04569363156094,0.155370228066014,1.49491014290037e-12,4.4844068550771e-11,"ENSG00000169926","ENSG00000169926","KLF13","KLF transcription factor 13","51621","Upregulated",10.3482949922191,"KLF13"
1002.80965484397,0.792326990681614,0.116818820338151,1.53360694567497e-12,4.59055262637353e-11,"ENSG00000166484","ENSG00000166484","MAPK7","mitogen-activated protein kinase 7","5598","Upregulated",10.3381350294654,"MAPK7"
1560.19156223175,0.606528378024152,0.0884991323955784,1.54480740436287e-12,4.61411332264333e-11,"ENSG00000007866","ENSG00000007866","TEAD3","TEA domain transcription factor 3","7005","Upregulated",10.3359117434096,"TEAD3"
163.786532574936,1.2945800797257,0.193515558677894,1.68620714975364e-12,5.01483795889178e-11,"ENSG00000162426","ENSG00000162426","SLC45A1","solute carrier family 45 member 1","50651","Upregulated",10.2997430954843,"SLC45A1"
846.132268271888,0.75348817968578,0.111093865798339,1.78517304323533e-12,5.28647718081164e-11,"ENSG00000139567","ENSG00000139567","ACVRL1","activin A receptor like type 1","94","Upregulated",10.2768336380942,"ACVRL1"
3800.45003215511,0.626050001864323,0.0926534137426862,1.8245517680785e-12,5.39156992618334e-11,"ENSG00000133789","ENSG00000133789","SWAP70","switching B cell complex subunit SWAP70","23075","Upregulated",10.2682847578182,"SWAP70"
484.576771311659,0.875970525053022,0.130351167396111,2.06443720860589e-12,6.06166001569259e-11,"ENSG00000168890","ENSG00000168890","TMEM150A","transmembrane protein 150A","129303","Upregulated",10.2174084258452,"TMEM150A"
1296.93658603553,0.649391687784647,0.0955567005597205,2.10430345522858e-12,6.16565361226488e-11,"ENSG00000198585","ENSG00000198585","NUDT16","nudix hydrolase 16","131870","Upregulated",10.2100208776808,"NUDT16"
3681.53609750059,0.916428591153454,0.136967463463738,2.1495658210017e-12,6.28498580448577e-11,"ENSG00000168461","ENSG00000168461","RAB31","RAB31, member RAS oncogene family","11031","Upregulated",10.2016956988914,"RAB31"
36.0719151599239,7.0083386849348,1.10725381756992,2.43514073228747e-12,7.04563996007767e-11,"ENSG00000277196","ENSG00000277196",NA,NA,NA,"Upregulated",10.1520795535117,"ENSG00000277196"
146.826603044112,1.60618587452534,0.244210588183883,2.46102428064128e-12,7.10264727699433e-11,"ENSG00000161647","ENSG00000161647","MPP3","MAGUK p55 scaffold protein 3","4356","Upregulated",10.1485797521953,"MPP3"
284.480764745458,1.01760398305895,0.152887238328023,2.77298326656307e-12,7.94024278745818e-11,"ENSG00000165996","ENSG00000165996","HACD1","3-hydroxyacyl-CoA dehydratase 1","9200","Upregulated",10.1001662180211,"HACD1"
4418.64241955186,0.515896409852521,0.0759210446995268,2.91964358856171e-12,8.3429568028612e-11,"ENSG00000170759","ENSG00000170759","KIF5B","kinesin family member 5B","3799","Upregulated",10.0786800050471,"KIF5B"
6813.07957637317,0.547265339093194,0.0808644389916736,3.26306386477423e-12,9.24801678975583e-11,"ENSG00000183287","ENSG00000183287","CCBE1","collagen and calcium binding EGF domains 1","147372","Upregulated",10.0339513904621,"CCBE1"
43.1495195614579,3.58917510165592,0.567159483113443,3.4140745045607e-12,9.65625684871567e-11,"ENSG00000157152","ENSG00000157152","SYN2","synapsin II","6854","Upregulated",10.0151911908709,"SYN2"
479.191201569813,0.938044208232166,0.14133423942263,3.44554901931765e-12,9.7254305211249e-11,"ENSG00000170584","ENSG00000170584","NUDCD2","NudC domain containing 2","134492","Upregulated",10.0120911644176,"NUDCD2"
1179.76879397564,0.660487536083347,0.0985565088197384,3.733375731602e-12,1.04951022848422e-10,"ENSG00000111450","ENSG00000111450","STX2","syntaxin 2","2054","Upregulated",9.97901332444451,"STX2"
2480.61823418167,0.683383511076253,0.102275155574717,3.79628881417271e-12,1.06503576266436e-10,"ENSG00000166272","ENSG00000166272","WBP1L","WW domain binding protein 1 like","54838","Upregulated",9.97263580887593,"WBP1L"
491.27551717479,0.954804406712349,0.144327603090208,3.80710076074276e-12,1.06591130188149e-10,"ENSG00000113460","ENSG00000113460","BRIX1","biogenesis of ribosomes BRX1","55299","Upregulated",9.97227893293244,"BRIX1"
11462.0076346408,1.00823424692929,0.15385879375955,3.89452766362053e-12,1.08819070342978e-10,"ENSG00000150938","ENSG00000150938","CRIM1","cysteine rich transmembrane BMP regulator 1","51232","Upregulated",9.9632949886547,"CRIM1"
30985.7591219591,0.75744886369617,0.114260994817572,4.25984015326078e-12,1.18786971195254e-10,"ENSG00000091136","ENSG00000091136","LAMB1","laminin subunit beta 1","3912","Upregulated",9.92523119107456,"LAMB1"
3669.70201285637,0.736368048958387,0.11103541191356,4.41858997258936e-12,1.22966342229148e-10,"ENSG00000129128","ENSG00000129128","SPCS3","signal peptidase complex subunit 3","60559","Upregulated",9.91021374534493,"SPCS3"
1431.48110410801,1.26804689661321,0.197736139345738,6.22160612129953e-12,1.71421946789444e-10,"ENSG00000172260","ENSG00000172260","NEGR1","neuronal growth regulator 1","257194","Upregulated",9.76593357704885,"NEGR1"
1264.21429767529,0.907671972698757,0.139535624469042,7.2366531203587e-12,1.98207066393382e-10,"ENSG00000112658","ENSG00000112658","SRF","serum response factor","6722","Upregulated",9.702880866294,"SRF"
523.646060902347,1.16299762991242,0.181834928860474,7.74498663336265e-12,2.1129482234601e-10,"ENSG00000164105","ENSG00000164105","SAP30","Sin3A associated protein 30","8819","Upregulated",9.67511114494536,"SAP30"
2297.57382588713,0.877567109656588,0.134947524685733,7.81740336742632e-12,2.12851460253755e-10,"ENSG00000157483","ENSG00000157483","MYO1E","myosin IE","4643","Upregulated",9.67192336602726,"MYO1E"
182.6001707953,1.53187464482811,0.240736328605276,9.95773601524643e-12,2.70067051732486e-10,"ENSG00000183570","ENSG00000183570","PCBP3","poly(rC) binding protein 3","54039","Upregulated",9.5685283966478,"PCBP3"
5054.21387757209,0.534047065757968,0.080863463758653,1.09618496104364e-11,2.95564734924199e-10,"ENSG00000117868","ENSG00000117868","ESYT2","extended synaptotagmin 2","57488","Upregulated",9.52934738469352,"ESYT2"
3035.35126969188,0.600865178016478,0.0918052540181099,1.11637365094048e-11,3.00423736473477e-10,"ENSG00000088888","ENSG00000088888","MAVS","mitochondrial antiviral signaling protein","57506","Upregulated",9.52226575671381,"MAVS"
246.650420319191,4.78711266013054,0.789527270350329,1.16583037472993e-11,3.11915891184983e-10,"ENSG00000171819","ENSG00000171819","ANGPTL7","angiopoietin like 7","10218","Upregulated",9.50596249866978,"ANGPTL7"
979.210136727687,0.972553332915471,0.152302518701747,1.37794123062429e-11,3.67247836831192e-10,"ENSG00000172349","ENSG00000172349","IL16","interleukin 16","3603","Upregulated",9.43504075361815,"IL16"
1859.3278526221,0.545949618257154,0.0834952947505011,1.41680813607463e-11,3.76881841801503e-10,"ENSG00000134851","ENSG00000134851","TMEM165","transmembrane protein 165","55858","Upregulated",9.42379478639062,"TMEM165"
949.543942317572,1.12145254975861,0.177266228274824,1.49870217271311e-11,3.96383843733416e-10,"ENSG00000169908","ENSG00000169908","TM4SF1","transmembrane 4 L six family member 1","4071","Upregulated",9.40188405529781,"TM4SF1"
2162.82002478557,0.879992068078841,0.137677372779201,1.57409399208904e-11,4.14740848600039e-10,"ENSG00000114450","ENSG00000114450","GNB4","G protein subunit beta 4","59345","Upregulated",9.38222318805551,"GNB4"
738.454049943903,0.790225360304942,0.123085459751102,1.76188746713548e-11,4.62462091042247e-10,"ENSG00000136997","ENSG00000136997","MYC","MYC proto-oncogene, bHLH transcription factor","4609","Upregulated",9.3349238614675,"MYC"
7593.63019552358,0.635493684920167,0.0985404279844863,1.94587221650897e-11,5.09789093546272e-10,"ENSG00000152518","ENSG00000152518","ZFP36L2","ZFP36 like 2 zinc finger CCCH-type","678","Upregulated",9.29260946008554,"ZFP36L2"
1494.6996757527,0.751473872523967,0.117428403215721,2.07464316902055e-11,5.41477960065082e-10,"ENSG00000189320","ENSG00000189320","FAM180A","family with sequence similarity 180 member A","389558","Upregulated",9.26641921589354,"FAM180A"
1693.76342030928,0.761971246340821,0.119624675974764,2.08281194586257e-11,5.42588172137394e-10,"ENSG00000174804","ENSG00000174804","FZD4","frizzled class receptor 4","8322","Upregulated",9.26552967764307,"FZD4"
1725.05640186479,1.01694939993436,0.161192899817776,2.09760779073945e-11,5.45417380335047e-10,"ENSG00000143196","ENSG00000143196","DPT","dermatopontin","1805","Upregulated",9.26327102689432,"DPT"
1542.1273453318,0.778868742766777,0.121750955904991,2.12148456607191e-11,5.50592782793833e-10,"ENSG00000093144","ENSG00000093144","ECHDC1","ethylmalonyl-CoA decarboxylase 1","55862","Upregulated",9.25916948566582,"ECHDC1"
2949.63290619105,0.628370436590103,0.0975921447605575,2.59807254131068e-11,6.69269281598974e-10,"ENSG00000100994","ENSG00000100994","PYGB","glycogen phosphorylase B","5834","Upregulated",9.17439910796858,"PYGB"
2467.59703799531,0.677777629350351,0.105937475786415,2.61624963125402e-11,6.72701366225407e-10,"ENSG00000183726","ENSG00000183726","TMEM50A","transmembrane protein 50A","23585","Upregulated",9.17217769028427,"TMEM50A"
575.358810453159,0.895447399902927,0.141791239437198,2.83747447745735e-11,7.28232570057062e-10,"ENSG00000128309","ENSG00000128309","MPST","mercaptopyruvate sulfurtransferase","4357","Upregulated",9.13772990123325,"MPST"
4361.28111434865,0.647292055534767,0.101817175202816,3.69441606769366e-11,9.39466280406724e-10,"ENSG00000087116","ENSG00000087116","ADAMTS2","ADAM metallopeptidase with thrombospondin type 1 motif 2","9509","Upregulated",9.02711880310587,"ADAMTS2"
2315.87521366019,0.59126931619041,0.0926825967736469,3.97637228025302e-11,1.00931398227155e-09,"ENSG00000165633","ENSG00000165633","VSTM4","V-set and transmembrane domain containing 4","196740","Upregulated",8.99597371031823,"VSTM4"
620.876420795829,1.00880631622367,0.162350129258468,4.00401355155381e-11,1.0144720989211e-09,"ENSG00000214944","ENSG00000214944","ARHGEF28","Rho guanine nucleotide exchange factor 28","64283","Upregulated",8.99375989289011,"ARHGEF28"
77.0874032255554,1.73985500926924,0.282868655120566,4.50702158735876e-11,1.13568749416737e-09,"ENSG00000137880","ENSG00000137880","GCHFR","GTP cyclohydrolase I feedback regulator","2644","Upregulated",8.9447411565034,"GCHFR"
3650.75198255394,1.06965357993955,0.174203833731607,4.88327690404202e-11,1.228263786082e-09,"ENSG00000156804","ENSG00000156804","FBXO32","F-box protein 32","114907","Upregulated",8.9107083526271,"FBXO32"
4096.45324052692,0.522858398017557,0.0823440652342884,5.28729086892887e-11,1.32507349281167e-09,"ENSG00000065320","ENSG00000065320","NTN1","netrin 1","9423","Upregulated",8.87776003369893,"NTN1"
614.910376524265,1.05164314286465,0.171019242845049,5.47491304956276e-11,1.3671499090791e-09,"ENSG00000167645","ENSG00000167645","YIF1B","Yip1 interacting factor homolog B, membrane trafficking protein","90522","Upregulated",8.86418386208447,"YIF1B"
7732.99061833808,0.53771481207149,0.0849611741223489,6.65182649426906e-11,1.65805149971358e-09,"ENSG00000168610","ENSG00000168610","STAT3","signal transducer and activator of transcription 3","6774","Upregulated",8.78040198422358,"STAT3"
65.9303643040703,3.40085320387495,0.608507115721965,7.17324044786244e-11,1.78161181661157e-09,"ENSG00000179300","ENSG00000179300","RTL3","retrotransposon Gag like 3","203430","Upregulated",8.74918691548896,"RTL3"
1004.187416842,0.6547515316594,0.105557429242072,7.37088910301471e-11,1.82091180175902e-09,"ENSG00000136877","ENSG00000136877","FPGS","folylpolyglutamate synthase","2356","Upregulated",8.73971108931601,"FPGS"
18628.7901844647,0.720161776463906,0.116307948206658,8.06593551150962e-11,1.98553819278884e-09,"ENSG00000198467","ENSG00000198467","TPM2","tropomyosin 2","7169","Upregulated",8.70212175465504,"TPM2"
9361.6150620455,0.732612393721557,0.118659047736144,8.10921015325694e-11,1.99265148074447e-09,"ENSG00000064666","ENSG00000064666","CNN2","calponin 2","1265","Upregulated",8.70056865374575,"CNN2"
451.104947213964,0.990389015052699,0.16171709107173,8.75194064429824e-11,2.13920891339205e-09,"ENSG00000189058","ENSG00000189058","APOD","apolipoprotein D","347","Upregulated",8.6697468005136,"APOD"
334.477140848027,1.33045817310401,0.221183514078808,9.54848629982399e-11,2.3257024890907e-09,"ENSG00000134762","ENSG00000134762","DSC3","desmocollin 3","1825","Upregulated",8.63344584232045,"DSC3"
3599.54092759107,0.662092564634965,0.106770863958305,9.65224179035893e-11,2.34273938656015e-09,"ENSG00000184743","ENSG00000184743","ATL3","atlastin GTPase 3","25923","Upregulated",8.63027602095234,"ATL3"
12103.6486724413,0.613567581596747,0.0986561972940761,9.80523504506913e-11,2.37571245611212e-09,"ENSG00000092841","ENSG00000092841","MYL6","myosin light chain 6","4637","Upregulated",8.62420612525686,"MYL6"
4297.05902575773,0.741498231683837,0.12054831772042,1.0475122251447e-10,2.5291762941255e-09,"ENSG00000134871","ENSG00000134871","COL4A2","collagen type IV alpha 2 chain","1284","Upregulated",8.59702089746562,"COL4A2"
1030.3706147742,0.749359129055763,0.121806678260515,1.0781540221686e-10,2.59863245099733e-09,"ENSG00000161813","ENSG00000161813","LARP4","La ribonucleoprotein 4","113251","Upregulated",8.58525514250428,"LARP4"
2829.44825201236,0.644139976629297,0.104571868326711,1.28606554959839e-10,3.0730314572214e-09,"ENSG00000185222","ENSG00000185222","TCEAL9","transcription elongation factor A like 9","51186","Upregulated",8.51243299404634,"TCEAL9"
3362.48101743971,0.669336615355017,0.10871491042139,1.29343875604765e-10,3.08002881788047e-09,"ENSG00000164050","ENSG00000164050","PLXNB1","plexin B1","5364","Upregulated",8.51144522006192,"PLXNB1"
513.088012821195,1.14251056530807,0.19056597229314,1.292792532193e-10,3.08002881788047e-09,"ENSG00000196850","ENSG00000196850","PPTC7","protein phosphatase targeting COQ7","160760","Upregulated",8.51144522006192,"PPTC7"
127.203360503672,1.290837666534,0.214444358554662,1.31735282928189e-10,3.13159397273031e-09,"ENSG00000166979","ENSG00000166979","EVA1C","eva-1 homolog C","59271","Upregulated",8.50423455147796,"EVA1C"
3301.38822675346,0.542103215422871,0.0872029064424362,1.33295102774092e-10,3.16324799545573e-09,"ENSG00000017797","ENSG00000017797","RALBP1","ralA binding protein 1","10928","Upregulated",8.49986675849972,"RALBP1"
19068.1909500266,0.635139681521261,0.103486346742376,1.34497380433196e-10,3.18632341098063e-09,"ENSG00000177469","ENSG00000177469","CAVIN1","caveolae associated protein 1","284119","Upregulated",8.49671014552298,"CAVIN1"
1844.73592078308,2.11160585448947,0.363599519002222,1.37779166812899e-10,3.25294969822822e-09,"ENSG00000167549","ENSG00000167549","CORO6","coronin 6","84940","Upregulated",8.48772265235012,"CORO6"
384.001640139515,1.06214199476694,0.176605930004309,1.41358778524114e-10,3.33178794483961e-09,"ENSG00000181826","ENSG00000181826","RELL1","RELT like 1","768211","Upregulated",8.47732264751635,"RELL1"
1570.57334988755,0.719310042498959,0.117835110718824,1.47008372442157e-10,3.45320175199297e-09,"ENSG00000188706","ENSG00000188706","ZDHHC9","zDHHC palmitoyltransferase 9","51114","Upregulated",8.46177804742013,"ZDHHC9"
77.7872562644522,2.13159808742974,0.363878133899476,1.62417969780436e-10,3.78311032468414e-09,"ENSG00000169271","ENSG00000169271","HSPB3","heat shock protein family B (small) member 3","8988","Upregulated",8.42215099344083,"HSPB3"
144.522429640989,1.23918847416295,0.20715412277176,1.65712577530249e-10,3.85337351005322e-09,"ENSG00000158716","ENSG00000158716","DUSP23","dual specificity phosphatase 23","54935","Upregulated",8.41415889249412,"DUSP23"
1474.80961224723,0.678497675886666,0.111173410001128,1.66250655786036e-10,3.85941011480515e-09,"ENSG00000144857","ENSG00000144857","BOC","BOC cell adhesion associated, oncogene regulated","91653","Upregulated",8.41347906928215,"BOC"
247.379995683297,1.31148759929051,0.221519444178342,1.71020521857582e-10,3.96350068967262e-09,"ENSG00000123358","ENSG00000123358","NR4A1","nuclear receptor subfamily 4 group A member 1","3164","Upregulated",8.40192106190076,"NR4A1"
475.294571702339,1.06291334765653,0.178098461496808,1.80120241454286e-10,4.1674230823288e-09,"ENSG00000077943","ENSG00000077943","ITGA8","integrin subunit alpha 8","8516","Upregulated",8.38013240715165,"ITGA8"
3354.78247053613,0.863328209043197,0.144092853309369,2.03568496755913e-10,4.68647142282424e-09,"ENSG00000048707","ENSG00000048707","VPS13D","vacuolar protein sorting 13 homolog D","55187","Upregulated",8.32915402687149,"VPS13D"
3815.13856391074,0.792934777866043,0.132008412250589,2.13501239184534e-10,4.89886369844116e-09,"ENSG00000118762","ENSG00000118762","PKD2","polycystin 2, transient receptor potential cation channel","5311","Upregulated",8.30990464379298,"PKD2"
1545.22637936035,0.587431871338205,0.0960008879153396,2.21005701308971e-10,5.05432015584329e-09,"ENSG00000182551","ENSG00000182551","ADI1","acireductone dioxygenase 1","55256","Upregulated",8.29633725202585,"ADI1"
5544.58765071587,0.794597564102342,0.13338009767299,2.54110366270154e-10,5.78278418085069e-09,"ENSG00000048740","ENSG00000048740","CELF2","CUGBP Elav-like family member 2","10659","Upregulated",8.23786301568787,"CELF2"
49.0367530469673,2.57775845876756,0.449316520808251,2.69601641815232e-10,6.11523593112488e-09,"ENSG00000205364","ENSG00000205364","MT1M","metallothionein 1M","4499","Upregulated",8.21358678284535,"MT1M"
741.127230610334,2.45211170971008,0.435014619817286,2.74266431953618e-10,6.20074792894811e-09,"ENSG00000165072","ENSG00000165072","MAMDC2","MAM domain containing 2","256691","Upregulated",8.20755592311072,"MAMDC2"
787.359294230062,0.642188074352894,0.106118096364101,2.7617329107216e-10,6.23368996900499e-09,"ENSG00000131871","ENSG00000131871","SELENOS","selenoprotein S","55829","Upregulated",8.20525480104836,"SELENOS"
1756.60469224568,0.771228391126465,0.129712964516684,3.27629276644337e-10,7.35918013778584e-09,"ENSG00000113916","ENSG00000113916","BCL6","BCL6 transcription repressor","604","Upregulated",8.13317056629683,"BCL6"
84501.7340112259,0.849959614481799,0.144372286893613,3.50262157058858e-10,7.85482724058044e-09,"ENSG00000075624","ENSG00000075624","ACTB","actin beta","60","Upregulated",8.10486336241111,"ACTB"
1285.83511436097,0.652361385440534,0.109128906654222,3.62739312798402e-10,8.10839376785976e-09,"ENSG00000198947","ENSG00000198947","DMD","dystrophin","1756","Upregulated",8.09106516882755,"DMD"
16743.9209876499,1.05129388317527,0.181362020583092,3.87183489149366e-10,8.59932047455298e-09,"ENSG00000113739","ENSG00000113739","STC2","stanniocalcin 2","8614","Upregulated",8.06553586571128,"STC2"
757.751499840858,0.641763835943253,0.107047677965286,3.8966581057386e-10,8.640605549989e-09,"ENSG00000182809","ENSG00000182809","CRIP2","cysteine rich protein 2","1397","Upregulated",8.06345582027537,"CRIP2"
5780.03529101373,0.4769006321895,0.078488248702895,3.92626951874352e-10,8.69235930675184e-09,"ENSG00000118680","ENSG00000118680","MYL12B","myosin light chain 12B","103910","Upregulated",8.06086233001437,"MYL12B"
318.032891581763,0.928616479632599,0.158279840612823,4.1516882979149e-10,9.17675408625242e-09,"ENSG00000125430","ENSG00000125430","HS3ST3B1","heparan sulfate-glucosamine 3-sulfotransferase 3B1","9953","Upregulated",8.03731090613096,"HS3ST3B1"
2892.63210096504,0.562585324768175,0.0935914331108606,4.21698101830707e-10,9.3062324733627e-09,"ENSG00000170776","ENSG00000170776","AKAP13","A-kinase anchoring protein 13","11214","Upregulated",8.03122610281956,"AKAP13"
20051.4071763756,0.452780938905842,0.0746866250567899,4.2338922431763e-10,9.32869834629259e-09,"ENSG00000149131","ENSG00000149131","SERPING1","serpin family G member 1","710","Upregulated",8.03017895008624,"SERPING1"
734.176609787127,0.989560341251857,0.169650837164602,4.44289347839899e-10,9.77366043129073e-09,"ENSG00000119711","ENSG00000119711","ALDH6A1","aldehyde dehydrogenase 6 family member A1","4329","Upregulated",8.00994275384667,"ALDH6A1"
1328.76316175951,0.54318044702759,0.0902552559549967,4.52538957141347e-10,9.93936197626296e-09,"ENSG00000166780","ENSG00000166780","BMERB1","bMERB domain containing 1","89927","Upregulated",8.00264149277387,"BMERB1"
2986.77345794285,0.513983614618167,0.0853329076644053,4.81019215629129e-10,1.05481729579179e-08,"ENSG00000170242","ENSG00000170242","USP47","ubiquitin specific peptidase 47","55031","Upregulated",7.97682275771312,"USP47"
22711.8822627531,0.67610721008869,0.11457994715144,5.22161076431051e-10,1.13604872186153e-08,"ENSG00000122786","ENSG00000122786","CALD1","caldesmon 1","800","Upregulated",7.94460304258463,"CALD1"
2928.42048626587,0.582269864173191,0.0978477655349065,5.63277864332487e-10,1.21976061277874e-08,"ENSG00000133818","ENSG00000133818","RRAS2","RAS related 2","22800","Upregulated",7.91372539453056,"RRAS2"
1887.26124074372,0.788825924343419,0.134709346960248,6.06918628466584e-10,1.31016904547015e-08,"ENSG00000104936","ENSG00000104936","DMPK","DM1 protein kinase","1760","Upregulated",7.88267266558208,"DMPK"
93948.2258942649,1.71468368842932,0.305061803861036,6.28337139898173e-10,1.35219323320633e-08,"ENSG00000137801","ENSG00000137801","THBS1","thrombospondin 1","7057","Upregulated",7.86896124173854,"THBS1"
674.85780592232,1.0803815012272,0.188817908631832,6.63218148739797e-10,1.4250450113775e-08,"ENSG00000185112","ENSG00000185112","FAM43A","family with sequence similarity 43 member A","131583","Upregulated",7.84617141784204,"FAM43A"
2212.26145833232,0.608962305216087,0.103078990224394,7.0701833917721e-10,1.5168060623308e-08,"ENSG00000091317","ENSG00000091317","CMTM6","CKLF like MARVEL transmembrane domain containing 6","54918","Upregulated",7.81906994422571,"CMTM6"
623.91526748843,0.81224263166957,0.139859678814533,7.78410187515583e-10,1.66481277604606e-08,"ENSG00000155008","ENSG00000155008","APOOL","apolipoprotein O like","139322","Upregulated",7.77863459993662,"APOOL"
2051.43358273925,0.593303770706067,0.100590836915774,8.01183976284665e-10,1.70824749651218e-08,"ENSG00000101290","ENSG00000101290","CDS2","CDP-diacylglycerol synthase 2","8760","Upregulated",7.76744920707637,"CDS2"
743.896805033735,0.766329205999169,0.131956191943468,8.43991723585791e-10,1.79400019895329e-08,"ENSG00000139291","ENSG00000139291","TMEM19","transmembrane protein 19","55266","Upregulated",7.74617751312899,"TMEM19"
3859.70522764854,0.579910970146386,0.0993407555083678,8.51823563502092e-10,1.807874849399e-08,"ENSG00000073712","ENSG00000073712","FERMT2","FERM domain containing kindlin 2","10979","Upregulated",7.74283163696721,"FERMT2"
42.8662729707815,2.74062482088322,0.492888871218235,8.64887028605325e-10,1.83279347544972e-08,"ENSG00000162630","ENSG00000162630","B3GALT2","beta-1,3-galactosyltransferase 2","8707","Upregulated",7.73688646985818,"B3GALT2"
1313.53608328354,0.65833782059697,0.112590573247967,8.78057562070626e-10,1.85786255766974e-08,"ENSG00000149577","ENSG00000149577","SIDT2","SID1 transmembrane family member 2","51092","Upregulated",7.73098641771238,"SIDT2"
2955.22708700375,0.647876295817251,0.110894453411997,8.99927311664765e-10,1.89833981923318e-08,"ENSG00000166483","ENSG00000166483","WEE1","WEE1 G2 checkpoint kinase","7465","Upregulated",7.72162604248416,"WEE1"
512.306708545802,0.719324792176211,0.123945649091479,9.37676012082684e-10,1.974962287455e-08,"ENSG00000183723","ENSG00000183723","CMTM4","CKLF like MARVEL transmembrane domain containing 4","146223","Upregulated",7.70444119295224,"CMTM4"
1964.54277022593,0.513966058792405,0.0869406532405786,9.77650724615404e-10,2.05603359521167e-08,"ENSG00000272325","ENSG00000272325","NUDT3","nudix hydrolase 3","11165","Upregulated",7.68696979332664,"NUDT3"
34.0377933860738,2.66321358835505,0.476303359677516,1.0565915254445e-09,2.21868211380838e-08,"ENSG00000135604","ENSG00000135604","STX11","syntaxin 11","8676","Upregulated",7.6539049177358,"STX11"
607.397339130368,0.856071489384941,0.149526726342838,1.10466635626708e-09,2.31262402288603e-08,"ENSG00000175482","ENSG00000175482","POLD4","DNA polymerase delta 4, accessory subunit","57804","Upregulated",7.63589496734105,"POLD4"
307.722059622744,0.903756631587982,0.157876719888045,1.1394258188142e-09,2.38179523724676e-08,"ENSG00000158079","ENSG00000158079","PTPDC1","protein tyrosine phosphatase domain containing 1","138639","Upregulated",7.62309557751162,"PTPDC1"
1987.03065358953,0.561364480419315,0.0962593267568455,1.23186167853365e-09,2.5672738350072e-08,"ENSG00000126458","ENSG00000126458","RRAS","RAS related","6237","Upregulated",7.59052780538782,"RRAS"
108.801719359483,1.60076693971523,0.287564683185986,1.27680941438253e-09,2.65695220329242e-08,"ENSG00000167642","ENSG00000167642","SPINT2","serine peptidase inhibitor, Kunitz type 2","10653","Upregulated",7.57561625817273,"SPINT2"
5250.36785635732,1.67363634713288,0.305330922850577,1.40622527581784e-09,2.91313544059185e-08,"ENSG00000142871","ENSG00000142871","CCN1","cellular communication network factor 1","3491","Upregulated",7.53563932322188,"CCN1"
8344.90614737102,0.664761228692867,0.115575131685786,1.44005354550111e-09,2.9787615055373e-08,"ENSG00000111452","ENSG00000111452","ADGRD1","adhesion G protein-coupled receptor D1","283383","Upregulated",7.52596426716946,"ADGRD1"
532.521647378141,0.683024963969161,0.118742557837073,1.50338910236631e-09,3.10051630501409e-08,"ENSG00000102780","ENSG00000102780","DGKH","diacylglycerol kinase eta","160851","Upregulated",7.50856598044055,"DGKH"
15120.5582459875,0.486602262642539,0.0832913416578995,1.54918851514522e-09,3.19022342219875e-08,"ENSG00000136156","ENSG00000136156","ITM2B","integral membrane protein 2B","9445","Upregulated",7.49617890075778,"ITM2B"
86.7058699587919,1.67838527754164,0.303427021240067,1.58331061712816e-09,3.25565309240047e-08,"ENSG00000068831","ENSG00000068831","RASGRP2","RAS guanyl releasing protein 2","10235","Upregulated",7.48736187776402,"RASGRP2"
459.640367103015,0.871752193193029,0.154231722690904,1.72756640768259e-09,3.53653513206396e-08,"ENSG00000159423","ENSG00000159423","ALDH4A1","aldehyde dehydrogenase 4 family member A1","8659","Upregulated",7.4514220232635,"ALDH4A1"
5481.35068084822,0.426271681878238,0.0728749715191384,1.8438748032513e-09,3.76906502924185e-08,"ENSG00000104964","ENSG00000104964","TLE5","TLE family member 5, transcriptional modulator","166","Upregulated",7.42376636942297,"TLE5"
924.956433138024,0.609978087206251,0.106503606551267,2.11863536992595e-09,4.29271456020522e-08,"ENSG00000105419","ENSG00000105419","MEIS3","Meis homeobox 3","56917","Upregulated",7.3672679885411,"MEIS3"
13943.4161084362,0.545026352005301,0.0946777052212582,2.13410200219439e-09,4.31774009465869e-08,"ENSG00000067167","ENSG00000067167","TRAM1","translocation associated membrane protein 1","23471","Upregulated",7.36474350346838,"TRAM1"
645.606808373117,0.724012063066825,0.128305802880904,2.46388349282186e-09,4.9632211231131e-08,"ENSG00000246705","ENSG00000246705","H2AJ","H2A.J histone","55766","Upregulated",7.30423637553639,"H2AJ"
1700.66844779585,0.776625928829446,0.138981865149735,2.5728550199447e-09,5.16770981469762e-08,"ENSG00000064115","ENSG00000064115","TM7SF3","transmembrane 7 superfamily member 3","51768","Upregulated",7.28670188150947,"TM7SF3"
82.6319014032728,1.49161249674611,0.272531397494242,2.82124686428239e-09,5.64208662223516e-08,"ENSG00000158813","ENSG00000158813","EDA","ectodysplasin A","1896","Upregulated",7.24856025046177,"EDA"
917.984427968071,0.745043050682927,0.133040585117551,2.84530602078164e-09,5.66567473304781e-08,"ENSG00000172954","ENSG00000172954","LCLAT1","lysocardiolipin acyltransferase 1","253558","Upregulated",7.24674836198948,"LCLAT1"
310.169467111646,1.60554672998752,0.303586633567058,3.01564642506827e-09,5.99624731779356e-08,"ENSG00000143869","ENSG00000143869","GDF7","growth differentiation factor 7","151449","Upregulated",7.22212046279208,"GDF7"
1009.43864370688,0.557846933429246,0.098192301204213,3.20855808087648e-09,6.37068860212996e-08,"ENSG00000114745","ENSG00000114745","GORASP1","golgi reassembly stacking protein 1","64689","Upregulated",7.19581362261876,"GORASP1"
1001.55575260929,1.16410805037821,0.215833578928273,3.27837716656637e-09,6.49071845020619e-08,"ENSG00000131459","ENSG00000131459","GFPT2","glutamine--fructose-6-phosphate transaminase 2","9945","Upregulated",7.18770722897915,"GFPT2"
506.462942348308,0.726505139288525,0.12983956820602,3.29311611074518e-09,6.51059859897539e-08,"ENSG00000164291","ENSG00000164291","ARSK","arylsulfatase family member K","153642","Upregulated",7.18637907959149,"ARSK"
544.758654752263,0.992841154455208,0.181420955771072,3.42528104820889e-09,6.7430355180578e-08,"ENSG00000132170","ENSG00000132170","PPARG","peroxisome proliferator activated receptor gamma","5468","Upregulated",7.17114455272794,"PPARG"
2024.59347213974,0.658260976781447,0.117518052478462,3.55715752516373e-09,6.98281106816489e-08,"ENSG00000213064","ENSG00000213064","SFT2D2","SFT2 domain containing 2","375035","Upregulated",7.1559697083762,"SFT2D2"
1303.14638956501,0.677187980774413,0.121112840713957,3.71651905641703e-09,7.28532356476429e-08,"ENSG00000123094","ENSG00000123094","RASSF8","Ras association domain family member 8","11228","Upregulated",7.13755115504415,"RASSF8"
2705.92875350101,0.481845878110839,0.0847141680341564,3.81843409765217e-09,7.46398845689159e-08,"ENSG00000067900","ENSG00000067900","ROCK1","Rho associated coiled-coil containing protein kinase 1","6093","Upregulated",7.12702904090038,"ROCK1"
1506.39389296869,0.672958607162204,0.120765753360859,4.02624810138881e-09,7.8480692597957e-08,"ENSG00000198189","ENSG00000198189","HSD17B11","hydroxysteroid 17-beta dehydrogenase 11","51170","Upregulated",7.10523717293005,"HSD17B11"
853.795985217294,0.960455805118225,0.176677333379232,4.16253485148747e-09,8.10232731836585e-08,"ENSG00000164330","ENSG00000164330","EBF1","EBF transcription factor 1","1879","Upregulated",7.09139021614024,"EBF1"
1550.67814982052,0.68385274080083,0.122907492120683,4.17574852314583e-09,8.11664779555093e-08,"ENSG00000197442","ENSG00000197442","MAP3K5","mitogen-activated protein kinase kinase kinase 5","4217","Upregulated",7.09062329889767,"MAP3K5"
1503.00255818333,0.931164384510217,0.17116958469117,4.33686549928413e-09,8.39449985399144e-08,"ENSG00000081320","ENSG00000081320","STK17B","serine/threonine kinase 17b","9262","Upregulated",7.07600517410869,"STK17B"
73.8567681232918,1.52175718885447,0.281924685640831,4.35338505752924e-09,8.41472294453247e-08,"ENSG00000267669","ENSG00000267669","RPLP0P12","ribosomal protein lateral stalk subunit P0 pseudogene 12","390860","Upregulated",7.07496017863546,"RPLP0P12"
70496.5133269945,0.646184670058051,0.116581656721908,4.94194787124095e-09,9.49936970146023e-08,"ENSG00000196924","ENSG00000196924","FLNA","filamin A","2316","Upregulated",7.02230520989631,"FLNA"
271.072065435457,0.851110440517996,0.155736971232087,5.46730832728138e-09,1.04946573556499e-07,"ENSG00000160446","ENSG00000160446","ZDHHC12","zDHHC palmitoyltransferase 12","84885","Upregulated",6.97903173630785,"ZDHHC12"
1780.04227703496,1.04088568006511,0.194797352668466,5.55805726814275e-09,1.06540962211882e-07,"ENSG00000011198","ENSG00000011198","ABHD5","abhydrolase domain containing 5, lysophosphatidic acid acyltransferase","51099","Upregulated",6.97248338525512,"ABHD5"
1580.00017693882,0.768277006862232,0.140528583074475,5.57051313065911e-09,1.06632239610227e-07,"ENSG00000136378","ENSG00000136378","ADAMTS7","ADAM metallopeptidase with thrombospondin type 1 motif 7","11173","Upregulated",6.97211146915583,"ADAMTS7"
1120.93097252688,0.726581669641,0.132608880693006,5.99394535516943e-09,1.14579432658335e-07,"ENSG00000275131","ENSG00000275131",NA,NA,NA,"Upregulated",6.94089333249629,"ENSG00000275131"
2152.74867703923,0.872256104455124,0.162308056919197,6.82969819086245e-09,1.29839214303378e-07,"ENSG00000170921","ENSG00000170921","TANC2","tetratricopeptide repeat, ankyrin repeat and coiled-coil containing 2","26115","Upregulated",6.88659412122203,"TANC2"
395.252256428215,0.73460830065177,0.134339901921676,6.88596047672969e-09,1.30729488009585e-07,"ENSG00000078124","ENSG00000078124","ACER3","alkaline ceramidase 3","55331","Upregulated",6.88362643969269,"ACER3"
272.544243507556,0.958875120162973,0.178534085568886,7.30363850235351e-09,1.38091577086108e-07,"ENSG00000147576","ENSG00000147576","ADHFE1","alcohol dehydrogenase iron containing 1","137872","Upregulated",6.85983281046252,"ADHFE1"
588.820572892083,0.658532620621851,0.120134341053983,7.38909448565736e-09,1.39516976126329e-07,"ENSG00000181192","ENSG00000181192","DHTKD1","dehydrogenase E1 and transketolase domain containing 1","55526","Upregulated",6.85537294515435,"DHTKD1"
3104.26624888871,0.527616876740694,0.0949447778524089,7.44370742249431e-09,1.40166224413517e-07,"ENSG00000062716","ENSG00000062716","VMP1","vacuole membrane protein 1","81671","Upregulated",6.85335662487162,"VMP1"
992.612056702194,0.849592431673328,0.158496052225699,7.43619930941918e-09,1.40166224413517e-07,"ENSG00000182704","ENSG00000182704","TSKU","tsukushi, small leucine rich proteoglycan","25987","Upregulated",6.85335662487162,"TSKU"
295.774296770315,0.948143381303064,0.17666203291534,7.49106383754153e-09,1.40866558649238e-07,"ENSG00000170802","ENSG00000170802","FOXN2","forkhead box N2","3344","Upregulated",6.85119209502318,"FOXN2"
1010.07356840184,0.626249416382689,0.11405748281995,7.69770168528658e-09,1.44360551632458e-07,"ENSG00000196715","ENSG00000196715","VKORC1L1","vitamin K epoxide reductase complex subunit 1L1","154807","Upregulated",6.84055146707751,"VKORC1L1"
483.710547423457,0.723140541538042,0.132946148143361,8.08575811311647e-09,1.51228774210096e-07,"ENSG00000254470","ENSG00000254470","AP5B1","adaptor related protein complex 5 subunit beta 1","91056","Upregulated",6.82036556801642,"AP5B1"
1976.33865935153,0.947021447707115,0.178939948136902,8.30610189866993e-09,1.55140520503594e-07,"ENSG00000133816","ENSG00000133816","MICAL2","microtubule associated monooxygenase, calponin and LIM domain containing 2","9645","Upregulated",6.80927475581139,"MICAL2"
104.539865746217,1.62182074613261,0.311677613444181,8.34120146901167e-09,1.55586421479183e-07,"ENSG00000163803","ENSG00000163803","PLB1","phospholipase B1","151056","Upregulated",6.80802830795034,"PLB1"
2656.91408573366,0.846875619639416,0.159251778347279,9.56843806683044e-09,1.77931529718374e-07,"ENSG00000105835","ENSG00000105835","NAMPT","nicotinamide phosphoribosyltransferase","10135","Upregulated",6.74974708750119,"NAMPT"
2599.62910799796,0.509838398160437,0.0929421393614684,9.57766946893043e-09,1.77931529718374e-07,"ENSG00000139436","ENSG00000139436","GIT2","GIT ArfGAP 2","9815","Upregulated",6.74974708750119,"GIT2"
1271.80189745602,0.581932136437988,0.106823300878223,1.02076276234339e-08,1.88875181886742e-07,"ENSG00000130956","ENSG00000130956","HABP4","hyaluronan binding protein 4","22927","Upregulated",6.72382510442726,"HABP4"
5740.93053474074,0.488349584974637,0.0886410869813495,1.02466385327986e-08,1.89344217901407e-07,"ENSG00000144746","ENSG00000144746","ARL6IP5","ARF like GTPase 6 interacting protein 5","10550","Upregulated",6.72274795260734,"ARL6IP5"
5842.02300607345,0.433032139571408,0.0778604910252591,1.03482438410361e-08,1.9096712568964e-07,"ENSG00000000971","ENSG00000000971","CFH","complement factor H","3075","Upregulated",6.71904138856585,"CFH"
160.083499911959,1.22913771167165,0.234693270269805,1.04512114107223e-08,1.92610823060107e-07,"ENSG00000102996","ENSG00000102996","MMP15","matrix metallopeptidase 15","4324","Upregulated",6.71531931293725,"MMP15"
930.198872100187,0.642276708301223,0.11847231047801,1.05864187277673e-08,1.94585115581071e-07,"ENSG00000083720","ENSG00000083720","OXCT1","3-oxoacid CoA-transferase 1","5019","Upregulated",6.7108903833289,"OXCT1"
624.886118276087,0.820360238843217,0.15395575462425,1.06082443401685e-08,1.94728024252179e-07,"ENSG00000116704","ENSG00000116704","SLC35D1","solute carrier family 35 member D1","23169","Upregulated",6.71057154256183,"SLC35D1"
157.227128124834,1.68556864515182,0.331387579141921,1.10551139544078e-08,2.02394748076801e-07,"ENSG00000175471","ENSG00000175471","MCTP1","multiple C2 and transmembrane domain containing 1","79772","Upregulated",6.69380076115466,"MCTP1"
5809.6099579685,0.615919949501869,0.113079564340921,1.10773656175631e-08,2.02534577960167e-07,"ENSG00000075420","ENSG00000075420","FNDC3B","fibronectin type III domain containing 3B","64778","Upregulated",6.69350082066994,"FNDC3B"
8378.59376016038,0.669926257580431,0.124776419168613,1.12067210336765e-08,2.0436045632332e-07,"ENSG00000187079","ENSG00000187079","TEAD1","TEA domain transcription factor 1","7003","Upregulated",6.68960313623797,"TEAD1"
990.338603679087,0.607427060717148,0.111803590501968,1.13924659161085e-08,2.07474619095069e-07,"ENSG00000124702","ENSG00000124702","KLHDC3","kelch domain containing 3","116138","Upregulated",6.68303502406588,"KLHDC3"
2448.30200218446,0.723436712664753,0.134968365476294,1.18157549015547e-08,2.1490098055203e-07,"ENSG00000111371","ENSG00000111371","SLC38A1","solute carrier family 38 member 1","81539","Upregulated",6.66776160290146,"SLC38A1"
23.1315644652498,3.71592470353277,0.711312325432973,1.18339172990317e-08,2.14949226536409e-07,"ENSG00000127324","ENSG00000127324","TSPAN8","tetraspanin 8","7103","Upregulated",6.66766411328982,"TSPAN8"
1135.96380713605,0.763021460932279,0.14307781467712,1.24119306220527e-08,2.24565204296382e-07,"ENSG00000104687","ENSG00000104687","GSR","glutathione-disulfide reductase","2936","Upregulated",6.64865753548668,"GSR"
246.449751183906,0.842798592614685,0.158285999391508,1.25584912719231e-08,2.26920639553561e-07,"ENSG00000152642","ENSG00000152642","GPD1L","glycerol-3-phosphate dehydrogenase 1 like","23171","Upregulated",6.64412600108922,"GPD1L"
1069.06917915287,0.818486624290875,0.154770000598625,1.26493743431274e-08,2.28265207059119e-07,"ENSG00000196781","ENSG00000196781","TLE1","TLE family member 1, transcriptional corepressor","7088","Upregulated",6.64156028007246,"TLE1"
575.606061404689,0.659939840351645,0.122912669339413,1.38400313818778e-08,2.4877950054662e-07,"ENSG00000188215","ENSG00000188215","DCUN1D3","defective in cullin neddylation 1 domain containing 3","123879","Upregulated",6.60418540841157,"DCUN1D3"
1402.30437781247,0.758662388676155,0.143020510762098,1.40077392197404e-08,2.51467950578216e-07,"ENSG00000011566","ENSG00000011566","MAP4K3","mitogen-activated protein kinase kinase kinase kinase 3","8491","Upregulated",6.59951735762184,"MAP4K3"
68.4127798315993,2.62818360766096,0.545555734307004,1.45328631836756e-08,2.60220866747495e-07,"ENSG00000136383","ENSG00000136383","ALPK3","alpha kinase 3","57538","Upregulated",6.58465788091073,"ALPK3"
1928.44651107912,0.561542047005038,0.10341602252789,1.46479053869617e-08,2.61814489885426e-07,"ENSG00000104695","ENSG00000104695","PPP2CB","protein phosphatase 2 catalytic subunit beta","5516","Upregulated",6.58200632148601,"PPP2CB"
2937.82196519162,0.637222259917184,0.119347525262765,1.58183960741031e-08,2.81421246715013e-07,"ENSG00000165915","ENSG00000165915","SLC39A13","solute carrier family 39 member 13","91252","Upregulated",6.55064311733923,"SLC39A13"
2081.34638874674,0.713644717853919,0.13401740738226,1.60639719505457e-08,2.85423829823862e-07,"ENSG00000121691","ENSG00000121691","CAT","catalase","847","Upregulated",6.54450977078348,"CAT"
189.292783408233,1.40186066447501,0.275279891911103,1.62694839187223e-08,2.88705221036584e-07,"ENSG00000081052","ENSG00000081052","COL4A4","collagen type IV alpha 4 chain","1286","Upregulated",6.53954536212941,"COL4A4"
39.3302431392032,2.24766942493131,0.441471125765072,1.71096390202017e-08,3.02838425518487e-07,"ENSG00000230018","ENSG00000230018","PPIAP39","peptidylprolyl isomerase A pseudogene 39","111082963","Upregulated",6.51878902041412,"PPIAP39"
5012.84356281029,0.82398182647327,0.158927619610263,1.71763624285384e-08,3.036316414504e-07,"ENSG00000116133","ENSG00000116133","DHCR24","24-dehydrocholesterol reductase","1718","Upregulated",6.5176529725945,"DHCR24"
564.037788731144,0.839992323954803,0.160485233279712,1.80275465526622e-08,3.17867388897386e-07,"ENSG00000259171","ENSG00000259171",NA,NA,NA,"Upregulated",6.49775402555612,"ENSG00000259171"
647.114131296915,0.915132063510956,0.176236689052834,1.81859136255471e-08,3.20022434202237e-07,"ENSG00000090376","ENSG00000090376","IRAK3","interleukin 1 receptor associated kinase 3","11213","Upregulated",6.49481957571533,"IRAK3"
14332.3959672852,0.456627138531541,0.0843970709008799,1.86263028236554e-08,3.26761937763343e-07,"ENSG00000113083","ENSG00000113083","LOX","lysyl oxidase","4015","Upregulated",6.48576853715204,"LOX"
12000.3653158606,0.705485570499284,0.13319176797999,1.92073012207272e-08,3.36528429352792e-07,"ENSG00000173706","ENSG00000173706","HEG1","heart development protein with EGF like domains 1","57493","Upregulated",6.4729782414266,"HEG1"
3907.91780758582,0.549287796355264,0.102633702149499,1.96305982827452e-08,3.43510683839099e-07,"ENSG00000129353","ENSG00000129353","SLC44A2","solute carrier family 44 member 2 (CTL2 blood group)","57153","Upregulated",6.46405975100557,"SLC44A2"
582.764171981046,0.800068062500978,0.15291931400668,1.98964656650821e-08,3.47723981907154e-07,"ENSG00000197860","ENSG00000197860","SGTB","small glutamine rich tetratricopeptide repeat co-chaperone beta","54557","Upregulated",6.4587653557626,"SGTB"
274.675056374379,0.803777274383701,0.15327127854709,2.00255674250742e-08,3.49539469702901e-07,"ENSG00000196372","ENSG00000196372","ASB13","ankyrin repeat and SOCS box containing 13","79754","Upregulated",6.45650377698172,"ASB13"
781.014125491802,0.677237176026237,0.12790491179069,2.01587161250207e-08,3.51420939341713e-07,"ENSG00000184304","ENSG00000184304","PRKD1","protein kinase D1","5587","Upregulated",6.45417236472568,"PRKD1"
1986.16249312838,0.93853183400297,0.1822140122843,2.02175739446187e-08,3.52004217711647e-07,"ENSG00000118257","ENSG00000118257","NRP2","neuropilin 2","8828","Upregulated",6.45345213277778,"NRP2"
3785.70393877095,0.41509331880381,0.0755952277697023,2.03390249779632e-08,3.53674463198986e-07,"ENSG00000084652","ENSG00000084652","TXLNA","taxilin alpha","200081","Upregulated",6.45139629696259,"TXLNA"
1274.06252031924,0.585980849920762,0.109935755223313,2.17594067326118e-08,3.76483917487225e-07,"ENSG00000134508","ENSG00000134508","CABLES1","Cdk5 and Abl enzyme substrate 1","91768","Upregulated",6.42425357111197,"CABLES1"
24.1805022677984,3.72925888172816,0.739749120681186,2.24934591487474e-08,3.88699314641508e-07,"ENSG00000273259","ENSG00000273259",NA,NA,NA,"Upregulated",6.4103862251204,"ENSG00000273259"
1192.61104134845,0.725631498434072,0.138526976568602,2.27939494520386e-08,3.93401426470489e-07,"ENSG00000116649","ENSG00000116649","SRM","spermidine synthase","6723","Upregulated",6.40516406966544,"SRM"
880.017632289131,1.04640292601004,0.205995678577109,2.30643142753435e-08,3.97572551669136e-07,"ENSG00000241644","ENSG00000241644","INMT","indolethylamine N-methyltransferase","11185","Upregulated",6.40058360684545,"INMT"
363.444700193156,0.907486219105278,0.175776328745395,2.37187316440909e-08,4.07838587909994e-07,"ENSG00000170485","ENSG00000170485","NPAS2","neuronal PAS domain protein 2","4862","Upregulated",6.38951168556243,"NPAS2"
19.3291771854346,4.56948683166651,0.902335145380072,2.39651853095795e-08,4.11056315848345e-07,"ENSG00000168481","ENSG00000168481","LGI3","leucine rich repeat LGI family member 3","203190","Upregulated",6.38609867450661,"LGI3"
572.512945304983,0.660891430732666,0.125462417109547,2.41245039964299e-08,4.13057824302323e-07,"ENSG00000042286","ENSG00000042286","AIFM2","AIF family member 2, ferroptosis suppressor","84883","Upregulated",6.3839891468483,"AIFM2"
1927.27635349976,0.453326341777846,0.0842763497789908,2.5066864474384e-08,4.27834574815872e-07,"ENSG00000241553","ENSG00000241553","ARPC4","actin related protein 2/3 complex subunit 4","10093","Upregulated",6.36872412148259,"ARPC4"
457.531032089324,0.946041851084527,0.184567192249727,2.51705617379822e-08,4.29076033366169e-07,"ENSG00000076716","ENSG00000076716","GPC4","glypican 4","2239","Upregulated",6.36746574290734,"GPC4"
1018.03985767361,0.510619384035615,0.0954745490936522,2.56419002233783e-08,4.36573827021866e-07,"ENSG00000066322","ENSG00000066322","ELOVL1","ELOVL fatty acid elongase 1","64834","Upregulated",6.35994230417588,"ELOVL1"
107.946901751804,2.32237383286705,0.469315146828097,2.6559573361721e-08,4.506588509441e-07,"ENSG00000235750","ENSG00000235750","KIAA0040","KIAA0040","9674","Upregulated",6.346152094966,"KIAA0040"
5910.40585103242,0.575074067554755,0.109122336840771,2.8008322030942e-08,4.74532194409323e-07,"ENSG00000143384","ENSG00000143384","MCL1","MCL1 apoptosis regulator, BCL2 family member","4170","Upregulated",6.32373431773614,"MCL1"
161.328072796598,1.58466255526319,0.320956664126333,2.84944022112964e-08,4.82178168798971e-07,"ENSG00000197769","ENSG00000197769","MAP1LC3C","microtubule associated protein 1 light chain 3 gamma","440738","Upregulated",6.31679245672251,"MAP1LC3C"
372.119641250074,0.798108843429345,0.154205678362988,2.85874990604382e-08,4.83163596925138e-07,"ENSG00000225697","ENSG00000225697","SLC26A6","solute carrier family 26 member 6","65010","Upregulated",6.31590579427537,"SLC26A6"
510.99827115539,0.723066277546839,0.139457799631733,3.03347132424101e-08,5.11446217550562e-07,"ENSG00000244405","ENSG00000244405","ETV5","ETS variant transcription factor 5","2119","Upregulated",6.29120002890994,"ETV5"
15352.9127441509,0.60026250796124,0.114417909908969,3.08308037099847e-08,5.18548675505677e-07,"ENSG00000133026","ENSG00000133026","MYH10","myosin heavy chain 10","4628","Upregulated",6.28521047068995,"MYH10"
2376.30426276292,0.882236003292484,0.173212612745355,3.14982809343172e-08,5.29132939962064e-07,"ENSG00000164932","ENSG00000164932","CTHRC1","collagen triple helix repeat containing 1","115908","Upregulated",6.2764352016158,"CTHRC1"
934.932525156326,0.592081063189571,0.11265746661463,3.19731590611371e-08,5.35811380203505e-07,"ENSG00000006607","ENSG00000006607","FARP2","FERM, ARH/RhoGEF and pleckstrin domain protein 2","9855","Upregulated",6.27098806656376,"FARP2"
83.576119294464,1.45599474116595,0.291951688852531,3.44788352300387e-08,5.75713466810971e-07,"ENSG00000131979","ENSG00000131979","GCH1","GTP cyclohydrolase 1","2643","Upregulated",6.23979361161958,"GCH1"
184.979347875811,1.03787605383722,0.205071391106152,3.51934615529159e-08,5.86938849171915e-07,"ENSG00000165195","ENSG00000165195","PIGA","phosphatidylinositol glycan anchor biosynthesis class A","5277","Upregulated",6.23140714381305,"PIGA"
12687.5809273722,1.48829165004617,0.303127017468167,3.61646433014031e-08,6.02410807108348e-07,"ENSG00000213626","ENSG00000213626","LBH","LBH regulator of Wnt signaling pathway","81606","Upregulated",6.2201072455965,"LBH"
2952.5954151477,0.513182254579672,0.0973912674348885,3.75883902773581e-08,6.25219912945309e-07,"ENSG00000172935","ENSG00000172935","MRGPRF","MAS related GPR family member F","116535","Upregulated",6.20396719836791,"MRGPRF"
2143.61434399007,0.71942936799428,0.140177338389263,3.82460044327507e-08,6.34032745733841e-07,"ENSG00000010017","ENSG00000010017","RANBP9","RAN binding protein 9","10048","Upregulated",6.19788831163835,"RANBP9"
943.90219802859,1.00111747548722,0.200675325702103,3.99697121038505e-08,6.60238665133806e-07,"ENSG00000157617","ENSG00000157617","C2CD2","C2 calcium dependent domain containing 2","25966","Upregulated",6.18029904595155,"C2CD2"
3826.33774950708,0.561139335317724,0.108227256740618,4.46196685823128e-08,7.35852058757832e-07,"ENSG00000010278","ENSG00000010278","CD9","CD9 molecule","928","Upregulated",6.13320949072139,"CD9"
2966.38523347526,0.52697658082779,0.101062136933544,4.46534079959115e-08,7.35852058757832e-07,"ENSG00000182158","ENSG00000182158","CREB3L2","cAMP responsive element binding protein 3 like 2","64764","Upregulated",6.13320949072139,"CREB3L2"
3380.14514882397,0.705461729875185,0.137650267051582,4.6693462240116e-08,7.6673541846655e-07,"ENSG00000148082","ENSG00000148082","SHC3","SHC adaptor protein 3","53358","Upregulated",6.11535447454304,"SHC3"
213.295392089348,1.07123582300892,0.215364958014584,4.78166678289413e-08,7.84249940167216e-07,"ENSG00000097096","ENSG00000097096","SYDE2","synapse defective Rho GTPase homolog 2","84144","Upregulated",6.10554550576385,"SYDE2"
4083.73246275509,0.932974881600937,0.187978197503934,4.79787260059523e-08,7.85977734889472e-07,"ENSG00000074527","ENSG00000074527","NTN4","netrin 4","59277","Upregulated",6.10458975644354,"NTN4"
15856.6847509424,0.47439592522112,0.0910863073129358,5.03133484233905e-08,8.22279122405388e-07,"ENSG00000101335","ENSG00000101335","MYL9","myosin light chain 9","10398","Upregulated",6.08498073629956,"MYL9"
724.211685696669,0.800975050601239,0.15887487767328,5.19834893879171e-08,8.47575505208403e-07,"ENSG00000145604","ENSG00000145604","SKP2","S-phase kinase associated protein 2","6502","Upregulated",6.07182160281842,"SKP2"
344.671267527631,0.849441265245624,0.169673531369348,5.99020539274302e-08,9.67578747529435e-07,"ENSG00000117602","ENSG00000117602","RCAN3","RCAN family member 3","11123","Upregulated",6.01431367930567,"RCAN3"
3297.42784926737,0.423715798019104,0.0811336417746583,6.17629127537727e-08,9.96475212869075e-07,"ENSG00000160408","ENSG00000160408","ST6GALNAC6","ST6 N-acetylgalactosaminide alpha-2,6-sialyltransferase 6","30815","Upregulated",6.00153349982157,"ST6GALNAC6"
969.821515174587,0.807248239577396,0.162463198511838,7.3439233215146e-08,1.17800270038045e-06,"ENSG00000177426","ENSG00000177426","TGIF1","TGFB induced factor homeobox 1","7050","Upregulated",5.928853713998,"TGIF1"
765.661584279542,0.578808704639651,0.11364249354353,7.50593350004757e-08,1.20259806216369e-06,"ENSG00000126561","ENSG00000126561","STAT5A","signal transducer and activator of transcription 5A","6776","Upregulated",5.91987950030117,"STAT5A"
98.492741021414,1.26170346652091,0.258916326097682,7.92024902960404e-08,1.26616259822858e-06,"ENSG00000143028","ENSG00000143028","SYPL2","synaptophysin like 2","284612","Upregulated",5.89751051945366,"SYPL2"
7654.99875542154,0.448461751066113,0.0865328347745592,7.92093926447925e-08,1.26616259822858e-06,"ENSG00000179295","ENSG00000179295","PTPN11","protein tyrosine phosphatase non-receptor type 11","5781","Upregulated",5.89751051945366,"PTPN11"
52.6444511445896,2.28572019590642,0.49420313287021,8.18494322711925e-08,1.30685631549131e-06,"ENSG00000163251","ENSG00000163251","FZD5","frizzled class receptor 5","7855","Upregulated",5.88377215902967,"FZD5"
625.858023052919,0.569681027479039,0.112391384879148,9.20518149861569e-08,1.46806225994609e-06,"ENSG00000112290","ENSG00000112290","WASF1","WASP family member 1","8936","Upregulated",5.83325552577032,"WASF1"
327.297547514468,0.797151516004347,0.161433713097937,9.51842985886024e-08,1.51453409200854e-06,"ENSG00000244274","ENSG00000244274","DBNDD2","dysbindin domain containing 2","55861","Upregulated",5.81972094629643,"DBNDD2"
377.633991363833,0.738086089639526,0.148843662486608,9.60509874739214e-08,1.52613294795605e-06,"ENSG00000131634","ENSG00000131634","TMEM204","transmembrane protein 204","79652","Upregulated",5.81640763148684,"TMEM204"
355.545499373142,0.763251211059304,0.1542452776544,9.67913658648228e-08,1.53481869510364e-06,"ENSG00000167702","ENSG00000167702","KIFC2","kinesin family member C2","90990","Upregulated",5.81394291944838,"KIFC2"
196.440552164625,0.892662491898402,0.181990428018295,1.01197386679563e-07,1.59998152158671e-06,"ENSG00000114767","ENSG00000114767","RRP9","ribosomal RNA processing 9, U3 small nucleolar RNA binding protein","9136","Upregulated",5.79588503304362,"RRP9"
590.326377460254,0.772309137696293,0.157043181716436,1.01247116994844e-07,1.59998152158671e-06,"ENSG00000158555","ENSG00000158555","GDPD5","glycerophosphodiester phosphodiesterase domain containing 5","81544","Upregulated",5.79588503304362,"GDPD5"
487.742829310564,0.645115613116445,0.129021710678376,1.0194788264093e-07,1.60922062132192e-06,"ENSG00000123737","ENSG00000123737","EXOSC9","exosome component 9","5393","Upregulated",5.79338441080812,"EXOSC9"
1047.21014564852,0.533175361122822,0.105239465423236,1.02491036528993e-07,1.61595366923243e-06,"ENSG00000180891","ENSG00000180891","CUEDC1","CUE domain containing 1","404093","Upregulated",5.7915710949755,"CUEDC1"
876.03448464293,0.592991334303052,0.118241085729277,1.0538947447707e-07,1.65788050712567e-06,"ENSG00000198369","ENSG00000198369","SPRED2","sprouty related EVH1 domain containing 2","200734","Upregulated",5.78044677473031,"SPRED2"
1495.2169007104,0.568515355252011,0.114040459133406,1.08137596598192e-07,1.69918248441536e-06,"ENSG00000105971","ENSG00000105971","CAV2","caveolin 2","858","Upregulated",5.76975997738827,"CAV2"
490.298366744303,0.661137713181487,0.132863587436421,1.10986065548434e-07,1.74196589177322e-06,"ENSG00000183621","ENSG00000183621","ZNF438","zinc finger protein 438","220929","Upregulated",5.75896035286435,"ZNF438"
2157.35694250629,0.499408252698719,0.0984912127761922,1.11658094196515e-07,1.75053113967139e-06,"ENSG00000165637","ENSG00000165637","VDAC2","voltage dependent anion channel 2","7417","Upregulated",5.75683015929645,"VDAC2"
5677.85240387958,0.744640816310846,0.152784790200222,1.15321720162471e-07,1.79779945976567e-06,"ENSG00000111885","ENSG00000111885","MAN1A1","mannosidase alpha class 1A member 1","4121","Upregulated",5.74525875441287,"MAN1A1"
1414.12133494918,0.518787551923211,0.102834940785196,1.18311183046303e-07,1.83966988023026e-06,"ENSG00000134046","ENSG00000134046","MBD2","methyl-CpG binding domain protein 2","8932","Upregulated",5.73526010202147,"MBD2"
1129.8184617502,0.522984379783253,0.103784417276904,1.1828986949225e-07,1.83966988023026e-06,"ENSG00000244462","ENSG00000244462","RBM12","RNA binding motif protein 12","10137","Upregulated",5.73526010202147,"RBM12"
1015.54288804965,0.682015177755306,0.138469040774487,1.20074069850202e-07,1.86350115795515e-06,"ENSG00000183688","ENSG00000183688","RFLNB","refilin B","359845","Upregulated",5.72967033304517,"RFLNB"
1012.43496052485,0.769370304850118,0.157442060648603,1.2026541210113e-07,1.86438293770644e-06,"ENSG00000122863","ENSG00000122863","CHST3","carbohydrate sulfotransferase 3","9469","Upregulated",5.72946488025879,"CHST3"
386.903309590239,0.763409836366094,0.155788274644377,1.23623204912628e-07,1.91002675237916e-06,"ENSG00000119673","ENSG00000119673","ACOT2","acyl-CoA thioesterase 2","10965","Upregulated",5.71896054985736,"ACOT2"
10378.3505015952,0.464800022513796,0.0928533841549608,1.26604605551922e-07,1.95391228100678e-06,"ENSG00000022267","ENSG00000022267","FHL1","four and a half LIM domains 1","2273","Upregulated",5.70909493740836,"FHL1"
3503.65063245008,0.465080158125773,0.0916091671937371,1.27960445682312e-07,1.97264050802131e-06,"ENSG00000120896","ENSG00000120896","SORBS3","sorbin and SH3 domain containing 3","10174","Upregulated",5.70495205291701,"SORBS3"
771.504026667276,0.642195811398031,0.129648961314895,1.33111905644781e-07,2.0407056419591e-06,"ENSG00000123643","ENSG00000123643","SLC36A1","solute carrier family 36 member 1","206358","Upregulated",5.69021963481961,"SLC36A1"
5157.50443922809,0.451326199254693,0.0893826470266481,1.37331848089933e-07,2.10075285063838e-06,"ENSG00000206560","ENSG00000206560","ANKRD28","ankyrin repeat domain 28","23243","Upregulated",5.67762503846393,"ANKRD28"
925.500277508273,0.80671033457002,0.167079960885728,1.46446407411321e-07,2.2278822835494e-06,"ENSG00000135048","ENSG00000135048","CEMIP2","cell migration inducing hyaluronidase 2","23670","Upregulated",5.65210776006722,"CEMIP2"
545.507458131208,0.724616735499654,0.148650572978873,1.6273874959854e-07,2.44885595079931e-06,"ENSG00000123213","ENSG00000123213","NLN","neurolysin","57486","Upregulated",5.61103676065435,"NLN"
549.988729758673,0.758196208282672,0.156647252558237,1.67444609466891e-07,2.51693583796274e-06,"ENSG00000164933","ENSG00000164933","SLC25A32","solute carrier family 25 member 32","81034","Upregulated",5.59912785539876,"SLC25A32"
576.032695555028,0.666902518488211,0.136913774437257,1.74071475408211e-07,2.61088374208051e-06,"ENSG00000172123","ENSG00000172123","SLFN12","schlafen family member 12","55106","Upregulated",5.58321246609242,"SLFN12"
984.970478757705,0.555705859748896,0.112447684162965,1.79781165671078e-07,2.69069889312686e-06,"ENSG00000166347","ENSG00000166347","CYB5A","cytochrome b5 type A","1528","Upregulated",5.57013489992118,"CYB5A"
1435.14555199961,0.685008458371069,0.142130071770018,1.80140648793639e-07,2.6931707137336e-06,"ENSG00000065526","ENSG00000065526","SPEN","spen family transcriptional repressor","23013","Upregulated",5.56973611681402,"SPEN"
6482.9861632047,0.458310545768429,0.0917841294198864,1.81093769225927e-07,2.70450274536866e-06,"ENSG00000145623","ENSG00000145623","OSMR","oncostatin M receptor","9180","Upregulated",5.56791257336488,"OSMR"
618.069881718119,0.718281839000062,0.149066801039848,1.84490603216576e-07,2.75226616789938e-06,"ENSG00000168234","ENSG00000168234","TTC39C","tetratricopeptide repeat domain 39C","125488","Upregulated",5.56030956837975,"TTC39C"
106.792844071019,1.2375688771907,0.264327700020033,1.86783453357134e-07,2.77750201724949e-06,"ENSG00000135362","ENSG00000135362","PRR5L","proline rich 5 like","79899","Upregulated",5.55634561696675,"PRR5L"
1214.70015014332,0.537267175502612,0.109076278991628,2.05015447107951e-07,3.02911415934871e-06,"ENSG00000240771","ENSG00000240771","ARHGEF25","Rho guanine nucleotide exchange factor 25","115557","Upregulated",5.51868435894151,"ARHGEF25"
694.465125710643,0.656553189001574,0.135222475767762,2.09824304005768e-07,3.09028164635063e-06,"ENSG00000181830","ENSG00000181830","SLC35C1","solute carrier family 35 member C1","55343","Upregulated",5.5100019374419,"SLC35C1"
2503.12484767877,0.535046534908918,0.108798184721781,2.11688511962383e-07,3.11112522511842e-06,"ENSG00000145901","ENSG00000145901","TNIP1","TNFAIP3 interacting protein 1","10318","Upregulated",5.5070825078616,"TNIP1"
3363.06734502145,0.411013417033788,0.0819344457283723,2.12063450087117e-07,3.11333406224297e-06,"ENSG00000159216","ENSG00000159216","RUNX1","RUNX family transcription factor 1","861","Upregulated",5.50677427681032,"RUNX1"
9467.12518005504,0.644665226264174,0.135033815314586,2.34525062959867e-07,3.43218885698078e-06,"ENSG00000071127","ENSG00000071127","WDR1","WD repeat domain 1","9948","Upregulated",5.46442882301214,"WDR1"
1506.92443167895,0.504468887423406,0.102562250605886,2.40646714802914e-07,3.51806204689196e-06,"ENSG00000142002","ENSG00000142002","DPP9","dipeptidyl peptidase 9","91039","Upregulated",5.45369650530347,"DPP9"
242.84162111876,0.789487311568548,0.166001548203892,2.54718863676114e-07,3.71986167722578e-06,"ENSG00000175600","ENSG00000175600","SUGCT","succinyl-CoA:glutarate-CoA transferase","79783","Upregulated",5.42947320902521,"SUGCT"
2767.49575096584,0.480087204521178,0.0975173268240662,2.63233945280491e-07,3.83612959794145e-06,"ENSG00000167291","ENSG00000167291","TBC1D16","TBC1 domain family member 16","125058","Upregulated",5.41610672925943,"TBC1D16"
5488.92742917971,0.405941348208287,0.0815888403800386,2.65807339642952e-07,3.86956294129378e-06,"ENSG00000105281","ENSG00000105281","SLC1A5","solute carrier family 1 member 5","6510","Upregulated",5.41233808482693,"SLC1A5"
619.331837387898,1.07681858938555,0.23495546222178,2.69538486245988e-07,3.91976272915335e-06,"ENSG00000162817","ENSG00000162817","C1orf115","chromosome 1 open reading frame 115","79762","Upregulated",5.40674022087192,"C1orf115"
2572.23991036642,0.559479607824618,0.115329272907302,2.78739834170202e-07,4.04508414844484e-06,"ENSG00000064393","ENSG00000064393","HIPK2","homeodomain interacting protein kinase 2","28996","Upregulated",5.39307243948431,"HIPK2"
1570.6526268766,0.575012452964337,0.118845702327828,2.90038239201529e-07,4.2002507388652e-06,"ENSG00000156671","ENSG00000156671","SAMD8","sterile alpha motif domain containing 8","142891","Upregulated",5.37672478311277,"SAMD8"
1569.61735741795,0.455091873507846,0.0926655657728153,2.95023683734384e-07,4.26353830331056e-06,"ENSG00000173757","ENSG00000173757","STAT5B","signal transducer and activator of transcription 5B","6777","Upregulated",5.37022983099388,"STAT5B"
2061.78710917986,0.778415141352712,0.166078915412324,3.03831594646767e-07,4.37258781953223e-06,"ENSG00000198793","ENSG00000198793","MTOR","mechanistic target of rapamycin kinase","2475","Upregulated",5.3592614593438,"MTOR"
1099.56775941877,0.566067279134132,0.117214500120306,3.06226548130698e-07,4.40248312297027e-06,"ENSG00000151893","ENSG00000151893","CACUL1","CDK2 associated cullin domain 1","143384","Upregulated",5.35630230023631,"CACUL1"
1294.36694759801,0.604059255789445,0.125839865511443,3.11659974261801e-07,4.47132047960073e-06,"ENSG00000057252","ENSG00000057252","SOAT1","sterol O-acyltransferase 1","6646","Upregulated",5.34956420118227,"SOAT1"
12790.2443664896,0.475167014881419,0.0973316322263044,3.1408884926587e-07,4.49685677890051e-06,"ENSG00000148180","ENSG00000148180","GSN","gelsolin","2934","Upregulated",5.34709094412512,"GSN"
1991.38865771964,0.408919215817473,0.0832726745638614,3.31190830617286e-07,4.73681498609388e-06,"ENSG00000100401","ENSG00000100401","RANGAP1","Ran GTPase activating protein 1","5905","Upregulated",5.32451357792513,"RANGAP1"
17072.3823784411,0.653095834815031,0.136269477235742,3.31736607034436e-07,4.73972952256726e-06,"ENSG00000148926","ENSG00000148926","ADM","adrenomedullin","133","Upregulated",5.32424644107025,"ADM"
1348.16572522519,0.543215743160158,0.11269590252869,3.52482495621573e-07,5.02577665310636e-06,"ENSG00000113441","ENSG00000113441","LNPEP","leucyl and cystinyl aminopeptidase","4012","Upregulated",5.29879681548056,"LNPEP"
1852.32807414345,0.57229536053796,0.119935284903869,4.07465342400589e-07,5.78592436509198e-06,"ENSG00000197045","ENSG00000197045","GMFB","glia maturation factor beta","2764","Upregulated",5.23762724784633,"GMFB"
1134.19828109324,0.60006512195627,0.126536838241606,4.08994569815023e-07,5.8016947216647e-06,"ENSG00000147459","ENSG00000147459","DOCK5","dedicator of cytokinesis 5","80005","Upregulated",5.2364451269957,"DOCK5"
1717.33983947138,0.493951040169593,0.102378444439207,4.17085711508717e-07,5.90438291705751e-06,"ENSG00000151491","ENSG00000151491","EPS8","EGFR pathway substrate 8, signaling adaptor","2059","Upregulated",5.22882548496339,"EPS8"
1168.2698287865,0.506964980380216,0.105472259991764,4.19090604792173e-07,5.92671091001502e-06,"ENSG00000051620","ENSG00000051620","HEBP2","heme binding protein 2","23593","Upregulated",5.22718625603198,"HEBP2"
361.158459387658,1.23515443248791,0.280367251303441,4.22020618235108e-07,5.96206294405746e-06,"ENSG00000129757","ENSG00000129757","CDKN1C","cyclin dependent kinase inhibitor 1C","1028","Upregulated",5.22460344324594,"CDKN1C"
8504.98042704883,0.422512721668017,0.0867729884278085,4.26862740793962e-07,6.01820012681946e-06,"ENSG00000116005","ENSG00000116005","PCYOX1","prenylcysteine oxidase 1","51449","Upregulated",5.22053337450085,"PCYOX1"
549.681585802954,0.564732863243977,0.118777617280807,4.29366064026287e-07,6.04734174932959e-06,"ENSG00000169692","ENSG00000169692","AGPAT2","1-acylglycerol-3-phosphate O-acyltransferase 2","10555","Upregulated",5.21843548771055,"AGPAT2"
97.3019252704787,1.35699709803619,0.304482739780941,4.60264329044568e-07,6.462819996179e-06,"ENSG00000184307","ENSG00000184307","ZDHHC23","zDHHC palmitoyltransferase 23","254887","Upregulated",5.18957793997008,"ZDHHC23"
4407.68886871736,0.446557456735161,0.0924971717384542,4.72915301327893e-07,6.62033652636693e-06,"ENSG00000141522","ENSG00000141522","ARHGDIA","Rho GDP dissociation inhibitor alpha","396","Upregulated",5.17911993384889,"ARHGDIA"
98.5970790041259,1.34667213161154,0.303481575739308,4.9132853181709e-07,6.85732338615614e-06,"ENSG00000137959","ENSG00000137959","IFI44L","interferon induced protein 44 like","10964","Upregulated",5.16384536905418,"IFI44L"
370.278434310974,0.748530211886633,0.162549015259016,5.45678839342043e-07,7.58531899141562e-06,"ENSG00000130224","ENSG00000130224","LRCH2","leucine rich repeats and calponin homology domain containing 2","57631","Upregulated",5.12002615076406,"LRCH2"
2361.23166316875,0.489944607535946,0.10290925098611,5.52608458686524e-07,7.65860062893654e-06,"ENSG00000140564","ENSG00000140564","FURIN","furin, paired basic amino acid cleaving enzyme","5045","Upregulated",5.11585057692749,"FURIN"
866.651873083949,0.555798287369041,0.117732311140909,5.52192454580854e-07,7.65860062893654e-06,"ENSG00000162604","ENSG00000162604","TM2D1","TM2 domain containing 1","83941","Upregulated",5.11585057692749,"TM2D1"
835.073175124413,0.632785018538118,0.135957652976069,5.60844513949855e-07,7.74949563193524e-06,"ENSG00000100647","ENSG00000100647","SUSD6","sushi domain containing 6","9766","Upregulated",5.11072656218986,"SUSD6"
1170.78412982211,0.531729394534314,0.112605322567167,5.61694494878245e-07,7.75350996465896e-06,"ENSG00000136560","ENSG00000136560","TANK","TRAF family member associated NFKB activator","10010","Upregulated",5.11050165062952,"TANK"
758.093924065119,0.721519662781187,0.156905502408428,5.63774794817272e-07,7.77448246902743e-06,"ENSG00000198517","ENSG00000198517","MAFK","MAF bZIP transcription factor K","7975","Upregulated",5.10932851141062,"MAFK"
2016.34433141231,0.771181460337147,0.169679169173865,5.7860243498208e-07,7.9665927624282e-06,"ENSG00000153936","ENSG00000153936","HS2ST1","heparan sulfate 2-O-sulfotransferase 1","9653","Upregulated",5.0987273826023,"HS2ST1"
2786.23208915408,1.58534548334773,0.369918997476804,5.81954777046142e-07,7.993370916831e-06,"ENSG00000167191","ENSG00000167191","GPRC5B","G protein-coupled receptor class C group 5 member B","51704","Upregulated",5.09727003397177,"GPRC5B"
2266.76293189614,0.39394056244357,0.0819967647901848,6.18355842403239e-07,8.48494417808563e-06,"ENSG00000205730","ENSG00000205730","ITPRIPL2","ITPRIP like 2","162073","Upregulated",5.071351010533,"ITPRIPL2"
559.186613295811,0.754647107100898,0.165373740881308,6.30505526415157e-07,8.64310196892944e-06,"ENSG00000253304","ENSG00000253304","TMEM200B","transmembrane protein 200B","399474","Upregulated",5.06333036328337,"TMEM200B"
411.223582337853,0.609806318829622,0.130948715109517,6.42384452065084e-07,8.79723925016799e-06,"ENSG00000023608","ENSG00000023608","SNAPC1","small nuclear RNA activating complex polypeptide 1","6617","Upregulated",5.0556535967737,"SNAPC1"
209.804652192343,0.788008363027375,0.17321750388152,6.66918820823857e-07,9.1062344214757e-06,"ENSG00000176597","ENSG00000176597","B3GNT5","UDP-GlcNAc:betaGal beta-1,3-N-acetylglucosaminyltransferase 5","84002","Upregulated",5.04066117385619,"B3GNT5"
221.176657897129,0.854055953954118,0.189266541635018,6.85589183313884e-07,9.35194930270385e-06,"ENSG00000214274","ENSG00000214274","ANG","angiogenin","283","Upregulated",5.02909785616782,"ANG"
1844.87050038683,0.468318788494718,0.0989410170963481,6.91318166807789e-07,9.4208244580031e-06,"ENSG00000109501","ENSG00000109501","WFS1","wolframin ER transmembrane glycoprotein","7466","Upregulated",5.02591108851357,"WFS1"
11577.9492113721,0.656031844930331,0.143191963953604,7.09357221722425e-07,9.6382173880893e-06,"ENSG00000158747","ENSG00000158747","NBL1","NBL1, DAN family BMP antagonist","4681","Upregulated",5.01600328249809,"NBL1"
1239.93637271819,0.457352361760693,0.0978414830949904,7.64131181769884e-07,1.03418887188953e-05,"ENSG00000117280","ENSG00000117280","RAB29","RAB29, member RAS oncogene family","8934","Upregulated",4.98540013964746,"RAB29"
1965.0561659782,0.465960598776391,0.0990276314062512,7.77303820252343e-07,1.05099059950022e-05,"ENSG00000108829","ENSG00000108829","LRRC59","leucine rich repeat containing 59","55379","Upregulated",4.97840116846599,"LRRC59"
1671.92000957006,0.465491855429136,0.0987713975648695,7.94738217866536e-07,1.07247097968961e-05,"ENSG00000177200","ENSG00000177200","CHD9","chromodomain helicase DNA binding protein 9","80205","Upregulated",4.96961445068746,"CHD9"
352.617259949624,0.980078115414787,0.223382027935581,8.22726111352793e-07,1.1087431451099e-05,"ENSG00000078053","ENSG00000078053","AMPH","amphiphysin","273","Upregulated",4.95516905221108,"AMPH"
646.008386674441,0.750926053806944,0.166598440916674,8.23217184730565e-07,1.1087431451099e-05,"ENSG00000142279","ENSG00000142279","WTIP","WT1 interacting protein","126374","Upregulated",4.95516905221108,"WTIP"
968.122323028894,0.472960557995498,0.100917638832643,8.59160008100596e-07,1.1542614900581e-05,"ENSG00000075975","ENSG00000075975","MKRN2","makorin ring finger protein 2","23609","Upregulated",4.93769579358515,"MKRN2"
427.678374567027,0.601323178462923,0.131677005154724,1.02210950566786e-06,1.36599957946489e-05,"ENSG00000168792","ENSG00000168792","ABHD15","abhydrolase domain containing 15","116236","Upregulated",4.86454943435588,"ABHD15"
1064.76880198903,0.46025094086092,0.0988285091531788,1.03174335814629e-06,1.37754635843444e-05,"ENSG00000103111","ENSG00000103111","MON1B","MON1 vesicular trafficking associated B","22879","Upregulated",4.86089377696003,"MON1B"
492.342663292829,0.851003429188634,0.193551616940819,1.03835846003137e-06,1.38504426348169e-05,"ENSG00000067177","ENSG00000067177","PHKA1","phosphorylase kinase regulatory subunit alpha 1","5255","Upregulated",4.85853634712035,"PHKA1"
54.9399449667408,2.18709038687332,0.548563369086466,1.06083936813679e-06,1.41367046182767e-05,"ENSG00000116675","ENSG00000116675","DNAJC6","DnaJ heat shock protein family (Hsp40) member C6","9829","Upregulated",4.84965181634488,"DNAJC6"
1736.59181597061,0.53370860438456,0.116223337549921,1.06755912395471e-06,1.42125858778946e-05,"ENSG00000068305","ENSG00000068305","MEF2A","myocyte enhancer factor 2A","4205","Upregulated",4.84732689812246,"MEF2A"
85.5878086104121,1.49306624691851,0.354703997345818,1.11997196409375e-06,1.48817751202064e-05,"ENSG00000162998","ENSG00000162998","FRZB","frizzled related protein","2487","Upregulated",4.82734526241044,"FRZB"
33198.8427961318,0.607774307670902,0.134367763523848,1.12827694880715e-06,1.4963435630161e-05,"ENSG00000135862","ENSG00000135862","LAMC1","laminin subunit gamma 1","3915","Upregulated",4.82496868027395,"LAMC1"
252.054138565007,0.744337347805451,0.16697253636124,1.12808061908057e-06,1.4963435630161e-05,"ENSG00000168917","ENSG00000168917","SLC35G2","solute carrier family 35 member G2","80723","Upregulated",4.82496868027395,"SLC35G2"
57317.8776933887,0.631525471299853,0.138350059597026,1.131438858368e-06,1.49910240326216e-05,"ENSG00000165124","ENSG00000165124","SVEP1","sushi, von Willebrand factor type A, EGF and pentraxin domain containing 1","79987","Upregulated",4.82416869960491,"SVEP1"
2029.99904513799,0.41933998378131,0.0896903202135902,1.14126439296032e-06,1.50779630334004e-05,"ENSG00000108861","ENSG00000108861","DUSP3","dual specificity phosphatase 3","1845","Upregulated",4.82165732578104,"DUSP3"
1887.56831865023,0.884516174603751,0.20436648876017,1.15638464867902e-06,1.52486535166913e-05,"ENSG00000077157","ENSG00000077157","PPP1R12B","protein phosphatase 1 regulatory subunit 12B","4660","Upregulated",4.81676850360167,"PPP1R12B"
26.3323280174741,4.1517721724086,1.19213123397698,1.19522504325229e-06,1.57458401848227e-05,"ENSG00000101342","ENSG00000101342","TLDC2","TBC/LysM-associated domain containing 2","140711","Upregulated",4.80283416081994,"TLDC2"
1214.88111771265,0.442130168921729,0.095534909852243,1.22528639283887e-06,1.61112373039411e-05,"ENSG00000172939","ENSG00000172939","OXSR1","oxidative stress responsive kinase 1","9943","Upregulated",4.79287110553734,"OXSR1"
1979.12222881049,0.479588091143294,0.104443808049077,1.26990726416469e-06,1.66821277479228e-05,"ENSG00000132589","ENSG00000132589","FLOT2","flotillin 2","2319","Upregulated",4.77774855740042,"FLOT2"
2414.11772627121,0.529741330525867,0.116087120039224,1.32070404473525e-06,1.73165916329099e-05,"ENSG00000112078","ENSG00000112078","KCTD20","potassium channel tetramerization domain containing 20","222658","Upregulated",4.76153758464459,"KCTD20"
23178.5990335488,0.525258765363986,0.115516585985507,1.32833160247736e-06,1.7383708856217e-05,"ENSG00000134853","ENSG00000134853","PDGFRA","platelet derived growth factor receptor alpha","5156","Upregulated",4.75985756022626,"PDGFRA"
666.845592206705,0.890897428326496,0.206511164025794,1.33733339720446e-06,1.74850033508082e-05,"ENSG00000137124","ENSG00000137124","ALDH1B1","aldehyde dehydrogenase 1 family member B1","219","Upregulated",4.75733428012698,"ALDH1B1"
682.117971025891,0.521585494003462,0.114497345443032,1.37657289956898e-06,1.79641467185748e-05,"ENSG00000085377","ENSG00000085377","PREP","prolyl endopeptidase","5550","Upregulated",4.74559340658153,"PREP"
1598.45333347028,0.465620822192843,0.101364737576579,1.40043667998942e-06,1.82412142368171e-05,"ENSG00000172379","ENSG00000172379","ARNT2","aryl hydrocarbon receptor nuclear translocator 2","9915","Upregulated",4.7389462559858,"ARNT2"
360.479667926172,0.663257027459541,0.148811650107646,1.45053490120173e-06,1.88583144425467e-05,"ENSG00000151729","ENSG00000151729","SLC25A4","solute carrier family 25 member 4","291","Upregulated",4.72449712713497,"SLC25A4"
7843.83382386563,0.446958729342242,0.0987946799726441,1.47958382084539e-06,1.91999552182549e-05,"ENSG00000106211","ENSG00000106211","HSPB1","heat shock protein family B (small) member 1","3315","Upregulated",4.71669978423851,"HSPB1"
7171.86671136635,0.457847240788221,0.100252355574923,1.53634191201618e-06,1.99178321409095e-05,"ENSG00000198121","ENSG00000198121","LPAR1","lysophosphatidic acid receptor 1","1902","Upregulated",4.7007579320004,"LPAR1"
392.65886924871,0.648323050264911,0.146180914470552,1.55601078188874e-06,2.01163744647351e-05,"ENSG00000170791","ENSG00000170791","CHCHD7","coiled-coil-helix-coiled-coil-helix domain containing 7","79145","Upregulated",4.6964502886181,"CHCHD7"
3394.27822433169,0.768564011067233,0.177890771794473,1.62484366178136e-06,2.09476356359329e-05,"ENSG00000144810","ENSG00000144810","COL8A1","collagen type VIII alpha 1 chain","1295","Upregulated",4.67886498884158,"COL8A1"
1660.54793525164,0.437706899768873,0.0953695161539849,1.64153413089367e-06,2.11431426766314e-05,"ENSG00000087191","ENSG00000087191","PSMC5","proteasome 26S subunit, ATPase 5","5705","Upregulated",4.67483045952243,"PSMC5"
300.536925817747,0.714151190295517,0.162806792963431,1.67925333719556e-06,2.1548862963142e-05,"ENSG00000105643","ENSG00000105643","ARRDC2","arrestin domain containing 2","27106","Upregulated",4.66657564067081,"ARRDC2"
533.316978019086,0.702448204770212,0.160047340949614,1.67758200669012e-06,2.1548862963142e-05,"ENSG00000164305","ENSG00000164305","CASP3","caspase 3","836","Upregulated",4.66657564067081,"CASP3"
1393.04767824368,0.42756735286763,0.0933450394577739,1.70551810665621e-06,2.18252774147261e-05,"ENSG00000198833","ENSG00000198833","UBE2J1","ubiquitin conjugating enzyme E2 J1","51465","Upregulated",4.66104022739701,"UBE2J1"
3061.89200981133,0.370247079552266,0.0801670027583847,1.75217131794063e-06,2.23809606408656e-05,"ENSG00000114850","ENSG00000114850","SSR3","signal sequence receptor subunit 3","6747","Upregulated",4.65012127651753,"SSR3"
369.207702270002,0.786354034949086,0.181935711114401,1.77677793342166e-06,2.26743695941904e-05,"ENSG00000185262","ENSG00000185262","UBALD2","UBA like domain containing 2","283991","Upregulated",4.64446477860394,"UBALD2"
826.067851906199,0.591190078167674,0.133185976972909,1.82058521425767e-06,2.32120427639347e-05,"ENSG00000138032","ENSG00000138032","PPM1B","protein phosphatase, Mg2+/Mn2+ dependent 1B","5495","Upregulated",4.63428663799878,"PPM1B"
1457.31623832649,0.524750343818034,0.117022310249258,1.84929067580396e-06,2.3534728628069e-05,"ENSG00000213853","ENSG00000213853","EMP2","epithelial membrane protein 2","2013","Upregulated",4.62829080504855,"EMP2"
1019.43304174124,0.654208805834197,0.149421216167319,1.89585992669186e-06,2.408315556739e-05,"ENSG00000258818","ENSG00000258818","RNASE4","ribonuclease A family member 4","6038","Upregulated",4.61828660895419,"RNASE4"
5221.3372471169,0.468657201611706,0.104617732935796,1.99100842184643e-06,2.52455496050957e-05,"ENSG00000135926","ENSG00000135926","TMBIM1","transmembrane BAX inhibitor motif containing 1","64114","Upregulated",4.59781517011161,"TMBIM1"
6983.53532015161,0.543378933299001,0.123018522509053,2.04212686038587e-06,2.58228432099341e-05,"ENSG00000131236","ENSG00000131236","CAP1","cyclase associated actin cytoskeleton regulatory protein 1","10487","Upregulated",4.58799594168212,"CAP1"
598.180070311097,0.818396940959517,0.192291456774661,2.10351292768955e-06,2.65264655731114e-05,"ENSG00000197312","ENSG00000197312","DDI2","DDI proteasomal shuttling factor 2","84301","Upregulated",4.57632061222466,"DDI2"
404.966116467679,0.751648209754178,0.174699402395403,2.12880402944036e-06,2.68209954945582e-05,"ENSG00000171608","ENSG00000171608","PIK3CD","phosphatidylinositol-4,5-bisphosphate 3-kinase catalytic subunit delta","5293","Upregulated",4.5715251068062,"PIK3CD"
321.320414437656,0.839473574156896,0.198560166106346,2.18056154203809e-06,2.7448140246236e-05,"ENSG00000080573","ENSG00000080573","COL5A3","collagen type V alpha 3 chain","50509","Upregulated",4.56148707591914,"COL5A3"
6395.64313505707,0.421436857657161,0.093307852769683,2.22606743469603e-06,2.7944808494069e-05,"ENSG00000139112","ENSG00000139112","GABARAPL1","GABA type A receptor associated protein like 1","23710","Upregulated",4.55369886226042,"GABARAPL1"
9814.87462756451,0.646818429732093,0.149313775095413,2.25953016055569e-06,2.83135881511223e-05,"ENSG00000130402","ENSG00000130402","ACTN4","actinin alpha 4","81","Upregulated",4.54800508946617,"ACTN4"
1079.4693055385,2.55337359906704,0.701649876135174,2.38967495017722e-06,2.98364911121677e-05,"ENSG00000102760","ENSG00000102760","RGCC","regulator of cell cycle","28984","Upregulated",4.52525225292281,"RGCC"
187.150449643574,0.90667638120213,0.215637910406741,2.4413474409332e-06,3.04268293020622e-05,"ENSG00000145386","ENSG00000145386","CCNA2","cyclin A2","890","Upregulated",4.5167433019423,"CCNA2"
3774.27270812449,0.51391379695437,0.116556106622712,2.52711885614719e-06,3.13829213506666e-05,"ENSG00000133812","ENSG00000133812","SBF2","SET binding factor 2","81846","Upregulated",4.50330663157696,"SBF2"
2779.40623245187,0.478900649938182,0.10766806202704,2.55355994513998e-06,3.16262620908803e-05,"ENSG00000154188","ENSG00000154188","ANGPT1","angiopoietin 1","284","Upregulated",4.49995213433255,"ANGPT1"
450.954119657166,0.638171045192181,0.147583463980906,2.71072816897252e-06,3.35129185493221e-05,"ENSG00000196843","ENSG00000196843","ARID5A","AT-rich interaction domain 5A","10865","Upregulated",4.4747877489874,"ARID5A"
4895.35985608029,0.425522732293382,0.094939796652152,2.74184021109343e-06,3.38673471350658e-05,"ENSG00000136193","ENSG00000136193","SCRN1","secernin 1","9805","Upregulated",4.47021882076678,"SCRN1"
579.362270411743,0.664183907155471,0.154662503227639,2.74556047124347e-06,3.38831011317571e-05,"ENSG00000168874","ENSG00000168874","ATOH8","atonal bHLH transcription factor 8","84913","Upregulated",4.47001684796426,"ATOH8"
372.30414304885,0.651276571803663,0.151838629416586,2.85060621966902e-06,3.50235386510576e-05,"ENSG00000088766","ENSG00000088766","CRLS1","cardiolipin synthase 1","54675","Upregulated",4.45563997649963,"CRLS1"
3795.10144608546,1.98903247687833,0.527809134784901,2.89483441806779e-06,3.55039913274349e-05,"ENSG00000154736","ENSG00000154736","ADAMTS5","ADAM metallopeptidase with thrombospondin type 1 motif 5","11096","Upregulated",4.44972282119723,"ADAMTS5"
2673.60642983545,0.384537981624713,0.0855530922304882,2.90110193878407e-06,3.55494003267979e-05,"ENSG00000166681","ENSG00000166681","BEX3","brain expressed X-linked 3","27018","Upregulated",4.44916772086837,"BEX3"
352.172121745185,0.635704337843566,0.147740775238509,3.05332897332522e-06,3.72828953667967e-05,"ENSG00000168303","ENSG00000168303","MPLKIP","M-phase specific PLK1 interacting protein","136647","Upregulated",4.42849036796517,"MPLKIP"
831.146631102391,0.475490974436679,0.108003035953601,3.07368092926641e-06,3.74983661960415e-05,"ENSG00000150977","ENSG00000150977","RILPL2","Rab interacting lysosomal protein like 2","196383","Upregulated",4.42598765407231,"RILPL2"
625.028369461295,0.513826830539537,0.116988389793046,3.11518554279361e-06,3.7904614958364e-05,"ENSG00000168884","ENSG00000168884","TNIP2","TNFAIP3 interacting protein 2","79155","Upregulated",4.42130791064047,"TNIP2"
383.324876202838,1.15285754756096,0.291412681904352,3.1975046062404e-06,3.88721195946366e-05,"ENSG00000069535","ENSG00000069535","MAOB","monoamine oxidase B","4129","Upregulated",4.41036177778507,"MAOB"
1810.79789975046,0.385773763114143,0.0862623575674749,3.20485897488164e-06,3.8911769870888e-05,"ENSG00000162458","ENSG00000162458","FBLIM1","filamin binding LIM protein 1","54751","Upregulated",4.40991901520809,"FBLIM1"
1020.95781359176,0.421939972831801,0.0946156944921037,3.22280028987765e-06,3.9042724793431e-05,"ENSG00000166946","ENSG00000166946","CCNDBP1","cyclin D1 binding protein 1","23582","Upregulated",4.40845988051721,"CCNDBP1"
910.063268955334,0.482494875658228,0.109675796263221,3.26497578397649e-06,3.95190387686727e-05,"ENSG00000152527","ENSG00000152527","PLEKHH2","pleckstrin homology, MyTH4 and FERM domain containing H2","130271","Upregulated",4.40319362740774,"PLEKHH2"
1812.08359518142,0.49417003069961,0.112851430174985,3.34640091310345e-06,4.03987545772654e-05,"ENSG00000080815","ENSG00000080815","PSEN1","presenilin 1","5663","Upregulated",4.39363202322005,"PSEN1"
1307.39527417954,0.511497016967038,0.117348729105443,3.42521972839409e-06,4.13142908753819e-05,"ENSG00000105137","ENSG00000105137","SYDE1","synapse defective Rho GTPase activating protein 1","85360","Upregulated",4.38389969713849,"SYDE1"
6471.6225128794,0.381249048209129,0.0854885971388876,3.47436405042013e-06,4.17979265406012e-05,"ENSG00000163399","ENSG00000163399","ATP1A1","ATPase Na+/K+ transporting subunit alpha 1","476","Upregulated",4.37884526162952,"ATP1A1"
3085.57762278076,0.484490127247065,0.110638301371295,3.48587620640732e-06,4.19000506024276e-05,"ENSG00000163069","ENSG00000163069","SGCB","sarcoglycan beta","6443","Upregulated",4.37778545253867,"SGCB"
5465.5981993502,0.412174219433759,0.0925739463868535,3.49991094538664e-06,4.20322927141365e-05,"ENSG00000124486","ENSG00000124486","USP9X","ubiquitin specific peptidase 9 X-linked","8239","Upregulated",4.37641692010779,"USP9X"
152.987199184074,0.916463720499806,0.222765282998792,3.51782543540722e-06,4.22108594885789e-05,"ENSG00000149488","ENSG00000149488","TMC2","transmembrane channel like 2","117532","Upregulated",4.37457580474332,"TMC2"
1015.30303370893,0.468473663157129,0.106892030068163,3.71968156747354e-06,4.45943484806365e-05,"ENSG00000080822","ENSG00000080822","CLDND1","claudin domain containing 1","56650","Upregulated",4.3507201766958,"CLDND1"
874.30915467158,0.523288459718191,0.120709824888482,3.72762155084063e-06,4.46509136327574e-05,"ENSG00000157107","ENSG00000157107","FCHO2","FCH and mu domain containing endocytic adaptor 2","115548","Upregulated",4.35016965028931,"FCHO2"
930.531212613246,0.483995513278688,0.111057933255799,3.76594133923742e-06,4.49933427630621e-05,"ENSG00000110719","ENSG00000110719","TCIRG1","T cell immune regulator 1, ATPase H+ transporting V0 subunit a3","10312","Upregulated",4.34685173989461,"TCIRG1"
975.583391142828,0.510214651376326,0.117695632849667,3.76594830833047e-06,4.49933427630621e-05,"ENSG00000142327","ENSG00000142327","RNPEPL1","arginyl aminopeptidase like 1","57140","Upregulated",4.34685173989461,"RNPEPL1"
658.076809125537,0.64148221332373,0.151388470905703,3.83598754890454e-06,4.57906558486374e-05,"ENSG00000109189","ENSG00000109189","USP46","ubiquitin specific peptidase 46","64854","Upregulated",4.33922313613152,"USP46"
1760.91071342734,0.580524274077523,0.135939520249369,3.8678340843517e-06,4.61310779475304e-05,"ENSG00000140682","ENSG00000140682","TGFB1I1","transforming growth factor beta 1 induced transcript 1","7041","Upregulated",4.33600639708923,"TGFB1I1"
508.553102660872,0.796338188158842,0.193113584597519,3.89669597164786e-06,4.64353477825173e-05,"ENSG00000028137","ENSG00000028137","TNFRSF1B","TNF receptor superfamily member 1B","7133","Upregulated",4.33315129740867,"TNFRSF1B"
44.3295697598559,1.6951420451098,0.432054385714959,4.02617513894946e-06,4.77729120297094e-05,"ENSG00000021645","ENSG00000021645","NRXN3","neurexin 3","9369","Upregulated",4.32081828520004,"NRXN3"
417.714024663549,0.810699341263888,0.198388566962356,4.11877791954081e-06,4.88298915200309e-05,"ENSG00000164112","ENSG00000164112","SMIM43","small integral membrane protein 43","132332","Upregulated",4.31131424053882,"SMIM43"
69.8092800855169,1.91513231676956,0.515349943737083,4.15857752348034e-06,4.92595947845419e-05,"ENSG00000171189","ENSG00000171189","GRIK1","glutamate ionotropic receptor kainate type subunit 1","2897","Upregulated",4.3075091650418,"GRIK1"
1702.71247730518,0.431128561801151,0.0984250119068663,4.22207413366732e-06,4.9969022560628e-05,"ENSG00000163660","ENSG00000163660","CCNL1","cyclin L1","57018","Upregulated",4.30129914566803,"CCNL1"
37.8599842576754,2.70647703290993,0.778686922127648,4.23798570397198e-06,5.01145425523444e-05,"ENSG00000145569","ENSG00000145569","OTULINL","OTU deubiquitinase with linear linkage specificity like","54491","Upregulated",4.30003622954642,"OTULINL"
416.378325337548,0.927209665743686,0.230986572315069,4.4179994425932e-06,5.21542199956551e-05,"ENSG00000154127","ENSG00000154127","UBASH3B","ubiquitin associated and SH3 domain containing B","84959","Upregulated",4.28271054540277,"UBASH3B"
25.6894272065479,2.84034185435538,0.789728159387929,4.66471749551611e-06,5.47867116697947e-05,"ENSG00000182836","ENSG00000182836","PLCXD3","phosphatidylinositol specific phospholipase C X domain containing 3","345557","Upregulated",4.26132476538971,"PLCXD3"
70.9286563521443,1.19105443968147,0.299799427180515,4.96912999180999e-06,5.8193069717746e-05,"ENSG00000169750","ENSG00000169750","RAC3","Rac family small GTPase 3","5881","Upregulated",4.23512873291975,"RAC3"
269.786932155304,0.780380786663947,0.191132891410793,5.2623395431817e-06,6.13895317583798e-05,"ENSG00000105792","ENSG00000105792","CFAP69","cilia and flagella associated protein 69","79846","Upregulated",4.21190567913847,"CFAP69"
1200.2039991769,0.554338674828594,0.131310384603962,5.36779286366705e-06,6.25670658516078e-05,"ENSG00000107929","ENSG00000107929","LARP4B","La ribonucleoprotein 4B","23185","Upregulated",4.20365421124167,"LARP4B"
287.18119895262,1.03590495440628,0.265427201917476,5.58352515883679e-06,6.49723553117708e-05,"ENSG00000116106","ENSG00000116106","EPHA4","EPH receptor A4","2043","Upregulated",4.18727138934723,"EPHA4"
185.231824303217,0.873449321235217,0.217089729278234,5.66149254054443e-06,6.57691744504654e-05,"ENSG00000154217","ENSG00000154217","PITPNC1","phosphatidylinositol transfer protein cytoplasmic 1","26207","Upregulated",4.18197760946897,"PITPNC1"
2534.67032427739,0.359124172387594,0.081931919427141,5.72488595451682e-06,6.62833704625302e-05,"ENSG00000143753","ENSG00000143753","DEGS1","delta 4-desaturase, sphingolipid 1","8560","Upregulated",4.17859541612383,"DEGS1"
7619.92084842563,0.552585317118333,0.131227421067219,5.80553431860671e-06,6.71050042715349e-05,"ENSG00000118526","ENSG00000118526","TCF21","transcription factor 21","6943","Upregulated",4.17324509165701,"TCF21"
1375.22273147469,0.440466000818819,0.102456682715555,5.93300005429186e-06,6.85212064603591e-05,"ENSG00000101974","ENSG00000101974","ATP11C","ATPase phospholipid transporting 11C (ATP11C blood group)","286410","Upregulated",4.16417499896888,"ATP11C"
7324.65089943336,0.456292344885535,0.107009890274293,6.07110443589914e-06,6.99995310957789e-05,"ENSG00000087303","ENSG00000087303","NID2","nidogen 2","22795","Upregulated",4.15490486917428,"NID2"
576.078723247353,0.486090872548621,0.114382963136952,6.168930877851e-06,7.1068340013414e-05,"ENSG00000077713","ENSG00000077713","SLC25A43","solute carrier family 25 member 43","203427","Upregulated",4.14832382852034,"SLC25A43"
730.420378684854,0.465094075326324,0.109138922213031,6.51748443407756e-06,7.48970288324053e-05,"ENSG00000135070","ENSG00000135070","ISCA1","iron-sulfur cluster assembly 1","81689","Upregulated",4.12553541043518,"ISCA1"
983.990830201708,0.502794620380955,0.119493120505631,6.55126249633971e-06,7.5222822648527e-05,"ENSG00000100266","ENSG00000100266","PACSIN2","protein kinase C and casein kinase substrate in neurons 2","11252","Upregulated",4.12365037421487,"PACSIN2"
2738.90408910406,0.423606661322443,0.0982971257149501,6.59859682644956e-06,7.57036038226527e-05,"ENSG00000085719","ENSG00000085719","CPNE3","copine 3","8895","Upregulated",4.12088344569097,"CPNE3"
974.796912776954,0.50968134501117,0.121025279511555,6.68254708158857e-06,7.66033250651249e-05,"ENSG00000109736","ENSG00000109736","SLC75A1","solute carrier family 75 member 1","10227","Upregulated",4.1157523788518,"SLC75A1"
927.048841763915,0.448608854489903,0.10531087291373,6.87807562198636e-06,7.8714492192493e-05,"ENSG00000172081","ENSG00000172081","MOB3A","MOB kinase activator 3A","126308","Upregulated",4.10394530195086,"MOB3A"
8105.37727045766,0.474892408915986,0.112991409542033,7.51275848577991e-06,8.56244406697564e-05,"ENSG00000197879","ENSG00000197879","MYO1C","myosin IC","4641","Upregulated",4.06740225246106,"MYO1C"
2218.11990821796,0.423831441429043,0.0997995576859822,7.70774686758167e-06,8.77745799817702e-05,"ENSG00000114698","ENSG00000114698","PLSCR4","phospholipid scramblase 4","57088","Upregulated",4.05663124004018,"PLSCR4"
420.481514529323,0.553231355127352,0.133186657806404,7.72801701293017e-06,8.79331590986858e-05,"ENSG00000146281","ENSG00000146281","PM20D2","peptidase M20 domain containing 2","135293","Upregulated",4.05584732403874,"PM20D2"
875.112968965134,0.457824287989705,0.108681885630778,7.92118513061003e-06,8.98360922464193e-05,"ENSG00000161091","ENSG00000161091","MFSD12","major facilitator superfamily domain containing 12","126321","Upregulated",4.04654914758283,"MFSD12"
361.159465700453,0.566391369093523,0.136805952138513,7.93401138422808e-06,8.99079834619926e-05,"ENSG00000150990","ENSG00000150990","DHX37","DEAH-box helicase 37","57647","Upregulated",4.04620174297701,"DHX37"
39.7918059090572,1.7160114649616,0.459759064857478,8.06080989662141e-06,9.11213412375825e-05,"ENSG00000123685","ENSG00000123685","BATF3","basic leucine zipper ATF-like transcription factor 3","55509","Upregulated",4.0403798963939,"BATF3"
1219.92163109022,0.421397257367907,0.0996335015592737,8.2406476251797e-06,9.30783499897029e-05,"ENSG00000148834","ENSG00000148834","GSTO1","glutathione S-transferase omega 1","9446","Upregulated",4.03115132410381,"GSTO1"
1288.84457842387,0.597276578291663,0.145746986517765,8.25676210057408e-06,9.31844185275702e-05,"ENSG00000147202","ENSG00000147202","DIAPH2","diaphanous related formin 2","1730","Upregulated",4.0306567004488,"DIAPH2"
1256.27236786114,0.464262037242337,0.110650221034862,8.46679409891412e-06,9.53219329137699e-05,"ENSG00000143398","ENSG00000143398","PIP5K1A","phosphatidylinositol-4-phosphate 5-kinase type 1 alpha","8394","Upregulated",4.02080715972389,"PIP5K1A"
21.2679933183863,2.32257411628971,0.630077410991487,9.03302092478869e-06,0.000101121677703269,"ENSG00000178015","ENSG00000178015","GPR150","G protein-coupled receptor 150","285601","Upregulated",3.99515573365003,"GPR150"
1150.36094645696,1.42604487422974,0.389072703078837,9.0941011044941e-06,0.000101723282653094,"ENSG00000163017","ENSG00000163017","ACTG2","actin gamma 2, smooth muscle","72","Upregulated",3.99257963340469,"ACTG2"
3933.79749486639,0.341228913913331,0.0798226533283403,9.2005190320951e-06,0.000102830639730489,"ENSG00000101439","ENSG00000101439","CST3","cystatin C","1471","Upregulated",3.98787746235209,"CST3"
52389.3362944961,0.33542148199649,0.0787736308040037,9.98473812657594e-06,0.000110880196871968,"ENSG00000150093","ENSG00000150093","ITGB1","integrin subunit beta 1","3688","Upregulated",3.95514601162537,"ITGB1"
335.150606943639,0.613659222878608,0.152079824988663,1.03396097204624e-05,0.00011463732089271,"ENSG00000151151","ENSG00000151151","IPMK","inositol polyphosphate multikinase","253430","Upregulated",3.94067397207956,"IPMK"
59.8741236168668,1.29290359050953,0.343611500898355,1.04236383461537e-05,0.00011547658180603,"ENSG00000112218","ENSG00000112218","GPR63","G protein-coupled receptor 63","81491","Upregulated",3.93750608004547,"GPR63"
196.618571002036,0.967817829809044,0.254436112195405,1.06694285082398e-05,0.000118010861688503,"ENSG00000101938","ENSG00000101938","CHRDL1","chordin like 1","91851","Upregulated",3.92807801850497,"CHRDL1"
264.127533353186,0.910411558390413,0.23812171125313,1.06796942241577e-05,0.000118030209132856,"ENSG00000117479","ENSG00000117479","SLC19A2","solute carrier family 19 member 2","10560","Upregulated",3.92800682336667,"SLC19A2"
239.653363688823,0.667180617795832,0.167594080656263,1.08816231723874e-05,0.000120166068164237,"ENSG00000111231","ENSG00000111231","GPN3","GPN-loop GTPase 3","51184","Upregulated",3.92021814871789,"GPN3"
440.905837933689,0.734142109610672,0.187129580699523,1.09333531965893e-05,0.000120631038112299,"ENSG00000185499","ENSG00000185499","MUC1","mucin 1, cell surface associated","4582","Upregulated",3.91854093476133,"MUC1"
3121.51335989218,0.717706185281324,0.183499953986559,1.09506533399927e-05,0.000120639987789315,"ENSG00000185551","ENSG00000185551","NR2F2","nuclear receptor subfamily 2 group F member 2","7026","Upregulated",3.9185087154318,"NR2F2"
2721.12152888577,0.540082784802954,0.132987827876969,1.12876735928614e-05,0.000124155451050369,"ENSG00000118515","ENSG00000118515","SGK1","serum/glucocorticoid regulated kinase 1","6446","Upregulated",3.90603420797308,"SGK1"
393.335387860532,0.534433419198229,0.13104681576764,1.13243535159047e-05,0.000124460123217227,"ENSG00000166401","ENSG00000166401","SERPINB8","serpin family B member 8","5271","Upregulated",3.90496977339385,"SERPINB8"
6579.68987649686,0.323791642034109,0.0761971156465759,1.14928299016938e-05,0.000126211671638331,"ENSG00000171603","ENSG00000171603","CLSTN1","calsyntenin 1","22883","Upregulated",3.89890048111616,"CLSTN1"
48.1603464186267,1.30294744260631,0.347647415628555,1.15435957445968e-05,0.000126668799227527,"ENSG00000095637","ENSG00000095637","SORBS1","sorbin and SH3 domain containing 1","10580","Upregulated",3.89733034637955,"SORBS1"
2796.78246317789,0.697394217154111,0.178560654138707,1.17851771211019e-05,0.000129115232981306,"ENSG00000116667","ENSG00000116667","C1orf21","chromosome 1 open reading frame 21","81563","Upregulated",3.88902251676181,"C1orf21"
3073.55969991956,0.40481681804305,0.0971853859953557,1.1816235509151e-05,0.000129353244803573,"ENSG00000196159","ENSG00000196159","FAT4","FAT atypical cadherin 4","79633","Upregulated",3.8882226726095,"FAT4"
976.525154585631,0.443604012480344,0.10716499674463,1.19951364381887e-05,0.000130898107005399,"ENSG00000134371","ENSG00000134371","CDC73","cell division cycle 73","79577","Upregulated",3.88306663399205,"CDC73"
642.472884911326,0.644572529618975,0.162846057266414,1.21056337831347e-05,0.00013189620959156,"ENSG00000136160","ENSG00000136160","EDNRB","endothelin receptor type B","1910","Upregulated",3.87976768494736,"EDNRB"
1395.35784562679,0.463211003595458,0.112792059818022,1.23939606794758e-05,0.000134931579777576,"ENSG00000185189","ENSG00000185189","NRBP2","nuclear receptor binding protein 2","340371","Upregulated",3.86988639489388,"NRBP2"
1737.39201900563,0.471371751759189,0.114923966228619,1.24483406447963e-05,0.000135417231551202,"ENSG00000109846","ENSG00000109846","CRYAB","crystallin alpha B","1410","Upregulated",3.86832606909661,"CRYAB"
2593.32756967545,0.475343031809862,0.116304841366324,1.26866525871617e-05,0.000137685448868813,"ENSG00000146966","ENSG00000146966","DENND2A","DENN domain containing 2A","27147","Upregulated",3.86111195523982,"DENND2A"
6063.17681283516,0.426495700139231,0.103624645920692,1.2928795792401e-05,0.000140203584418533,"ENSG00000012822","ENSG00000012822","CALCOCO1","calcium binding and coiled-coil domain 1","57658","Upregulated",3.85324088313619,"CALCOCO1"
1437.32595727825,0.446772520536998,0.1086974086047,1.30366975754165e-05,0.00014126316786372,"ENSG00000101782","ENSG00000101782","RIOK3","RIO kinase 3","8780","Upregulated",3.84997105880759,"RIOK3"
646.863038543511,0.963962220569455,0.261551048557735,1.35604321630642e-05,0.000146708844143565,"ENSG00000197594","ENSG00000197594","ENPP1","ectonucleotide pyrophosphatase/phosphodiesterase 1","5167","Upregulated",3.8335437045141,"ENPP1"
1614.86308519697,0.484068663463203,0.119040647178369,1.39121373452354e-05,0.000150396498804694,"ENSG00000157827","ENSG00000157827","FMNL2","formin like 2","114793","Upregulated",3.82276227390063,"FMNL2"
1001.62081228384,0.637945874328399,0.162376678126775,1.40339026180705e-05,0.000151476523663427,"ENSG00000133121","ENSG00000133121","STARD13","StAR related lipid transfer domain containing 13","90627","Upregulated",3.81965467035287,"STARD13"
229.337245383938,0.726779414060843,0.187362305171463,1.40586016657275e-05,0.000151522333483977,"ENSG00000065717","ENSG00000065717","TLE2","TLE family member 2, transcriptional corepressor","7089","Upregulated",3.81952335003951,"TLE2"
253.293780347475,0.623733285438943,0.157444583548891,1.40600130500321e-05,0.000151522333483977,"ENSG00000120526","ENSG00000120526","NUDCD1","NudC domain containing 1","84955","Upregulated",3.81952335003951,"NUDCD1"
3298.72443495667,0.627795107778303,0.160531450997438,1.4308941924249e-05,0.000153811663882972,"ENSG00000148730","ENSG00000148730","EIF4EBP2","eukaryotic translation initiation factor 4E binding protein 2","1979","Upregulated",3.81301072976254,"EIF4EBP2"
40.1281988127292,1.89929774471169,0.55884990382873,1.43168371750511e-05,0.000153811663882972,"ENSG00000198691","ENSG00000198691","ABCA4","ATP binding cassette subfamily A member 4","24","Upregulated",3.81301072976254,"ABCA4"
487.358744388991,0.495477778920254,0.122265425958241,1.43366821129729e-05,0.000153905559569087,"ENSG00000116455","ENSG00000116455","WDR77","WD repeat domain 77","79084","Upregulated",3.81274569175678,"WDR77"
297.121625900144,0.783162729815304,0.204659738754142,1.4500611826083e-05,0.000155303534768003,"ENSG00000167797","ENSG00000167797","CDK2AP2","cyclin dependent kinase 2 associated protein 2","10263","Upregulated",3.80881865945001,"CDK2AP2"
2074.67416478418,0.452491308271156,0.111069536779491,1.48124199932181e-05,0.000158399173368834,"ENSG00000197496","ENSG00000197496","SLC2A10","solute carrier family 2 member 10","81031","Upregulated",3.80024708917513,"SLC2A10"
7700.64059817346,0.450490288586686,0.110700884622364,1.49929259164356e-05,0.000160205829048482,"ENSG00000108582","ENSG00000108582","CPD","carboxypeptidase D","1362","Upregulated",3.79532168626966,"CPD"
1528.48419218295,0.545875685709821,0.137292271972136,1.5073508466528e-05,0.000160942799566727,"ENSG00000171824","ENSG00000171824","EXOSC10","exosome component 10","5394","Upregulated",3.79332844848063,"EXOSC10"
1043.04549114427,0.614798000890074,0.156591041516154,1.51279530029786e-05,0.000161399769567576,"ENSG00000150540","ENSG00000150540","HNMT","histamine N-methyltransferase","3176","Upregulated",3.79209708966105,"HNMT"
1108.72625918001,0.398426868844943,0.0968148425167108,1.51754824451501e-05,0.000161782316313335,"ENSG00000151929","ENSG00000151929","BAG3","BAG cochaperone 3","9531","Upregulated",3.79106895087734,"BAG3"
1782.62933567931,0.414397362910244,0.101050960594261,1.55808466678034e-05,0.000165848658962432,"ENSG00000010256","ENSG00000010256","UQCRC1","ubiquinol-cytochrome c reductase core protein 1","7384","Upregulated",3.78028803579702,"UQCRC1"
1392.19749929155,0.559868702529829,0.141573530638593,1.60588772212765e-05,0.000170544045524652,"ENSG00000153823","ENSG00000153823","PID1","phosphotyrosine interaction domain containing 1","55022","Upregulated",3.76816343920546,"PID1"
556.109683805327,0.512599477284258,0.128088901683643,1.63852419434151e-05,0.00017374373993404,"ENSG00000136270","ENSG00000136270","TBRG4","transforming growth factor beta regulator 4","9238","Upregulated",3.76009083428364,"TBRG4"
231.586793114959,1.04696851356616,0.289112596423804,1.67993489489406e-05,0.00017799860633285,"ENSG00000137265","ENSG00000137265","IRF4","interferon regulatory factor 4","3662","Upregulated",3.74958339805247,"IRF4"
441.707656833714,0.66779097920699,0.173014726700634,1.71493256884035e-05,0.00018142939291266,"ENSG00000166165","ENSG00000166165","CKB","creatine kinase B","1152","Upregulated",3.74129235263594,"CKB"
3848.14056500256,0.572914688310803,0.146055115356289,1.73182599685625e-05,0.000182904200162413,"ENSG00000174705","ENSG00000174705","SH3PXD2B","SH3 and PX domains 2B","285590","Upregulated",3.73777632138846,"SH3PXD2B"
1520.78605812909,0.366203378936255,0.0886001657017377,1.75008274272727e-05,0.00018458445001109,"ENSG00000011405","ENSG00000011405","PIK3C2A","phosphatidylinositol-4-phosphate 3-kinase catalytic subunit type 2 alpha","5286","Upregulated",3.73380488813583,"PIK3C2A"
409.096429442209,0.648044896729646,0.167838755821214,1.77694871383381e-05,0.000186991133067751,"ENSG00000085415","ENSG00000085415","SEH1L","SEH1 like nucleoporin","81929","Upregulated",3.72817898678461,"SEH1L"
463.447180219456,0.499001387022633,0.124962323576715,1.82319577664504e-05,0.000191421744458512,"ENSG00000112276","ENSG00000112276","POPDC1","popeye domain cAMP effector 1","11149","Upregulated",3.7180087302898,"POPDC1"
2840.14132875352,0.684262643804729,0.18098897801717,1.87958254006613e-05,0.000197043376874255,"ENSG00000107438","ENSG00000107438","PDLIM1","PDZ and LIM domain 1","9124","Upregulated",3.70543815828787,"PDLIM1"
8439.33164948013,0.390863671248408,0.0960061841019389,1.89219612510862e-05,0.000197916574323625,"ENSG00000002834","ENSG00000002834","LASP1","LIM and SH3 protein 1","3927","Upregulated",3.70351783471789,"LASP1"
3186.1710919062,0.596360848094047,0.153759188635052,1.89141246138176e-05,0.000197916574323625,"ENSG00000132613","ENSG00000132613","MTSS2","MTSS I-BAR domain containing 2","92154","Upregulated",3.70351783471789,"MTSS2"
63.6128377547239,2.51884903752257,0.853930082859139,1.92636454221363e-05,0.000201338508224273,"ENSG00000128917","ENSG00000128917","DLL4","delta like canonical Notch ligand 4","54567","Upregulated",3.69607315352719,"DLL4"
138.684521760439,0.993150466480923,0.270919978688773,1.93598337185153e-05,0.000202191360591487,"ENSG00000166510","ENSG00000166510","CCDC68","coiled-coil domain containing 68","80323","Upregulated",3.69423740526135,"CCDC68"
338.507239947225,1.03539994832185,0.291596219414356,1.93888019949769e-05,0.000202330444671195,"ENSG00000115828","ENSG00000115828","QPCT","glutaminyl-peptide cyclotransferase","25797","Upregulated",3.69393876400181,"QPCT"
1921.25232292333,0.399542563316434,0.0984991537964681,1.97628713831219e-05,0.000205711896380385,"ENSG00000198925","ENSG00000198925","ATG9A","autophagy related 9A","79065","Upregulated",3.68674059219948,"ATG9A"
2236.4111759815,0.352400392648407,0.0859163282763884,1.9792864468211e-05,0.000205783427355541,"ENSG00000100528","ENSG00000100528","CNIH1","cornichon family member 1","10175","Upregulated",3.68658960380998,"CNIH1"
2475.34128794378,0.561798203417044,0.144244361545111,1.99698107591699e-05,0.000207467471747628,"ENSG00000115084","ENSG00000115084","SLC35F5","solute carrier family 35 member F5","80255","Upregulated",3.68304998544783,"SLC35F5"
135.305332541353,0.770250188521018,0.20394454203471,2.0129458325666e-05,0.000208812996209136,"ENSG00000089123","ENSG00000089123","TASP1","taspase 1","55617","Upregulated",3.68024247498842,"TASP1"
1435.35147636772,0.395775631350561,0.0975174548916549,2.02660032330598e-05,0.000209822579408825,"ENSG00000075142","ENSG00000075142","SRI","sorcin","6717","Upregulated",3.67814777836834,"SRI"
582.862273763412,0.469901001946693,0.117771291211103,2.03559875615789e-05,0.00021037556421769,"ENSG00000122970","ENSG00000122970","IFT81","intraflagellar transport 81","28981","Upregulated",3.67700470625652,"IFT81"
732.410670859284,0.455714480692961,0.113760097916365,2.0595414882721e-05,0.000212408137669947,"ENSG00000068028","ENSG00000068028","RASSF1","Ras association domain family member 1","11186","Upregulated",3.67282884880783,"RASSF1"
2068.59034737695,0.345037338644939,0.084307631684123,2.06441386187579e-05,0.000212719046183915,"ENSG00000175970","ENSG00000175970","UNC119B","unc-119 lipid binding chaperone B","84747","Upregulated",3.67219362301567,"UNC119B"
711.210773941404,0.511596630091243,0.129675123093975,2.06756081773679e-05,0.000212885032488961,"ENSG00000153066","ENSG00000153066","TXNDC11","thioredoxin domain containing 11","51061","Upregulated",3.67185487184471,"TXNDC11"
806.013410426962,0.462371296359882,0.116016077770731,2.09990590029343e-05,0.000216054906252165,"ENSG00000150712","ENSG00000150712","MTMR12","myotubularin related protein 12","54545","Upregulated",3.66543586712619,"MTMR12"
157.347210648593,1.12804027603167,0.31704078258233,2.10600352516333e-05,0.000216521534534411,"ENSG00000101447","ENSG00000101447","SACK1D","scaffolding CK1 anchoring protein D","81610","Upregulated",3.66449890363222,"SACK1D"
915.783093493662,0.465946068414593,0.117332938965279,2.13298250087464e-05,0.000219132724089116,"ENSG00000155975","ENSG00000155975","VPS37A","VPS37A subunit of ESCRT-I","137492","Upregulated",3.65929276242053,"VPS37A"
3465.59272703046,0.564921922053885,0.146903214490284,2.20195567558353e-05,0.00022588381723103,"ENSG00000111341","ENSG00000111341","MGP","matrix Gla protein","4256","Upregulated",3.64611488169147,"MGP"
2532.93456262682,0.372703341349667,0.0919235789427741,2.23089070380342e-05,0.000228513778743619,"ENSG00000172354","ENSG00000172354","GNB2","G protein subunit beta 2","2783","Upregulated",3.64108760805843,"GNB2"
275.884787385781,0.596507053153508,0.154908562306671,2.28429740587934e-05,0.000233638950170345,"ENSG00000169857","ENSG00000169857","AVEN","apoptosis and caspase activation inhibitor","57099","Upregulated",3.63145475388009,"AVEN"
591.848886773911,0.509516770982807,0.129782292930883,2.31943907946045e-05,0.000237058305326271,"ENSG00000163719","ENSG00000163719","MTMR14","myotubularin related protein 14","64419","Upregulated",3.6251448245923,"MTMR14"
3614.94746207931,0.459468067882524,0.11726282722608,2.42184302396403e-05,0.0002466151540714,"ENSG00000115091","ENSG00000115091","ACTR3","actin related protein 3","10096","Upregulated",3.60798024028134,"ACTR3"
14.7741011593329,4.01061405286596,1.71957393137309,2.43005115189726e-05,0.000247269301865963,"ENSG00000204839","ENSG00000204839","MROH6","maestro heat like repeat family member 6","642475","Upregulated",3.60682979733769,"MROH6"
12118.3547125904,0.569144099765434,0.149462180160077,2.4900125773403e-05,0.00025281380446417,"ENSG00000105974","ENSG00000105974","CAV1","caveolin 1","857","Upregulated",3.59719921583691,"CAV1"
980.188458627298,0.471571816692945,0.119997689711552,2.56265956438844e-05,0.000259999259903802,"ENSG00000143771","ENSG00000143771","CNIH4","cornichon family member 4","29097","Upregulated",3.58502788826054,"CNIH4"
3362.59524663738,0.361791515490913,0.0899050871502953,2.59971818107074e-05,0.000263373496136399,"ENSG00000158828","ENSG00000158828","PINK1","PTEN induced kinase 1","65018","Upregulated",3.5794279311998,"PINK1"
3286.61182524832,0.347969929486523,0.0862358447361672,2.67971877181014e-05,0.000270884190069414,"ENSG00000233276","ENSG00000233276","GPX1","glutathione peroxidase 1","2876","Upregulated",3.56721634146361,"GPX1"
6955.55872945668,0.356632279004944,0.0880817794366,2.69855273165576e-05,0.000272589229650271,"ENSG00000132824","ENSG00000132824","SERINC3","serine incorporator 3","10955","Upregulated",3.56449130769379,"SERINC3"
860.990843659175,0.763331699041182,0.209889113283168,2.70943506704938e-05,0.000273489152179442,"ENSG00000122641","ENSG00000122641","INHBA","inhibin subunit beta A","3624","Upregulated",3.56305989507841,"INHBA"
1277.80247557892,0.444354375346131,0.112802259030301,2.72084578404397e-05,0.000274441060560884,"ENSG00000165732","ENSG00000165732","DDX21","DExD-box helicase 21","9188","Upregulated",3.56155091103762,"DDX21"
1217.04671118843,0.514069312740126,0.133165230447401,2.73385609207755e-05,0.000275514358439546,"ENSG00000128274","ENSG00000128274","A4GALT","alpha 1,4-galactosyltransferase (P1PK blood group)","53947","Upregulated",3.55985576295168,"A4GALT"
1247.63075827501,0.447442119271392,0.113371467060298,2.74076227390107e-05,0.000275847671416086,"ENSG00000168538","ENSG00000168538","TRAPPC11","trafficking protein particle complex subunit 11","60684","Upregulated",3.55933067781251,"TRAPPC11"
285.220707828897,0.586946845385975,0.15387559876413,2.77012268935571e-05,0.000278398334675713,"ENSG00000153443","ENSG00000153443","UBALD1","UBA like domain containing 1","124402","Upregulated",3.5553333669182,"UBALD1"
265.230316557548,0.605312661655395,0.159173060029903,2.7736921811807e-05,0.000278555072021618,"ENSG00000176390","ENSG00000176390","CRLF3","cytokine receptor like factor 3","51379","Upregulated",3.55508892935695,"CRLF3"
1146.85836091336,0.408448267556542,0.102907606871015,2.78955603274993e-05,0.000279945380578431,"ENSG00000205765","ENSG00000205765","RIMOC1","RAB7A interacting MON1-CCZ1 complex subunit 1","285636","Upregulated",3.55292669446958,"RIMOC1"
775.799058930881,0.709460246131584,0.192498021251517,2.86906761560401e-05,0.000287300636449827,"ENSG00000133805","ENSG00000133805","AMPD3","adenosine monophosphate deaminase 3","272","Upregulated",3.54166341192542,"AMPD3"
4317.42877101566,0.370832123894834,0.0919108853162174,2.95481044447392e-05,0.000295459725468716,"ENSG00000109046","ENSG00000109046","WSB1","WD repeat and SOCS box containing 1","26118","Upregulated",3.52950171004078,"WSB1"
715.184572004332,0.452598499330527,0.115531687314519,2.95785730548394e-05,0.000295551149219192,"ENSG00000292339","ENSG00000292339","ASMTL","acetylserotonin O-methyltransferase like","8623","Upregulated",3.52936734760393,"ASMTL"
1036.3795664231,0.421477414619523,0.107093682791853,3.02472602252646e-05,0.000301580416879095,"ENSG00000143106","ENSG00000143106","PSMA5","proteasome 20S subunit alpha 5","5686","Upregulated",3.52059686279388,"PSMA5"
290.552397657701,0.641261496276526,0.171825396503273,3.02872674924893e-05,0.000301762214362623,"ENSG00000120942","ENSG00000120942","UBIAD1","UbiA prenyltransferase domain containing 1","29914","Upregulated",3.52033514203284,"UBIAD1"
1412.07167704791,0.409832898858602,0.103936076836808,3.04170562665349e-05,0.000302620231728576,"ENSG00000167323","ENSG00000167323","STIM1","stromal interaction molecule 1","6786","Upregulated",3.5191020405086,"STIM1"
1094.31798063524,0.403519575136818,0.102172174801732,3.08003817829911e-05,0.000306214125631617,"ENSG00000197771","ENSG00000197771","MCMBP","minichromosome maintenance complex binding protein","79892","Upregulated",3.51397477920808,"MCMBP"
1502.51981154564,0.465808526137673,0.119722414914988,3.08577172524581e-05,0.000306451792929466,"ENSG00000119899","ENSG00000119899","SLC17A5","solute carrier family 17 member 5","26503","Upregulated",3.51363783341745,"SLC17A5"
1536.08999468128,0.396936364564505,0.100586075607545,3.10829281558378e-05,0.000307918728600254,"ENSG00000132612","ENSG00000132612","VPS4A","vacuolar protein sorting 4 homolog A","27183","Upregulated",3.51156389511636,"VPS4A"
137.516340370451,1.03585162568036,0.297590321648293,3.12890628302331e-05,0.000309297519090014,"ENSG00000171385","ENSG00000171385","KCND3","potassium voltage-gated channel subfamily D member 3","3752","Upregulated",3.50962356350745,"KCND3"
955.806810801162,1.31856255756228,0.393163185803404,3.14467868363585e-05,0.000310635081087022,"ENSG00000135678","ENSG00000135678","CPM","carboxypeptidase M","1368","Upregulated",3.50774949946972,"CPM"
23.4044928303833,2.28361107971813,0.719278257095746,3.2161798760297e-05,0.000317245814248367,"ENSG00000187288","ENSG00000187288","CIDEC","cell death inducing DFFA like effector c","63924","Upregulated",3.49860409929103,"CIDEC"
3701.96104894544,0.351645496700596,0.0882633856680819,3.2412218982332e-05,0.000319261508796119,"ENSG00000170876","ENSG00000170876","TMEM43","transmembrane protein 43","79188","Upregulated",3.495853438257,"TMEM43"
1111.35294826507,0.694570134989399,0.19068243578083,3.25113775727169e-05,0.000319946190559066,"ENSG00000034152","ENSG00000034152","MAP2K3","mitogen-activated protein kinase kinase 3","5606","Upregulated",3.49492305639355,"MAP2K3"
1462.07440865447,0.475129918340929,0.123551073279134,3.25725785712065e-05,0.000319946190559066,"ENSG00000122299","ENSG00000122299","ZC3H7A","zinc finger CCCH-type containing 7A","29066","Upregulated",3.49492305639355,"ZC3H7A"
290.19349223216,0.708702403461734,0.193208234524554,3.37951652391432e-05,0.000330301265902176,"ENSG00000138028","ENSG00000138028","CGREF1","cell growth regulator with EF-hand domain 1","10669","Upregulated",3.48108976184211,"CGREF1"
3266.0767033463,0.315626748833496,0.0789810408163708,3.37842464404351e-05,0.000330301265902176,"ENSG00000148358","ENSG00000148358","GPR107","G protein-coupled receptor 107","57720","Upregulated",3.48108976184211,"GPR107"
1801.7538509313,0.356697401425739,0.0898470845716374,3.37387886485778e-05,0.000330301265902176,"ENSG00000205352","ENSG00000205352","PRR13","proline rich 13","54458","Upregulated",3.48108976184211,"PRR13"
709.302434477661,0.438760057540571,0.1128360913492,3.41921316798818e-05,0.000333945562333673,"ENSG00000143811","ENSG00000143811","PYCR2","pyrroline-5-carboxylate reductase 2","29920","Upregulated",3.47632432332308,"PYCR2"
6152.19372162172,0.676914609902512,0.185739230720751,3.43254102044261e-05,0.000335011169030381,"ENSG00000170017","ENSG00000170017","ALCAM","activated leukocyte cell adhesion molecule","214","Upregulated",3.47494071365747,"ALCAM"
972.80274958064,0.515080210720064,0.135526264440041,3.57880076563736e-05,0.000348227743235293,"ENSG00000114626","ENSG00000114626","ABTB1","ankyrin repeat and BTB domain containing 1","80325","Upregulated",3.45813663168501,"ABTB1"
516.560203605061,0.501415760960741,0.131392925776876,3.57575411276732e-05,0.000348227743235293,"ENSG00000124615","ENSG00000124615","MOCS1","molybdenum cofactor synthesis 1","4337","Upregulated",3.45813663168501,"MOCS1"
476.903267548288,0.634640139607704,0.171658466329674,3.60366816418439e-05,0.000349987646022645,"ENSG00000105552","ENSG00000105552","BCAT2","branched chain amino acid transaminase 2","587","Upregulated",3.45594728524654,"BCAT2"
94.0060429815408,1.11141901088738,0.325169132853161,3.65876051496958e-05,0.000355089369586579,"ENSG00000144362","ENSG00000144362","PHOSPHO2","phosphatase, orphan 2","493911","Upregulated",3.44966232910361,"PHOSPHO2"
27.8390095458094,1.92323429295373,0.584404292505908,3.69287558173852e-05,0.00035814949396301,"ENSG00000105963","ENSG00000105963","ADAP1","ArfGAP with dual PH domains 1","11033","Upregulated",3.44593565812878,"ADAP1"
17153.4788936193,0.336114248825892,0.0849430881023788,3.76815006951711e-05,0.000364939146145616,"ENSG00000250722","ENSG00000250722","SELENOP","selenoprotein P","6414","Upregulated",3.43777954841071,"SELENOP"
794.34171694735,0.715745137357099,0.199101624424816,3.77301524493075e-05,0.000365155155583068,"ENSG00000112414","ENSG00000112414","ADGRG6","adhesion G protein-coupled receptor G6","57211","Upregulated",3.43752256322609,"ADGRG6"
139.238536039409,1.25386730542575,0.384041376741778,3.8083476363447e-05,0.000368317445164698,"ENSG00000140511","ENSG00000140511","HAPLN3","hyaluronan and proteoglycan link protein 3","145864","Upregulated",3.43377771052511,"HAPLN3"
1284.73392684372,0.373725156682103,0.0953077676472242,3.85830212556101e-05,0.000372628635248433,"ENSG00000175348","ENSG00000175348","TMEM9B","TMEM9 domain family member B","56674","Upregulated",3.4287237740975,"TMEM9B"
914.982673627077,2.24362702845981,0.785398244666748,3.92315107595714e-05,0.00037757604695618,"ENSG00000004799","ENSG00000004799","PDK4","pyruvate dehydrogenase kinase 4","5166","Upregulated",3.42299556470426,"PDK4"
536.312630028744,0.463423786912328,0.1208948173503,3.93151821360179e-05,0.000378118743388669,"ENSG00000105186","ENSG00000105186","ANKRD27","ankyrin repeat domain 27","84079","Upregulated",3.42237179407752,"ANKRD27"
316.935384710168,0.687314470712526,0.189099580267136,4.04501390800436e-05,0.000388226092458673,"ENSG00000111696","ENSG00000111696","NT5DC3","5'-nucleotidase domain containing 3","51559","Upregulated",3.41091527927736,"NT5DC3"
153.965951524269,0.695415851925054,0.19085881740544,4.05208614987321e-05,0.000388635722844933,"ENSG00000011478","ENSG00000011478","QPCTL","glutaminyl-peptide cyclotransferase like","54814","Upregulated",3.41045728216808,"QPCTL"
9604.3265972409,0.409507114943935,0.105808603181258,4.07797641343896e-05,0.000390578266163446,"ENSG00000135046","ENSG00000135046","ANXA1","annexin A1","301","Upregulated",3.40829192681339,"ANXA1"
483.93839047395,0.511934218320477,0.135415064119129,4.08489426786226e-05,0.000390970646811485,"ENSG00000167543","ENSG00000167543","TP53I13","tumor protein p53 inducible protein 13","90313","Upregulated",3.4078558472239,"TP53I13"
634.802201216497,0.629621657875149,0.17160426974123,4.12476695041679e-05,0.000394514459391486,"ENSG00000166912","ENSG00000166912","MTMR10","myotubularin related protein 10","54893","Upregulated",3.40393707478953,"MTMR10"
3527.82864509225,0.382753735539338,0.0985161664197625,4.18482606950783e-05,0.000398882424328122,"ENSG00000114480","ENSG00000114480","GBE1","1,4-alpha-glucan branching enzyme 1","2632","Upregulated",3.39915509927671,"GBE1"
556.21677703918,0.704537067662949,0.196625838492576,4.25437252213879e-05,0.000404676381498432,"ENSG00000100906","ENSG00000100906","NFKBIA","NFKB inhibitor alpha","4792","Upregulated",3.39289214199891,"NFKBIA"
3814.3394933767,0.365715614671341,0.0935912486578313,4.28942366770698e-05,0.000407730607755495,"ENSG00000186063","ENSG00000186063","AIDA","axin interactor, dorsalization associated","64853","Upregulated",3.38962668545643,"AIDA"
2019.89569311082,0.330891579935343,0.0840772018919853,4.36116052519996e-05,0.000414265412739865,"ENSG00000150753","ENSG00000150753","CCT5","chaperonin containing TCP1 subunit 5","22948","Upregulated",3.38272132468689,"CCT5"
323.31602301069,0.519534096167361,0.138510425840811,4.45702712549899e-05,0.000421925812379034,"ENSG00000156232","ENSG00000156232","WHAMM","WASP homolog associated with actin, golgi membranes and microtubules","123720","Upregulated",3.37476390474169,"WHAMM"
2840.12523848025,0.392439613768324,0.101572299121218,4.52328654839324e-05,0.000427614108282278,"ENSG00000110906","ENSG00000110906","KCTD10","potassium channel tetramerization domain containing 10","83892","Upregulated",3.36894797453888,"KCTD10"
1629.532310957,0.345390019369629,0.0883121105840799,4.58117130185837e-05,0.000432496274335525,"ENSG00000004059","ENSG00000004059","ARF5","ARF GTPase 5","381","Upregulated",3.36401762933788,"ARF5"
587.842247092619,0.550268184282961,0.14827733852088,4.5944964589584e-05,0.000433458995403026,"ENSG00000263465","ENSG00000263465","SRSF8","serine and arginine rich splicing factor 8","10929","Upregulated",3.36305197987746,"SRSF8"
67.3373094527441,1.05530409017401,0.308932024157413,4.77932226436709e-05,0.000449671603950194,"ENSG00000100206","ENSG00000100206","DMC1","DNA meiotic recombinase 1","11144","Upregulated",3.34710453657507,"DMC1"
421.773110451849,0.507134332463967,0.135430163836413,4.78326373990755e-05,0.000449737124636219,"ENSG00000138193","ENSG00000138193","PLCE1","phospholipase C epsilon 1","51196","Upregulated",3.34704126106631,"PLCE1"
1234.45183806347,0.362388003033289,0.0938428411757494,4.82734681711618e-05,0.000453266934542094,"ENSG00000167657","ENSG00000167657","DAPK3","death associated protein kinase 3","1613","Upregulated",3.34364596121856,"DAPK3"
412.205931107144,0.871794413969335,0.255251815683248,4.87524844821099e-05,0.000457454761298281,"ENSG00000108846","ENSG00000108846","ABCC3","ATP binding cassette subfamily C member 3","8714","Upregulated",3.33965184780509,"ABCC3"
242.71051423522,0.595127042619559,0.162301020904529,4.93931408015268e-05,0.000462839444468127,"ENSG00000100003","ENSG00000100003","SEC14L2","SEC14 like lipid binding 2","23541","Upregulated",3.33456963635626,"SEC14L2"
654.197969150778,0.581100730525102,0.159804547891917,4.96315285696357e-05,0.000464131818115102,"ENSG00000197415","ENSG00000197415","VEPH1","ventricular zone expressed PH domain containing 1","79674","Upregulated",3.33335865791549,"VEPH1"
2093.35414193633,0.335555662360935,0.0862996735095767,4.98620919223845e-05,0.000465973521208581,"ENSG00000110108","ENSG00000110108","TMEM109","transmembrane protein 109","79073","Upregulated",3.33163876124932,"TMEM109"
2593.81969125164,0.366020590036714,0.0945801112508618,5.03852835127305e-05,0.000470545582346989,"ENSG00000170525","ENSG00000170525","PFKFB3","6-phosphofructo-2-kinase/fructose-2,6-biphosphatase 3","5209","Upregulated",3.32739829954193,"PFKFB3"
12173.5615152018,0.391877959423651,0.102039520608299,5.06113581683119e-05,0.000472338594514905,"ENSG00000187109","ENSG00000187109","NAP1L1","nucleosome assembly protein 1 like 1","4673","Upregulated",3.32574656702111,"NAP1L1"
1455.33325867362,0.427628398154354,0.112628617578908,5.09814752934342e-05,0.000475472588217836,"ENSG00000141867","ENSG00000141867","BRD4","bromodomain containing 4","23476","Upregulated",3.322874515801,"BRD4"
478.303031359629,0.456125931323232,0.120759333995022,5.12426987230918e-05,0.000477587465772245,"ENSG00000176148","ENSG00000176148","TCP11L1","t-complex 11 like 1","55346","Upregulated",3.32094707973752,"TCP11L1"
1376.92802524536,0.401561169703779,0.105171918116478,5.17369800165383e-05,0.000481870165355648,"ENSG00000115307","ENSG00000115307","AUP1","AUP1 lipid droplet regulating VLDL assembly factor","550","Upregulated",3.31706996189658,"AUP1"
1695.54008255822,0.506496996364062,0.136409998019299,5.22779207608793e-05,0.000486254834781896,"ENSG00000038274","ENSG00000038274","MAT2B","methionine adenosyltransferase 2 non-catalytic beta subunit","27430","Upregulated",3.31313606749933,"MAT2B"
1335.91099725508,0.424796412551551,0.112205753114263,5.38268637787918e-05,0.000499321623233116,"ENSG00000169032","ENSG00000169032","MAP2K1","mitogen-activated protein kinase kinase 1","5604","Upregulated",3.30161962631925,"MAP2K1"
449.358014344101,0.455667670023726,0.121090770958313,5.40381591787461e-05,0.000500839134796187,"ENSG00000101460","ENSG00000101460","MAP1LC3A","microtubule associated protein 1 light chain 3 alpha","84557","Upregulated",3.30030174337192,"MAP1LC3A"
929.368882370675,0.470424584689968,0.125709305399423,5.40627278775594e-05,0.000500839134796187,"ENSG00000140521","ENSG00000140521","POLG","DNA polymerase gamma, catalytic subunit","5428","Upregulated",3.30030174337192,"POLG"
618.793905699423,0.449250046042189,0.119356440948203,5.49485061143821e-05,0.000508704974107696,"ENSG00000101084","ENSG00000101084","RAB5IF","RAB5 interacting factor","55969","Upregulated",3.29353401582458,"RAB5IF"
911.694519993271,0.793724589024503,0.233963998348462,5.51542928961302e-05,0.000509928849397911,"ENSG00000166260","ENSG00000166260","COX11","cytochrome c oxidase copper chaperone COX11","1353","Upregulated",3.29249041697959,"COX11"
1756.53469553244,0.438944253640514,0.116711419825288,5.51979718325816e-05,0.000509992461085165,"ENSG00000176438","ENSG00000176438","SYNE3","spectrin repeat containing nuclear envelope family member 3","161176","Upregulated",3.2924362437713,"SYNE3"
855.97331602336,0.478423197385101,0.128934095592626,5.74534379705976e-05,0.000529771920714911,"ENSG00000107937","ENSG00000107937","GTPBP4","GTP binding protein 4","23560","Upregulated",3.27591106416211,"GTPBP4"
336.861718774272,0.603817634320529,0.167579658987735,5.85413191167414e-05,0.000538370366051042,"ENSG00000150510","ENSG00000150510","FAM124A","family with sequence similarity 124 member A","220108","Upregulated",3.26891885334334,"FAM124A"
240.227706426911,0.851199460431417,0.250100521952997,5.97041843269322e-05,0.000547611046053576,"ENSG00000170522","ENSG00000170522","ELOVL6","ELOVL fatty acid elongase 6","79071","Upregulated",3.26152780014409,"ELOVL6"
2883.76087817926,0.633778685964223,0.17920742552193,5.99694372147967e-05,0.000549680178809436,"ENSG00000186918","ENSG00000186918","ZNF395","zinc finger protein 395","55893","Upregulated",3.25988992319234,"ZNF395"
50.5112707488265,1.23768389684992,0.37822522954059,6.03787272671374e-05,0.000552700648081412,"ENSG00000179862","ENSG00000179862","CITED4","Cbp/p300 interacting transactivator with Glu/Asp rich carboxy-terminal domain 4","163732","Upregulated",3.25751002617629,"CITED4"
942.589388821386,0.370941904644108,0.0975293575121527,6.09798143763927e-05,0.000557099042480176,"ENSG00000123342","ENSG00000123342","MMP19","matrix metallopeptidase 19","4327","Upregulated",3.25406758798811,"MMP19"
1025.55502891575,0.411470045434395,0.109087621088775,6.11229586509685e-05,0.000558038922229099,"ENSG00000101928","ENSG00000101928","MOSPD1","motile sperm domain containing 1","56180","Upregulated",3.25333550873302,"MOSPD1"
224.264434079026,3.14474915026501,1.92845449228159,6.14649787720773e-05,0.000560423118948828,"ENSG00000134058","ENSG00000134058","CDK7","cyclin dependent kinase 7","1022","Upregulated",3.25148395721067,"CDK7"
20109.4770843563,0.348955299088547,0.0910423590877903,6.28935551951823e-05,0.000573071519691013,"ENSG00000113721","ENSG00000113721","PDGFRB","platelet derived growth factor receptor beta","5159","Upregulated",3.241791174422,"PDGFRB"
2660.85259822408,0.446805088974342,0.121067516764302,6.50271450124339e-05,0.000590958165722834,"ENSG00000108840","ENSG00000108840","HDAC5","histone deacetylase 5","10014","Upregulated",3.22844326199317,"HDAC5"
2569.45985332804,0.487853104055935,0.133390921944518,6.522276060685e-05,0.00059157214610624,"ENSG00000110422","ENSG00000110422","HIPK3","homeodomain interacting protein kinase 3","10114","Upregulated",3.22799228274333,"HIPK3"
1293.45775377352,0.393344344160798,0.104357966213012,6.5160066170926e-05,0.00059157214610624,"ENSG00000135596","ENSG00000135596","MICAL1","microtubule associated monooxygenase, calponin and LIM domain containing 1","64780","Upregulated",3.22799228274333,"MICAL1"
1655.85559238489,0.370413385310711,0.0976467539978306,6.58027141934378e-05,0.000596052167324741,"ENSG00000139793","ENSG00000139793","MBNL2","muscleblind like splicing regulator 2","10150","Upregulated",3.22471572853191,"MBNL2"
1702.45886338105,0.436003591696387,0.116979190340571,6.57758337816546e-05,0.000596052167324741,"ENSG00000164023","ENSG00000164023","SGMS2","sphingomyelin synthase 2","166929","Upregulated",3.22471572853191,"SGMS2"
65.8126825411312,1.06661516382409,0.321352983468999,6.61331353823462e-05,0.000598263135289776,"ENSG00000173083","ENSG00000173083","HPSE","heparanase","10855","Upregulated",3.22310775736769,"HPSE"
516.65239492563,0.432003401730565,0.115743003129597,6.64281434079877e-05,0.000600539882251338,"ENSG00000130529","ENSG00000130529","TRPM4","transient receptor potential cation channel subfamily M member 4","54795","Upregulated",3.22145814551914,"TRPM4"
7565.58215453077,0.398433687103409,0.1061483663101,6.67524376869484e-05,0.000603078248959204,"ENSG00000197702","ENSG00000197702","PARVA","parvin alpha","55742","Upregulated",3.21962633481431,"PARVA"
1246.66593701796,0.397580197016013,0.105754382298912,6.73312797059028e-05,0.00060771077229609,"ENSG00000154710","ENSG00000154710","RABGEF1","RAB guanine nucleotide exchange factor 1","27342","Upregulated",3.21630306526979,"RABGEF1"
1274.01851570719,0.357997326947405,0.0945798542401118,7.01236133292641e-05,0.000630248480629229,"ENSG00000126062","ENSG00000126062","TMEM115","transmembrane protein 115","11070","Upregulated",3.20048819262516,"TMEM115"
1458.5180493876,0.567596816358248,0.158912329047799,7.03604797897871e-05,0.000631558218527629,"ENSG00000157216","ENSG00000157216","SSBP3","single stranded DNA binding protein 3","23648","Upregulated",3.19958660897264,"SSBP3"
117.021760402067,0.909904265902891,0.272598034066249,7.14992847705688e-05,0.000641364781640979,"ENSG00000138678","ENSG00000138678","GPAT3","glycerol-3-phosphate acyltransferase 3","84803","Upregulated",3.19289489155276,"GPAT3"
1472.08673435345,0.395995033731207,0.105758945133854,7.18187104508423e-05,0.000643813394656031,"ENSG00000004700","ENSG00000004700","RECQL","RecQ like helicase","5965","Upregulated",3.19123999197988,"RECQL"
391.614406480532,0.520095816826246,0.143683896015805,7.23884373013615e-05,0.000648501197517498,"ENSG00000149289","ENSG00000149289","ZC3H12C","zinc finger CCCH-type containing 12C","85463","Upregulated",3.18808921761419,"ZC3H12C"
1705.44097029072,0.350542762048899,0.0930378699070463,7.50739333146012e-05,0.000671257833423908,"ENSG00000165527","ENSG00000165527","ARF6","ARF GTPase 6","382","Upregulated",3.1731106331465,"ARF6"
2242.83479261156,0.344223664073375,0.0907889208055142,7.55043297547465e-05,0.000674670861425552,"ENSG00000117500","ENSG00000117500","TMED5","transmembrane p24 trafficking protein 5","50999","Upregulated",3.1709080463222,"TMED5"
862.435126268151,0.393652813878893,0.105513166363582,7.61211392063198e-05,0.000679306418712418,"ENSG00000154813","ENSG00000154813","DPH3","diphthamide biosynthesis 3","285381","Upregulated",3.16793428177581,"DPH3"
115.094628666942,0.769155746757717,0.224310654757475,7.65741638874557e-05,0.000682122813874226,"ENSG00000101017","ENSG00000101017","CD40","CD40 molecule","958","Upregulated",3.16613742507082,"CD40"
882.630424859846,0.423375584019882,0.114579691668934,7.74756276409718e-05,0.000689175047160609,"ENSG00000089060","ENSG00000089060","SLC8B1","solute carrier family 8 member B1","80024","Upregulated",3.16167045536307,"SLC8B1"
824.821796586842,0.588040640147429,0.166989931279779,7.77226252119979e-05,0.000690928712516407,"ENSG00000146373","ENSG00000146373","RNF217","ring finger protein 217","154214","Upregulated",3.16056675922183,"RNF217"
10826.7801815761,0.344799198891331,0.0919226262000585,7.89036392517802e-05,0.000700977907942578,"ENSG00000148516","ENSG00000148516","ZEB1","zinc finger E-box binding homeobox 1","6935","Upregulated",3.1542956690659,"ZEB1"
526.094036800678,0.706133958311367,0.207266460264453,7.94654540122293e-05,0.00070551680150896,"ENSG00000166263","ENSG00000166263","STXBP4","syntaxin binding protein 4","252983","Upregulated",3.15149263929341,"STXBP4"
830.067216639991,0.512997254945064,0.142902398432095,8.01868054628684e-05,0.000711465388546667,"ENSG00000182054","ENSG00000182054","IDH2","isocitrate dehydrogenase (NADP(+)) 2","3418","Upregulated",3.14784622267571,"IDH2"
130.188699364003,0.830509974965298,0.249187392172755,8.07965815494463e-05,0.000715501484788355,"ENSG00000160256","ENSG00000160256","SLX9","SLX9 ribosome biogenesis factor","85395","Upregulated",3.1453894606677,"SLX9"
287.417768506208,0.658333834258585,0.190538847986763,8.14464796047579e-05,0.000719876760741288,"ENSG00000126218","ENSG00000126218","F10","coagulation factor X","2159","Upregulated",3.14274184622305,"F10"
2912.19221738404,0.374847424478845,0.100732035935223,8.14388659407135e-05,0.000719876760741288,"ENSG00000131507","ENSG00000131507","NDFIP1","Nedd4 family interacting protein 1","80762","Upregulated",3.14274184622305,"NDFIP1"
1805.83206402735,0.320760243021515,0.0847722947684954,8.18280394792555e-05,0.000722788272239007,"ENSG00000129925","ENSG00000129925","PGAP6","post-GPI attachment to proteins 6","58986","Upregulated",3.14098890279512,"PGAP6"
288.758370010908,0.553659493237906,0.155560199275561,8.34778456062354e-05,0.000735909373514586,"ENSG00000134056","ENSG00000134056","KGD4","alpha-ketoglutarate dehydrogenase subunit 4","92259","Upregulated",3.1331756652901,"KGD4"
300.509321281978,1.12552089113687,0.371189580783832,8.38623903549327e-05,0.000737935789161277,"ENSG00000182575","ENSG00000182575","NXPH3","neurexophilin 3","11248","Upregulated",3.13198142628828,"NXPH3"
213.936266408571,0.716823451616078,0.210247370994578,8.45091066835908e-05,0.000743154638025308,"ENSG00000121361","ENSG00000121361","KCNJ8","potassium inwardly rectifying channel subfamily J member 8","3764","Upregulated",3.1289208074328,"KCNJ8"
317.85241002936,0.551011866611479,0.15506627473921,8.47243357552788e-05,0.0007445748695196,"ENSG00000110057","ENSG00000110057","UNC93B1","unc-93B1 regulator of TLR signaling","81622","Upregulated",3.12809162593813,"UNC93B1"
430.982773531167,0.49525007073453,0.13744715590369,8.65059982268049e-05,0.000759269556317472,"ENSG00000102218","ENSG00000102218","RP2","RP2 activator of ARL3 GTPase","6102","Upregulated",3.11960401325048,"RP2"
957.595034395055,0.504179909607268,0.141240871435601,8.67574408539177e-05,0.00076099453974332,"ENSG00000135241","ENSG00000135241","PNPLA8","patatin like domain 8, phospholipase A2","50640","Upregulated",3.11861845935013,"PNPLA8"
984.057039100275,0.453744999987767,0.125392699881273,8.86767816466619e-05,0.000775376351319298,"ENSG00000102007","ENSG00000102007","PLP2","proteolipid protein 2","5355","Upregulated",3.1104874489416,"PLP2"
356.619374654973,0.494840145242356,0.136965618333972,8.96008904004288e-05,0.000781976536561425,"ENSG00000164535","ENSG00000164535","DAGLB","diacylglycerol lipase beta","221955","Upregulated",3.10680627787976,"DAGLB"
2214.82901196672,0.314075482506335,0.0834021687614618,9.08138479814545e-05,0.000792063636988658,"ENSG00000143570","ENSG00000143570","SLC39A1","solute carrier family 39 member 1","27173","Upregulated",3.10123992436662,"SLC39A1"
546.137849704688,0.43805559075266,0.120382350211668,9.22263330733711e-05,0.00080236330826356,"ENSG00000158321","ENSG00000158321","AUTS2","activator of transcription and developmental regulator AUTS2","26053","Upregulated",3.09562893963746,"AUTS2"
1626.92348701314,0.440192119729935,0.121175281141158,9.31457701225585e-05,0.000808332641282741,"ENSG00000183889","ENSG00000183889","NPIPA6","nuclear pore complex interacting protein family, member A6","131675794","Upregulated",3.09240988360062,"NPIPA6"
1564.24113724403,0.357686893704125,0.0961248137068207,9.32402504645861e-05,0.000808646202245744,"ENSG00000173674","ENSG00000173674","EIF1AX","eukaryotic translation initiation factor 1A X-linked","1964","Upregulated",3.09224144874666,"EIF1AX"
472.320250019061,0.471135447175189,0.130723935952598,9.41402583930812e-05,0.00081543115066857,"ENSG00000064933","ENSG00000064933","PMS1","PMS1 homolog 1, mismatch repair system component","5378","Upregulated",3.08861270187937,"PMS1"
17.7207874870965,2.16132240205614,0.704921601739985,9.42961879371593e-05,0.00081627162312373,"ENSG00000172399","ENSG00000172399","MYOZ2","myozenin 2","51778","Upregulated",3.08816530105661,"MYOZ2"
428.709709696358,0.533760127749076,0.150816627691123,9.44184056311125e-05,0.000816819403022214,"ENSG00000223953","ENSG00000223953","C1QTNF5","C1q and TNF related 5","114902","Upregulated",3.08787395441111,"C1QTNF5"
3636.91859748358,0.406017939937576,0.111336230410678,9.46144340256208e-05,0.000818004642021883,"ENSG00000117592","ENSG00000117592","PRDX6","peroxiredoxin 6","9588","Upregulated",3.0872442317825,"PRDX6"
7536.0960240982,0.344510186459463,0.0922176452664128,9.48854122737782e-05,0.000819835990462776,"ENSG00000129250","ENSG00000129250","KIF1C","kinesin family member 1C","10749","Upregulated",3.0862730202519,"KIF1C"
626.914395246622,0.513185190286165,0.144523778467636,9.4991567053631e-05,0.000820241824172132,"ENSG00000021355","ENSG00000021355","SERPINB1","serpin family B member 1","1992","Upregulated",3.08605808978632,"SERPINB1"
4990.8707449834,0.391761527046703,0.107958503879943,9.54188244667385e-05,0.000822393960375951,"ENSG00000008710","ENSG00000008710","PKD1","polycystin 1, transient receptor potential channel interacting","5310","Upregulated",3.08492008777612,"PKD1"
251.839156853382,0.716605665469889,0.212958098758344,9.57507389727921e-05,0.000824229497778836,"ENSG00000102466","ENSG00000102466","FGF14","fibroblast growth factor 14","2259","Upregulated",3.08395184686877,"FGF14"
1133.0147847977,0.470987021406169,0.131527666460598,9.78818504725602e-05,0.000841007170303293,"ENSG00000108262","ENSG00000108262","GIT1","GIT ArfGAP 1","28964","Upregulated",3.0752003014555,"GIT1"
2905.89845916828,0.349368313246393,0.0944165119574048,9.93658576231475e-05,0.000852172908910397,"ENSG00000173548","ENSG00000173548","SNX33","sorting nexin 33","257364","Upregulated",3.06947227639905,"SNX33"
787.218449367881,0.633533504975304,0.185752725387314,9.94610342984084e-05,0.000852461641522351,"ENSG00000240694","ENSG00000240694","PNMA2","PNMA family member 2","10687","Upregulated",3.06932515397766,"PNMA2"
1048.42231628177,0.390932986130611,0.107012175838729,0.000105056515072369,0.000898197558536685,"ENSG00000132963","ENSG00000132963","POMP","proteasome maturation protein","51371","Upregulated",3.0466281297626,"POMP"
2665.80172626067,0.351821916417383,0.0954985308456742,0.000105131306416489,0.00089828284563879,"ENSG00000112851","ENSG00000112851","ERBIN","erbb2 interacting protein","55914","Upregulated",3.04658689389077,"ERBIN"
939.01659136093,0.424466211991846,0.11812223002148,0.000105474542258175,0.000900660308783765,"ENSG00000119771","ENSG00000119771","KLHL29","kelch like family member 29","114818","Upregulated",3.0454389757663,"KLHL29"
208.639878153837,0.626533994727889,0.182914145572323,0.000106853031206624,0.000911869556337811,"ENSG00000141198","ENSG00000141198","TOM1L1","target of myb1 like 1 membrane trafficking protein","10040","Upregulated",3.04006728339798,"TOM1L1"
1508.02529878259,0.342621614584939,0.0925761305766569,0.000107763641916112,0.000918509417783147,"ENSG00000119979","ENSG00000119979","DENND10","DENN domain containing 10","404636","Upregulated",3.0369163863693,"DENND10"
787.307618170707,0.3787588932243,0.10353341752964,0.000107945834861704,0.000919496819513434,"ENSG00000119523","ENSG00000119523","ALG2","ALG2 alpha-1,3/1,6-mannosyltransferase","85365","Upregulated",3.03644976862292,"ALG2"
1950.3367703226,0.560379871966766,0.161757230906127,0.000108153859887493,0.00092070291411595,"ENSG00000125676","ENSG00000125676","THOC2","THO complex subunit 2","57187","Upregulated",3.03588048226127,"THOC2"
9280.76208455329,0.354033194382973,0.0964085262421072,0.000108491672375636,0.000922445452425727,"ENSG00000172757","ENSG00000172757","CFL1","cofilin 1","1072","Upregulated",3.03505930583115,"CFL1"
561.426326610943,0.413099471645135,0.11403221696767,0.000108871423973032,0.000925106722772688,"ENSG00000095380","ENSG00000095380","NANS","N-acetylneuraminate synthase","54187","Upregulated",3.033808163004,"NANS"
237.405352673777,0.904380587000232,0.286684485481358,0.000110032340937856,0.00093382621742667,"ENSG00000123104","ENSG00000123104","ITPR2","inositol 1,4,5-trisphosphate receptor type 2","3709","Upregulated",3.02973393729759,"ITPR2"
2589.70970464927,0.362894651851696,0.0996163007240671,0.000110863509895493,0.000940304396353509,"ENSG00000103479","ENSG00000103479","RBL2","RB transcriptional corepressor like 2","5934","Upregulated",3.02673153336121,"RBL2"
885.247045922584,0.775406203507561,0.241339143261983,0.000112164046064522,0.00095017207482164,"ENSG00000167772","ENSG00000167772","ANGPTL4","angiopoietin like 4","51129","Upregulated",3.02219773747089,"ANGPTL4"
2413.35840780926,0.311027799753609,0.0837450243794901,0.000112452917842516,0.000952037256187797,"ENSG00000198952","ENSG00000198952","SMG5","SMG5 nonsense mediated mRNA decay factor","23381","Upregulated",3.02134605598508,"SMG5"
3039.73483130067,0.461637811985746,0.130534757115657,0.000114260730687009,0.000966161968634079,"ENSG00000198873","ENSG00000198873","GRK5","G protein-coupled receptor kinase 5","2869","Upregulated",3.01495006179613,"GRK5"
2485.8042705336,0.607142436232014,0.178770449884677,0.000114335834362983,0.00096620751733938,"ENSG00000094963","ENSG00000094963","FMO2","flavin containing dimethylaniline monoxygenase 2","2327","Upregulated",3.01492958791521,"FMO2"
948.920417852111,0.442081313568157,0.123703090989251,0.000115428378323314,0.00097317063846308,"ENSG00000111684","ENSG00000111684","LPCAT3","lysophosphatidylcholine acyltransferase 3","10162","Upregulated",3.01181100264486,"LPCAT3"
5687.97575651986,0.45037821511108,0.125768014755519,0.000115440690499553,0.00097317063846308,"ENSG00000133687","ENSG00000133687","TMTC1","transmembrane O-mannosyltransferase targeting cadherins 1","83857","Upregulated",3.01181100264486,"TMTC1"
22.1732388575413,2.2880321528963,0.894310312339312,0.000115301061240568,0.00097317063846308,"ENSG00000164122","ENSG00000164122","ASB5","ankyrin repeat and SOCS box containing 5","140458","Upregulated",3.01181100264486,"ASB5"
1587.09277395565,0.535435584901876,0.154397404764852,0.000116428396977779,0.000980900397395162,"ENSG00000099991","ENSG00000099991","CABIN1","calcineurin binding protein 1","23523","Upregulated",3.00837508951891,"CABIN1"
441.498232641197,0.458090011708028,0.128868834882048,0.000118246797225918,0.000994628087956964,"ENSG00000073169","ENSG00000073169","SELENOO","selenoprotein O","83642","Upregulated",3.00233928060301,"SELENOO"
358.551125107874,0.557312894865925,0.160900882186124,0.000118463636215576,0.000995022748067677,"ENSG00000165675","ENSG00000165675","ENOX2","ecto-NOX disulfide-thiol exchanger 2","10495","Upregulated",3.00216699036248,"ENOX2"
382.745397689009,0.898652397616828,0.282589826847356,0.000118412469961515,0.000995022748067677,"ENSG00000276023","ENSG00000276023","DUSP14","dual specificity phosphatase 14","11072","Upregulated",3.00216699036248,"DUSP14"
297.53082750462,0.590397635354229,0.172670375574933,0.000119674546914897,0.00100336935613645,"ENSG00000103404","ENSG00000103404","USP31","ubiquitin specific peptidase 31","57478","Upregulated",2.9985391668762,"USP31"
1106.17550401395,0.375631674246802,0.103403131401013,0.000120195186079238,0.00100651666699224,"ENSG00000169410","ENSG00000169410","PTPN9","protein tyrosine phosphatase non-receptor type 9","5780","Upregulated",2.99717902919775,"PTPN9"
2351.95127935537,0.316987195593942,0.085937027982377,0.000121236974212534,0.00101462755169777,"ENSG00000135956","ENSG00000135956","TMEM127","transmembrane protein 127","55654","Upregulated",2.99369334881159,"TMEM127"
381.704365103507,0.805630407490673,0.250409406589609,0.000121601933701104,0.00101706771222909,"ENSG00000120899","ENSG00000120899","PTK2B","protein tyrosine kinase 2 beta","2185","Upregulated",2.9926501325556,"PTK2B"
243.729544984474,0.587040585288847,0.171344485375111,0.000122117565067061,0.00102076437531026,"ENSG00000136158","ENSG00000136158","SPRY2","sprouty RTK signaling antagonist 2","10253","Upregulated",2.9910744952414,"SPRY2"
860.216469915826,0.394965728949027,0.109594387220813,0.000122761304167053,0.00102552677182109,"ENSG00000104142","ENSG00000104142","VPS18","VPS18 core subunit of CORVET and HOPS complexes","57617","Upregulated",2.98905299770185,"VPS18"
307.450672775244,0.583197928431596,0.17130882699464,0.000122868166621456,0.00102580115735347,"ENSG00000132740","ENSG00000132740","IGHMBP2","immunoglobulin mu DNA binding protein 2","3508","Upregulated",2.98893681528007,"IGHMBP2"
2589.43507164554,0.457914621749879,0.129189890659906,0.000123068939047904,0.00102685877559596,"ENSG00000119537","ENSG00000119537","KDSR","3-ketodihydrosphingosine reductase","2531","Upregulated",2.98848928103443,"KDSR"
185.000073914969,0.650709958372631,0.194037935298768,0.000123376356877607,0.00102880441032897,"ENSG00000115841","ENSG00000115841","RMDN2","regulator of microtubule dynamics 2","151393","Upregulated",2.98766718266108,"RMDN2"
38.9489582125173,1.26610871147268,0.411382781297679,0.000123484082859804,0.00102908352637043,"ENSG00000072571","ENSG00000072571","HMMR","hyaluronan mediated motility receptor","3161","Upregulated",2.98754937395517,"HMMR"
1227.02426060763,0.390246090228883,0.108017023586674,0.000126057982911914,0.00104927182292866,"ENSG00000153179","ENSG00000153179","RASSF3","Ras association domain family member 3","283349","Upregulated",2.97911198949418,"RASSF3"
122.949344843579,0.0547221375540588,0.32075280660755,0.000127010203345539,0.00105656327020758,"ENSG00000072071","ENSG00000072071","ADGRL1","adhesion G protein-coupled receptor L1","22859","Upregulated",2.97610449096446,"ADGRL1"
743.907803423556,0.519202769445577,0.150482993227843,0.000127681670226841,0.00106087546023609,"ENSG00000096968","ENSG00000096968","JAK2","Janus kinase 2","3717","Upregulated",2.97433559640671,"JAK2"
343.463875379641,0.474084492355044,0.134690637049101,0.000127872717811378,0.0010618262409514,"ENSG00000147592","ENSG00000147592","LACTB2","lactamase beta 2","51110","Upregulated",2.97394654612655,"LACTB2"
1423.42201095442,0.437813153573824,0.123484509644673,0.00012975477124794,0.00107680920642227,"ENSG00000127946","ENSG00000127946","HIP1","huntingtin interacting protein 1","3092","Upregulated",2.96786124000596,"HIP1"
202.283299945797,0.584149986293213,0.171122352101882,0.000130070929943502,0.00107878696474386,"ENSG00000177054","ENSG00000177054","ZDHHC13","zDHHC palmitoyltransferase 13","54503","Upregulated",2.96706430987767,"ZDHHC13"
4461.15929068413,0.459115943645369,0.131144948701506,0.00013078727898656,0.00108407948533178,"ENSG00000140443","ENSG00000140443","IGF1R","insulin like growth factor 1 receptor","3480","Upregulated",2.96493887390885,"IGF1R"
484.577824770205,0.469867450140822,0.133993845260889,0.000133356334593224,0.00110142159781138,"ENSG00000136379","ENSG00000136379","ABHD17C","abhydrolase domain containing 17C, depalmitoylase","58489","Upregulated",2.95804641167684,"ABHD17C"
5120.50509646908,0.268660114958686,0.0723980415884094,0.000133558346315081,0.00110243306824342,"ENSG00000077549","ENSG00000077549","CAPZB","capping actin protein of muscle Z-line subunit beta","832","Upregulated",2.95764776827729,"CAPZB"
966.816069092596,0.497352555076326,0.143372963035048,0.000134109386736693,0.0011063226135618,"ENSG00000141458","ENSG00000141458","NPC1","NPC intracellular cholesterol transporter 1","4864","Upregulated",2.95611821041004,"NPC1"
991.072559086077,0.504509340452799,0.145714392425627,0.000137252531224647,0.00112956225073776,"ENSG00000011485","ENSG00000011485","PPP5C","protein phosphatase 5 catalytic subunit","5536","Upregulated",2.94708982989906,"PPP5C"
41.0965678953878,1.37826443910662,0.455789118523215,0.000137437208122915,0.00113041084117239,"ENSG00000185052","ENSG00000185052","SLC24A3","solute carrier family 24 member 3","57419","Upregulated",2.94676368605089,"SLC24A3"
1644.89290267496,0.322017003827262,0.0885606206578837,0.000138232535092366,0.0011349316965907,"ENSG00000105404","ENSG00000105404","RABAC1","Rab acceptor 1","10567","Upregulated",2.9450302747584,"RABAC1"
1771.3699221347,0.46054457613696,0.13163586411475,0.000139365030180748,0.0011421998540952,"ENSG00000189266","ENSG00000189266","PNRC2","proline rich nuclear receptor coactivator 2","55629","Upregulated",2.94225789964809,"PNRC2"
1151.61619934853,0.430306144125896,0.121042235918619,0.00013954948741524,0.00114236051156988,"ENSG00000100600","ENSG00000100600","LGMN","legumain","5641","Upregulated",2.94219681773851,"LGMN"
1527.40907561281,0.62821160073639,0.19026185042136,0.000141118809950768,0.00115365202796026,"ENSG00000073910","ENSG00000073910","FRY","FRY microtubule binding protein","10129","Upregulated",2.93792516615921,"FRY"
384.730512119527,0.501132840065786,0.144887090914552,0.000141178572726792,0.00115365202796026,"ENSG00000131148","ENSG00000131148","EMC8","ER membrane protein complex subunit 8","10328","Upregulated",2.93792516615921,"EMC8"
3973.35508321697,0.279100021467016,0.0763656838919941,0.000142589600724748,0.00116449574333782,"ENSG00000221978","ENSG00000221978","CCNL2","cyclin L2","81669","Upregulated",2.93386209463319,"CCNL2"
90.7457135055311,0.892640002701559,0.2818887828594,0.000146019585929581,0.00119110385014601,"ENSG00000188257","ENSG00000188257","PLA2G2A","phospholipase A2 group IIA","5320","Upregulated",2.92405037153222,"PLA2G2A"
342.587046171188,0.538078754901438,0.157571790274748,0.000146323786005962,0.00119272034097855,"ENSG00000182154","ENSG00000182154","MRPL41","mitochondrial ribosomal protein L41","64975","Upregulated",2.92346137410629,"MRPL41"
1022.49468536901,0.376316635294023,0.105182271834311,0.00014994306606704,0.00122023543900359,"ENSG00000242616","ENSG00000242616","GNG10","G protein subunit gamma 10","2790","Upregulated",2.91355636605056,"GNG10"
2885.89323947706,0.386186504696727,0.108562109754066,0.000150591329386603,0.00122407345100817,"ENSG00000146535","ENSG00000146535","GNA12","G protein subunit alpha 12","2768","Upregulated",2.9121925213976,"GNA12"
356.730273597016,0.567180539454962,0.168088776688914,0.000151624886676507,0.0012310306411539,"ENSG00000108639","ENSG00000108639","SYNGR2","synaptogyrin 2","9144","Upregulated",2.90973113706182,"SYNGR2"
3349.97389870892,0.336580575831925,0.0938968448017613,0.000152219062974683,0.00123513114389117,"ENSG00000014216","ENSG00000014216","CAPN1","calpain 1","823","Upregulated",2.90828692738855,"CAPN1"
4445.341628134,0.316084390688452,0.0868656193136254,0.000153144760101437,0.0012419152897869,"ENSG00000265808","ENSG00000265808","SEC22B","SEC22 homolog B, vesicle trafficking protein","9554","Upregulated",2.90590802608598,"SEC22B"
946.518187977465,0.576113122558081,0.172267558668008,0.000153270457887047,0.00124220776365882,"ENSG00000175066","ENSG00000175066","GK5","glycerol kinase 5","256356","Upregulated",2.90580576079031,"GK5"
851.121121506132,0.497606097440874,0.144905957635803,0.00015437279061648,0.00125041058162115,"ENSG00000152484","ENSG00000152484","USP12","ubiquitin specific peptidase 12","219333","Upregulated",2.90294735974876,"USP12"
2257.87641831307,0.37798673235427,0.106304885050112,0.000158675307768587,0.00128301113790248,"ENSG00000133858","ENSG00000133858","ZFC3H1","zinc finger C3H1-type containing","196441","Upregulated",2.89176957347029,"ZFC3H1"
601.390350958552,0.457883211203941,0.131731174729843,0.000159009461301206,0.00128421452457658,"ENSG00000102900","ENSG00000102900","NUP93","nucleoporin 93","9688","Upregulated",2.89136242248385,"NUP93"
1672.5662631028,0.407529415935856,0.115947542964096,0.000160841053116801,0.001298250527167,"ENSG00000197217","ENSG00000197217","ENTPD4","ectonucleoside triphosphate diphosphohydrolase 4","9583","Upregulated",2.88664149238346,"ENTPD4"
2228.46297841511,0.350618955566413,0.0978625077276783,0.000161187532172962,0.00130028987682484,"ENSG00000163812","ENSG00000163812","ZDHHC3","zDHHC palmitoyltransferase 3","51304","Upregulated",2.88595981856107,"ZDHHC3"
876.02533996229,0.426295829389878,0.12213440605444,0.000163913962013368,0.00132074627880422,"ENSG00000071205","ENSG00000071205","ARHGAP10","Rho GTPase activating protein 10","79658","Upregulated",2.87918060426175,"ARHGAP10"
9154.67914166161,0.301844849203229,0.0832734092327985,0.000164154372703445,0.00132191484677342,"ENSG00000140092","ENSG00000140092","FBLN5","fibulin 5","10516","Upregulated",2.87879651971234,"FBLN5"
7100.67962910492,0.411467311151465,0.11923014815831,0.000165007569413806,0.00132647326247444,"ENSG00000100644","ENSG00000100644","HIF1A","hypoxia inducible factor 1 subunit alpha","3091","Upregulated",2.87730149960313,"HIF1A"
105.396204914185,0.775150541284812,0.243083822891692,0.000166005394102794,0.00133294829482655,"ENSG00000176894","ENSG00000176894","PXMP2","peroxisomal membrane protein 2","5827","Upregulated",2.87518669657791,"PXMP2"
1048.86646041985,0.675043701396015,0.210563798411676,0.000167900846815344,0.0013466075439895,"ENSG00000130176","ENSG00000130176","CNN1","calponin 1","1264","Upregulated",2.87075895684874,"CNN1"
2599.99210601295,0.323077556845433,0.0897515716535651,0.000168407696571037,0.00134989142092424,"ENSG00000110237","ENSG00000110237","ARHGEF17","Rho guanine nucleotide exchange factor 17","9828","Upregulated",2.86970116275676,"ARHGEF17"
1190.39908645811,0.354673740190064,0.0994351474546691,0.00016991554493395,0.00135961867046167,"ENSG00000148411","ENSG00000148411","NACC2","NACC family member 2","138151","Upregulated",2.86658288025932,"NACC2"
970.782744180258,0.434160142379607,0.125049036323452,0.000171555916215413,0.00137195236170191,"ENSG00000103978","ENSG00000103978","TMEM87A","transmembrane protein 87A","25963","Upregulated",2.86266096837356,"TMEM87A"
644.209663129431,0.402202443235708,0.114518290807755,0.000172488161870739,0.00137861213112259,"ENSG00000215440","ENSG00000215440","NPEPL1","aminopeptidase like 1","79716","Upregulated",2.8605579042428,"NPEPL1"
709.814240789001,0.40154569563113,0.114221743485921,0.000173930505646579,0.00138853852405296,"ENSG00000114021","ENSG00000114021","NIT2","nitrilase family member 2","56954","Upregulated",2.8574420665428,"NIT2"
471.060863729539,0.639421603165413,0.196725256212984,0.000175164889076967,0.00139758790887605,"ENSG00000106086","ENSG00000106086","PLEKHA8","pleckstrin homology domain containing A8","84725","Upregulated",2.85462086527407,"PLEKHA8"
1493.5878461922,0.572140524341846,0.173491254351978,0.000175753709867736,0.00140147909381873,"ENSG00000095303","ENSG00000095303","PTGS1","prostaglandin-endoperoxide synthase 1","5742","Upregulated",2.85341337632459,"PTGS1"
937.160720754156,0.493365351246018,0.145222754096916,0.000177301519944066,0.00141300849045705,"ENSG00000100485","ENSG00000100485","SOS2","SOS Ras/Rho guanine nucleotide exchange factor 2","6655","Upregulated",2.84985522856364,"SOS2"
733.754357684035,0.419126750874283,0.120272412502554,0.000177670279420751,0.00141513356465068,"ENSG00000112679","ENSG00000112679","DUSP22","dual specificity phosphatase 22","56940","Upregulated",2.84920256815858,"DUSP22"
646.122296003051,0.434250044354368,0.125633708484568,0.000177881597632065,0.00141600290728477,"ENSG00000141337","ENSG00000141337","ARSG","arylsulfatase G","22901","Upregulated",2.84893585496797,"ARSG"
1257.07637974727,0.42872340032629,0.123676950706244,0.00017966574254408,0.00142692694895038,"ENSG00000196937","ENSG00000196937","FAM3C","FAM3 metabolism regulating signaling molecule C","10447","Upregulated",2.84559825987752,"FAM3C"
624.743859263347,0.445620109699272,0.129092178892042,0.000181486096691544,0.00143973429539102,"ENSG00000173418","ENSG00000173418","NAA20","N-alpha-acetyltransferase 20, NatB catalytic subunit","51126","Upregulated",2.84171765005259,"NAA20"
73.2270369879806,0.89548513940195,0.290379434671959,0.000183768923504948,0.00145451371265282,"ENSG00000058085","ENSG00000058085","LAMC2","laminin subunit gamma 2","3918","Upregulated",2.83728218001928,"LAMC2"
31.8769089921994,1.33637715755253,0.45533314034107,0.000186025155629484,0.00146985326788427,"ENSG00000189420","ENSG00000189420","ZFP92","ZFP92 zinc finger protein","139735","Upregulated",2.83272601772042,"ZFP92"
5357.97986351651,0.583013379507677,0.178259599034989,0.000186789515295798,0.00147421178387498,"ENSG00000107372","ENSG00000107372","ZFAND5","zinc finger AN1-type containing 5","7763","Upregulated",2.83144012165925,"ZFAND5"
2068.56394274022,0.376507599265883,0.10713820962326,0.00018677534604988,0.00147421178387498,"ENSG00000147251","ENSG00000147251","DOCK11","dedicator of cytokinesis 11","139818","Upregulated",2.83144012165925,"DOCK11"
1208.07362039008,0.610064075120196,0.188207659711365,0.000189026734696841,0.00149101964494225,"ENSG00000143322","ENSG00000143322","ABL2","ABL proto-oncogene 2, non-receptor tyrosine kinase","27","Upregulated",2.8265166344586,"ABL2"
438.710224670545,0.435701345664028,0.126128166612741,0.00018928327403023,0.00149219391057165,"ENSG00000184083","ENSG00000184083","FAM120C","family with sequence similarity 120 member C","54954","Upregulated",2.82617473663601,"FAM120C"
1390.74185223465,0.412431966698222,0.119612247474302,0.000189952803473506,0.0014966207523248,"ENSG00000118579","ENSG00000118579","MED28","mediator complex subunit 28","80306","Upregulated",2.82488823709129,"MED28"
2231.22553940052,0.465727495825049,0.137808564316819,0.000193601667218217,0.00152018442265001,"ENSG00000116117","ENSG00000116117","PARD3B","par-3 family cell polarity regulator beta","117583","Upregulated",2.81810372200213,"PARD3B"
1724.36333684344,0.330836365661413,0.0930322334022613,0.000195203601167241,0.0015318950784693,"ENSG00000160213","ENSG00000160213","CSTB","cystatin B","1476","Upregulated",2.8147709790913,"CSTB"
1530.60694360895,0.35301606016562,0.100214955429805,0.000196535498676678,0.00154060264488692,"ENSG00000099949","ENSG00000099949","LZTR1","leucine zipper like post translational regulator 1","8216","Upregulated",2.81230936088296,"LZTR1"
351.776529211814,0.488534641558739,0.144613820338111,0.000199903832817489,0.00156346908522437,"ENSG00000148339","ENSG00000148339","SLC25A25","solute carrier family 25 member 25","114789","Upregulated",2.80591070172466,"SLC25A25"
7571.01001220001,0.3468137942661,0.0985348528411202,0.000200596045542995,0.00156644767602513,"ENSG00000115415","ENSG00000115415","STAT1","signal transducer and activator of transcription 1","6772","Upregulated",2.80508410725727,"STAT1"
1000.00535619976,0.422728077765663,0.122752463669722,0.000200901041062245,0.00156772946400994,"ENSG00000134697","ENSG00000134697","GNL2","G protein nucleolar 2","29889","Upregulated",2.80472887942238,"GNL2"
67.513935672854,0.917130096203606,0.301007259215625,0.000202174332624455,0.00157589093129489,"ENSG00000175946","ENSG00000175946","KLHL38","kelch like family member 38","340359","Upregulated",2.80247384368398,"KLHL38"
553.716285335825,0.48911538302687,0.145305538131925,0.000204653335698395,0.00159252699575747,"ENSG00000078070","ENSG00000078070","MCCC1","methylcrotonyl-CoA carboxylase subunit 1","56922","Upregulated",2.79791319697746,"MCCC1"
1690.49036459961,0.308712477248104,0.0865823349570456,0.000206954025597713,0.0016068211993046,"ENSG00000106397","ENSG00000106397","PLOD3","procollagen-lysine,2-oxoglutarate 5-dioxygenase 3","8985","Upregulated",2.79403244711695,"PLOD3"
621.059300526497,0.595509669368056,0.183272094555567,0.000207353387467949,0.00160812008781102,"ENSG00000106688","ENSG00000106688","SLC1A1","solute carrier family 1 member 1","6505","Upregulated",2.79368152304632,"SLC1A1"
1429.49670463049,0.425081638829414,0.12402563884446,0.000210012611552695,0.00162783265296913,"ENSG00000005812","ENSG00000005812","FBXL3","F-box and leucine rich repeat protein 3","26224","Upregulated",2.78839024418129,"FBXL3"
378.880553188938,0.588218114057087,0.180548950793379,0.000210569193686021,0.00163032315938244,"ENSG00000120832","ENSG00000120832","MTERF2","mitochondrial transcription termination factor 2","80298","Upregulated",2.78772630208312,"MTERF2"
1327.80642693167,0.380320652787064,0.109417602586691,0.000211618181932216,0.0016366910931415,"ENSG00000021762","ENSG00000021762","OSBPL5","oxysterol binding protein like 5","114879","Upregulated",2.78603328100561,"OSBPL5"
1178.43690836409,0.420454403483004,0.122561745493913,0.000212246488997732,0.00164056000614589,"ENSG00000272772","ENSG00000272772",NA,NA,NA,"Upregulated",2.78500787996161,"ENSG00000272772"
72.2641483604673,0.906105137240647,0.30046264946498,0.000216688650960322,0.00167302953407193,"ENSG00000165644","ENSG00000165644","COMTD1","catechol-O-methyltransferase domain containing 1","118881","Upregulated",2.77649639234827,"COMTD1"
728.340509708746,0.510194843140326,0.153344624506502,0.000220355665550477,0.0017003948601693,"ENSG00000172292","ENSG00000172292","CERS6","ceramide synthase 6","253782","Upregulated",2.76945021645691,"CERS6"
906.800327940923,0.58356441264829,0.181398837784478,0.000222319100511702,0.0017145912153543,"ENSG00000105976","ENSG00000105976","MET","MET proto-oncogene, receptor tyrosine kinase","4233","Upregulated",2.76583940569556,"MET"
1032.87384836921,0.488729342162487,0.14706870704031,0.000229772343210676,0.00176715588488166,"ENSG00000188906","ENSG00000188906","LRRK2","leucine rich repeat kinase 2","120892","Upregulated",2.75272513868914,"LRRK2"
789.533514908666,0.376361572226677,0.109133516385427,0.000233966864306099,0.0017944365093626,"ENSG00000065882","ENSG00000065882","TBC1D1","TBC1 domain family member 1","23216","Upregulated",2.74607190323839,"TBC1D1"
5138.25164611472,0.416720131598079,0.122955490357415,0.000236549350616112,0.00181223739645589,"ENSG00000039560","ENSG00000039560","RAI14","retinoic acid induced 14","26064","Upregulated",2.74178491194747,"RAI14"
991.052016406854,0.352958156994099,0.101589349676992,0.00024014151427322,0.00183579877833819,"ENSG00000074319","ENSG00000074319","TSG101","tumor susceptibility 101","7251","Upregulated",2.73617492348693,"TSG101"
28.4537935459414,1.56664812520121,0.587834357357693,0.000242756074566613,0.00185159958030748,"ENSG00000108387","ENSG00000108387","SEPTIN4","septin 4","5414","Upregulated",2.73245292632851,"SEPTIN4"
2223.70398844716,0.3038067302288,0.0865658776252138,0.00024274237868713,0.00185159958030748,"ENSG00000131100","ENSG00000131100","ATP6V1E1","ATPase H+ transporting V1 subunit E1","529","Upregulated",2.73245292632851,"ATP6V1E1"
1237.23813351356,0.445153606137978,0.132444144368739,0.000245035817414626,0.00186796006245836,"ENSG00000138802","ENSG00000138802","SEC24B","SEC24 homolog B, COPII component","10427","Upregulated",2.72863241335184,"SEC24B"
2987.06654043794,0.447067598778475,0.133220758107686,0.000246977904848426,0.00188172995233333,"ENSG00000164754","ENSG00000164754","RAD21","RAD21 cohesin complex component","5885","Upregulated",2.72544270217685,"RAD21"
10785.4509003026,0.248043383184066,0.0700544161359086,0.000248685583547923,0.00189369972658827,"ENSG00000139644","ENSG00000139644","TMBIM6","transmembrane BAX inhibitor motif containing 6","7009","Upregulated",2.72268888352926,"TMBIM6"
974.27356858886,0.460674940204722,0.138358174116175,0.000249203076520423,0.00189473576564601,"ENSG00000145681","ENSG00000145681","HAPLN1","hyaluronan and proteoglycan link protein 1","1404","Upregulated",2.72245134692189,"HAPLN1"
679.783087265058,0.4097995216078,0.120672574521816,0.000253860204314083,0.00192780743648706,"ENSG00000107679","ENSG00000107679","PLEKHA1","pleckstrin homology domain containing A1","59338","Upregulated",2.71493634877743,"PLEKHA1"
3424.09504354315,0.543169587240566,0.168038438073645,0.000255886909538249,0.00194107097935993,"ENSG00000196923","ENSG00000196923","PDLIM7","PDZ and LIM domain 7","9260","Upregulated",2.7119585834263,"PDLIM7"
2110.56970829526,0.406100369487096,0.119751312969104,0.000258344322921309,0.00195864002809979,"ENSG00000048471","ENSG00000048471","SNX29","sorting nexin 29","92017","Upregulated",2.70804537420182,"SNX29"
461.974385501221,0.437883535702245,0.130372453978081,0.000260255800584967,0.0019720531111575,"ENSG00000150768","ENSG00000150768","DLAT","dihydrolipoamide S-acetyltransferase","1737","Upregulated",2.70508139285727,"DLAT"
1381.48284103461,0.355187741221558,0.103216287890079,0.00026707335811595,0.0020215017313648,"ENSG00000034713","ENSG00000034713","GABARAPL2","GABA type A receptor associated protein like 2","11345","Upregulated",2.69432588236797,"GABARAPL2"
637.133029037773,0.389824841502478,0.115112755139786,0.000267519570860303,0.00202377387148086,"ENSG00000134444","ENSG00000134444","RELCH","RAB11 binding and LisH domain, coiled-coil and HEAT repeat containing","57614","Upregulated",2.69383801547574,"RELCH"
1690.06033018112,0.322056689637344,0.0928392897039365,0.000268825538658115,0.00203032868679172,"ENSG00000131467","ENSG00000131467","PSME3","proteasome activator subunit 3","10197","Upregulated",2.69243364912878,"PSME3"
1489.74780284309,0.357503167800443,0.104217184072241,0.00027718529358262,0.00208891298736353,"ENSG00000148110","ENSG00000148110","SLC71A2","solute carrier family 71 member 2","84641","Upregulated",2.6800796499646,"SLC71A2"
830.244905390848,0.490817786319873,0.149896663838332,0.000279203405851083,0.00210297826178813,"ENSG00000130150","ENSG00000130150","MOSPD2","motile sperm domain containing 2","158747","Upregulated",2.67716521653586,"MOSPD2"
999.771102861913,0.439533172669751,0.132602102244612,0.000280805517804488,0.00211389661664986,"ENSG00000135823","ENSG00000135823","STX6","syntaxin 6","10228","Upregulated",2.67491625634571,"STX6"
629.83420942142,0.592100364557,0.188275968011091,0.000284828665261296,0.0021418559261293,"ENSG00000151276","ENSG00000151276","MAGI1","membrane associated guanylate kinase, WW and PDZ domain containing 1","9223","Upregulated",2.66920974573171,"MAGI1"
802.685874479211,0.536261242001633,0.167428147754086,0.000290745358881276,0.00218397828115751,"ENSG00000180694","ENSG00000180694","TMEM64","transmembrane protein 64","169200","Upregulated",2.66075168484109,"TMEM64"
1801.18701886026,0.372108054494702,0.109511702536131,0.000290913101967143,0.00218405453963306,"ENSG00000186815","ENSG00000186815","TPCN1","two pore segment channel 1","53373","Upregulated",2.6607365207448,"TPCN1"
1161.79855279736,0.466108104603051,0.141561121181219,0.000291327917029455,0.00218598462485719,"ENSG00000121879","ENSG00000121879","PIK3CA","phosphatidylinositol-4,5-bisphosphate 3-kinase catalytic subunit alpha","5290","Upregulated",2.66035289698978,"PIK3CA"
1093.78818638454,0.410704641366423,0.122449760145178,0.000292808931532048,0.00219552974704157,"ENSG00000006534","ENSG00000006534","ALDH3B1","aldehyde dehydrogenase 3 family member B1","221","Upregulated",2.65846067430157,"ALDH3B1"
3494.17302115215,0.2704721076276,0.0774170081554821,0.000292916841206426,0.00219552974704157,"ENSG00000011304","ENSG00000011304","PTBP1","polypyrimidine tract binding protein 1","5725","Upregulated",2.65846067430157,"PTBP1"
435.244884663828,0.486442894870009,0.148862809072384,0.000293819047667242,0.00220110171979476,"ENSG00000099785","ENSG00000099785","MARCHF2","membrane associated ring-CH-type finger 2","51257","Upregulated",2.65735988687655,"MARCHF2"
682.891635699058,0.540180800732283,0.169283999807187,0.000297037230465375,0.00222160765084708,"ENSG00000101333","ENSG00000101333","PLCB4","phospholipase C beta 4","5332","Upregulated",2.65333263761729,"PLCB4"
1636.35445205738,0.423297940418355,0.126804092056217,0.000297612082352987,0.00222470649909927,"ENSG00000168092","ENSG00000168092","PAFAH1B2","platelet activating factor acetylhydrolase 1b catalytic subunit 2","5049","Upregulated",2.65272727647154,"PAFAH1B2"
5281.96565430672,0.299139713165511,0.0868314980271623,0.00029912865598954,0.0022348377592232,"ENSG00000204592","ENSG00000204592","HLA-E","major histocompatibility complex, class I, E","3133","Upregulated",2.65075399952606,"HLA-E"
564.84088337379,0.422824893529876,0.126631499770747,0.000299504371665286,0.00223523483409219,"ENSG00000148841","ENSG00000148841","ITPRIP","inositol 1,4,5-trisphosphate receptor interacting protein","85450","Upregulated",2.65067684309454,"ITPRIP"
1354.9850163375,0.361896011780423,0.106403594585485,0.000299370822407167,0.00223523483409219,"ENSG00000166579","ENSG00000166579","NDEL1","nudE neurodevelopment protein 1 like 1","81565","Upregulated",2.65067684309454,"NDEL1"
2094.63905181173,0.417433644789473,0.125840834868077,0.000302596084786989,0.00225587904199186,"ENSG00000124831","ENSG00000124831","LRRFIP1","LRR binding FLII interacting protein 1","9208","Upregulated",2.64668419050598,"LRRFIP1"
867.935011700509,0.418280618343786,0.125526901639832,0.000304384155390485,0.00226677055860114,"ENSG00000166398","ENSG00000166398","GARRE1","granule associated Rac and RHOG effector 1","9710","Upregulated",2.64459243672231,"GARRE1"
2149.03722478396,0.391900546294319,0.116466718018865,0.000308126555654225,0.00229055522342319,"ENSG00000102580","ENSG00000102580","DNAJC3","DnaJ heat shock protein family (Hsp40) member C3","5611","Upregulated",2.640059233275,"DNAJC3"
124.478569625999,0.708184847419074,0.232756979693472,0.000308239085914153,0.00229055522342319,"ENSG00000166446","ENSG00000166446","CDYL2","chromodomain Y like 2","124359","Upregulated",2.640059233275,"CDYL2"
133.137511886675,0.792096269259374,0.267789042376055,0.000310927280831359,0.00230805633906899,"ENSG00000146233","ENSG00000146233","CYP39A1","cytochrome P450 family 39 subfamily A member 1","51302","Upregulated",2.63675359436893,"CYP39A1"
1790.81970191999,0.341830415298178,0.0978533527095102,0.000312018539995257,0.00231491699453654,"ENSG00000129473","ENSG00000129473","BCL2L2","BCL2 like 2","599","Upregulated",2.63546457676743,"BCL2L2"
2734.47943108646,0.306050146288323,0.0875176412354076,0.000312747909616982,0.00231908682684952,"ENSG00000143164","ENSG00000143164","DCAF6","DDB1 and CUL4 associated factor 6","55827","Upregulated",2.63468299102751,"DCAF6"
1478.9722628218,0.423629784480055,0.127624404161528,0.00031333396110774,0.00232219003582469,"ENSG00000168724","ENSG00000168724","DNAJC21","DnaJ heat shock protein family (Hsp40) member C21","134218","Upregulated",2.63410224276585,"DNAJC21"
8404.02467006824,0.28906810274939,0.0840602393601938,0.000314039029126755,0.00232617151505489,"ENSG00000310517","ENSG00000310517","CAST","calpastatin","831","Upregulated",2.63335826669453,"CAST"
271.059730623692,0.528029561245501,0.164762781084834,0.000318956868992369,0.00236007648017365,"ENSG00000184785","ENSG00000184785","SMIM10","small integral membrane protein 10","644538","Upregulated",2.6270739231404,"SMIM10"
774.920030208195,0.498783288156852,0.155024851824409,0.00032080180104486,0.00237119581902971,"ENSG00000155508","ENSG00000155508","CNOT8","CCR4-NOT transcription complex subunit 8","9337","Upregulated",2.62503257946237,"CNOT8"
1915.71081828008,0.315649798435781,0.0919502333887279,0.000321532924659622,0.00237533305056381,"ENSG00000105402","ENSG00000105402","NAPA","NSF attachment protein alpha","8775","Upregulated",2.62427548840488,"NAPA"
96463.5979743831,0.314323959052719,0.0923505932751168,0.000323203784941266,0.00238259641250053,"ENSG00000124942","ENSG00000124942","AHNAK","AHNAK nucleoprotein","79026","Upregulated",2.62294951647357,"AHNAK"
696.512197671264,0.497281300913835,0.154455680043697,0.00032303842925188,0.00238259641250053,"ENSG00000139624","ENSG00000139624","CERS5","ceramide synthase 5","91012","Upregulated",2.62294951647357,"CERS5"
73.1643099462593,1.27218306011369,0.492077027858166,0.00032298165727497,0.00238259641250053,"ENSG00000184985","ENSG00000184985","SORCS2","sortilin related VPS10 domain containing receptor 2","57537","Upregulated",2.62294951647357,"SORCS2"
359.258439989292,0.459456702024057,0.140251648659946,0.000324075923436437,0.0023864868347001,"ENSG00000166189","ENSG00000166189","HPS6","HPS6 biogenesis of lysosomal organelles complex 2 subunit 3","79803","Upregulated",2.62224095712127,"HPS6"
619.145951300016,0.397585555007774,0.119076652550987,0.000325313004547021,0.00239305357219595,"ENSG00000154721","ENSG00000154721","JAM2","junctional adhesion molecule 2","58494","Upregulated",2.62104757892578,"JAM2"
1662.97135985674,0.326356044088575,0.0955534856202042,0.00032521441334839,0.00239305357219595,"ENSG00000156052","ENSG00000156052","GNAQ","G protein subunit alpha q","2776","Upregulated",2.62104757892578,"GNAQ"
139.909067309414,0.668828944823877,0.219888870356001,0.000327058933681639,0.00240334557894689,"ENSG00000126106","ENSG00000126106","TMEM53","transmembrane protein 53","79639","Upregulated",2.6191837771616,"TMEM53"
2959.32096710865,0.345228298238016,0.102189041881824,0.000336509608880669,0.00246755908437946,"ENSG00000184371","ENSG00000184371","CSF1","colony stimulating factor 1","1435","Upregulated",2.60773243958527,"CSF1"
542.839222361844,0.504099051179567,0.157439237370628,0.000344661589473748,0.0025233306753918,"ENSG00000166289","ENSG00000166289","PLEKHF1","pleckstrin homology and FYVE domain containing 1","79156","Upregulated",2.59802583268192,"PLEKHF1"
412.525285665507,0.591980067334913,0.191172554283511,0.000349949803279322,0.00255664434562368,"ENSG00000188112","ENSG00000188112","C6orf132","chromosome 6 open reading frame 132","647024","Upregulated",2.59232968240619,"C6orf132"
415.170525581641,0.458840077789002,0.141457528436973,0.000352418886702115,0.00257194159347757,"ENSG00000149177","ENSG00000149177","PTPRJ","protein tyrosine phosphatase receptor type J","5795","Upregulated",2.58973889808001,"PTPRJ"
136.747997115923,0.705732423295919,0.235631980675994,0.000359212598531062,0.0026119241359087,"ENSG00000168952","ENSG00000168952","STXBP6","syntaxin binding protein 6","29091","Upregulated",2.5830394414225,"STXBP6"
15800.1140573227,0.325063033447225,0.0966629298383256,0.000359120960641804,0.0026119241359087,"ENSG00000204262","ENSG00000204262","COL5A2","collagen type V alpha 2 chain","1290","Upregulated",2.5830394414225,"COL5A2"
935.315344151601,0.454022113402986,0.13994804102269,0.000359440841832532,0.00261221322860884,"ENSG00000119900","ENSG00000119900","OGFRL1","opioid growth factor receptor like 1","79627","Upregulated",2.58299137554835,"OGFRL1"
3993.25627499793,0.311408748415551,0.0940865189526375,0.000362493509852075,0.00262993281644949,"ENSG00000198668","ENSG00000198668","CALM1","calmodulin 1","801","Upregulated",2.5800553457376,"CALM1"
737.447878282435,0.42208525963666,0.129430515261253,0.000368801791965875,0.00267183692360432,"ENSG00000107249","ENSG00000107249","GLIS3","GLIS family zinc finger 3","169792","Upregulated",2.57319005268605,"GLIS3"
4682.02716641996,0.381799057423938,0.115540051791361,0.000371881047397355,0.00269133129810963,"ENSG00000060138","ENSG00000060138","YBX3","Y-box binding protein 3","8531","Upregulated",2.57003283806502,"YBX3"
52.6947662271878,1.52156537916181,0.656261820073612,0.000375392031987069,0.00271532263638246,"ENSG00000188916","ENSG00000188916","INSYN2A","inhibitory synaptic factor 2A","642938","Upregulated",2.5661785598594,"INSYN2A"
2506.02416738681,0.366635587942904,0.109861841824629,0.000376464454079489,0.00272165929529872,"ENSG00000101558","ENSG00000101558","VAPA","VAMP associated protein A","9218","Upregulated",2.56516624189269,"VAPA"
3505.97537369063,0.339786391982206,0.101622393393409,0.000380720366126928,0.00274647457303777,"ENSG00000113732","ENSG00000113732","ATP6V0E1","ATPase H+ transporting V0 subunit e1","8992","Upregulated",2.56122441733824,"ATP6V0E1"
94.7902259805409,0.965316615957118,0.347585287024906,0.00038246717967111,0.00275642883154546,"ENSG00000229644","ENSG00000229644","NAMPTP1","nicotinamide phosphoribosyltransferase pseudogene 1","646309","Upregulated",2.55965321612362,"NAMPTP1"
626.465692567248,0.4114760193401,0.125768645075421,0.000383226633121085,0.00276046668837064,"ENSG00000147874","ENSG00000147874","HAUS6","HAUS augmin like complex subunit 6","54801","Upregulated",2.55901748929331,"HAUS6"
829.45303949469,0.526731756597858,0.168414092293596,0.00038575326022731,0.00277578111811541,"ENSG00000078804","ENSG00000078804","TP53INP2","tumor protein p53 inducible nuclear protein 2","58476","Upregulated",2.556614782793,"TP53INP2"
962.790076356002,0.375785161362381,0.113179872915659,0.000387196536855424,0.00278472070798096,"ENSG00000197586","ENSG00000197586","ENTPD6","ectonucleoside triphosphate diphosphohydrolase 6","955","Upregulated",2.55521835563033,"ENTPD6"
219.433080493622,0.54697299224118,0.175451319708938,0.000388970912522389,0.00279603105635259,"ENSG00000250251","ENSG00000250251","PKD1P6","polycystin 1, transient receptor potential channel interacting pseudogene 6","353511","Upregulated",2.55345800906096,"PKD1P6"
6047.23240543562,0.379325119290211,0.114027243001499,0.000399005312613791,0.00286370514112611,"ENSG00000049239","ENSG00000049239","H6PD","hexose-6-phosphate dehydrogenase/glucose 1-dehydrogenase","9563","Upregulated",2.54307170081048,"H6PD"
619.58353948128,0.395474267776202,0.120521866850709,0.000403264816915709,0.00288978650343062,"ENSG00000162976","ENSG00000162976","SLC66A3","solute carrier family 66 member 3","130814","Upregulated",2.53913424160573,"SLC66A3"
136.195891821608,1.01412847214749,0.381825476596046,0.000410155887894457,0.00293310136755897,"ENSG00000138379","ENSG00000138379","MSTN","myostatin","2660","Upregulated",2.53267292760561,"MSTN"
13221.7784881279,0.322650024008548,0.0963025649168232,0.000411940711824687,0.00294131186253392,"ENSG00000183087","ENSG00000183087","GAS6","growth arrest specific 6","2621","Upregulated",2.53145892551092,"GAS6"
379.431962399518,0.557706109724288,0.181065972788265,0.000412953425109713,0.00294550772959111,"ENSG00000141452","ENSG00000141452","RMC1","regulator of MON1-CCZ1","29919","Upregulated",2.53083983325243,"RMC1"
2351.59362579741,0.36404335774336,0.110112531126643,0.000414599653053632,0.00295420904456056,"ENSG00000089006","ENSG00000089006","SNX5","sorting nexin 5","27131","Upregulated",2.52955877656404,"SNX5"
651.914025775801,0.460601072419403,0.144390201772448,0.000422710644778634,0.00300736490040405,"ENSG00000134698","ENSG00000134698","AGO4","argonaute RISC component 4","192670","Upregulated",2.52181387332374,"AGO4"
4507.86596402019,0.464984702543415,0.148447201970005,0.00042322495325266,0.00300947902879867,"ENSG00000134324","ENSG00000134324","LPIN1","lipin 1","23175","Upregulated",2.52150867865876,"LPIN1"
1231.25490840243,0.472326255328876,0.14975481526077,0.00043194724252799,0.00306364218740809,"ENSG00000213949","ENSG00000213949","ITGA1","integrin subunit alpha 1","3672","Upregulated",2.51376195872235,"ITGA1"
1107.63134372633,0.3798017360406,0.116475600065386,0.000436309422171757,0.00308789438123573,"ENSG00000136868","ENSG00000136868","SLC31A1","solute carrier family 31 member 1","1317","Upregulated",2.51033756275047,"SLC31A1"
3279.31897787741,0.352324281841386,0.106602132121199,0.000436221315194227,0.00308789438123573,"ENSG00000152223","ENSG00000152223","EPG5","ectopic P-granules 5 autophagy tethering factor","57724","Upregulated",2.51033756275047,"EPG5"
112.176357331626,0.760451139599484,0.264825039416893,0.000438452720097623,0.00310026339175151,"ENSG00000197905","ENSG00000197905","TEAD4","TEA domain transcription factor 4","7004","Upregulated",2.50860140786735,"TEAD4"
781.046991055128,0.332181101586064,0.100023529355601,0.000440232339982925,0.00311125956135816,"ENSG00000070610","ENSG00000070610","GBA2","glucosylceramidase beta 2","57704","Upregulated",2.50706375573049,"GBA2"
2972.46021847998,0.270964074694838,0.0801569760904388,0.000448931254754172,0.00316789117089515,"ENSG00000121068","ENSG00000121068","TBX2","T-box transcription factor 2","6909","Upregulated",2.49922974649275,"TBX2"
432.352850840268,0.506869714919083,0.162707581291688,0.000449356521191991,0.00316927838534341,"ENSG00000172840","ENSG00000172840","PDP2","pyruvate dehydrogenase phosphatase catalytic subunit 2","57546","Upregulated",2.4990396112646,"PDP2"
1627.8291524376,1.53301480801868,0.688020944872924,0.000458584208944884,0.00323107196327766,"ENSG00000154856","ENSG00000154856","APCDD1","APC down-regulated 1","147495","Upregulated",2.49065336915464,"APCDD1"
716.049089806208,0.40846744586351,0.127285921724023,0.000461477687423303,0.00324980653963392,"ENSG00000132376","ENSG00000132376","INPP5K","inositol polyphosphate-5-phosphatase K","51763","Upregulated",2.48814249171965,"INPP5K"
573.074343725062,0.460465407028076,0.145618771867191,0.000461954342560647,0.00325151103786085,"ENSG00000162869","ENSG00000162869","PPP1R21","protein phosphatase 1 regulatory subunit 21","129285","Upregulated",2.48791476735994,"PPP1R21"
3682.63920666765,0.29654286724456,0.0884787107922851,0.0004643287175319,0.00326656431282975,"ENSG00000101150","ENSG00000101150","TPD52L2","TPD52 like 2","7165","Upregulated",2.48590878690563,"TPD52L2"
2155.32288603983,0.424984589235528,0.133331281951721,0.000464787253873419,0.00326813117779387,"ENSG00000146278","ENSG00000146278","PNRC1","proline rich nuclear receptor coactivator 1","10957","Upregulated",2.48570051987259,"PNRC1"
2401.54159963484,0.323906121750042,0.0978993323438291,0.000465521976487389,0.00327163746051659,"ENSG00000100014","ENSG00000100014","SPECC1L","sperm antigen with calponin homology and coiled-coil domains 1 like","23384","Upregulated",2.48523482774536,"SPECC1L"
644.028506031544,0.385772806976342,0.119034718265522,0.000467837668963239,0.00328458067586703,"ENSG00000117410","ENSG00000117410","ATP6V0B","ATPase H+ transporting V0 subunit b","533","Upregulated",2.48352006652462,"ATP6V0B"
1299.64346848488,0.444626571192407,0.140159610654386,0.000467780255590998,0.00328458067586703,"ENSG00000125257","ENSG00000125257","ABCC4","ATP binding cassette subfamily C member 4 (PEL blood group)","10257","Upregulated",2.48352006652462,"ABCC4"
1643.15041207079,0.369727190383229,0.113401311825578,0.000475171118595604,0.00333100482175846,"ENSG00000124198","ENSG00000124198","ARFGEF2","ARF guanine nucleotide exchange factor 2","10564","Upregulated",2.47742473865029,"ARFGEF2"
543.750967498713,0.369597532491027,0.113247992670434,0.000479417569052262,0.0033590738571766,"ENSG00000142634","ENSG00000142634","EFHD2","EF-hand domain family member D2","79180","Upregulated",2.47378044706289,"EFHD2"
225.466551937346,0.58481602898108,0.194628322888462,0.000495464266386996,0.00346100769549263,"ENSG00000115946","ENSG00000115946","PNO1","partner of NOB1 homolog","56902","Upregulated",2.46079743505829,"PNO1"
586.595125600185,0.389246924648752,0.120383131814906,0.00049845778005611,0.00347666148656146,"ENSG00000183578","ENSG00000183578","TNFAIP8L3","TNF alpha induced protein 8 like 3","388121","Upregulated",2.45883759337639,"TNFAIP8L3"
274.020610149732,0.507755769441203,0.16423718707325,0.000498872834647987,0.00347780614456059,"ENSG00000084444","ENSG00000084444","FAM234B","family with sequence similarity 234 member B","57613","Upregulated",2.45869462954837,"FAM234B"
209.50729442326,0.562713015148368,0.185856718542849,0.00049954658610866,0.0034807522055706,"ENSG00000170542","ENSG00000170542","SERPINB9","serpin family B member 9","5272","Upregulated",2.45832689299949,"SERPINB9"
8694.48393871805,0.405671421635131,0.127299150023052,0.000500378563397242,0.00348466753333926,"ENSG00000119318","ENSG00000119318","RAD23B","RAD23 nucleotide excision repair protein B","5887","Upregulated",2.45783865094442,"RAD23B"
1490.98848433055,0.330327946128838,0.101232745247549,0.000500862813075388,0.00348466753333926,"ENSG00000196743","ENSG00000196743","GM2A","ganglioside GM2 activator","2760","Upregulated",2.45783865094442,"GM2A"
1522.27594041943,0.30921216438605,0.0933014510576339,0.000502341930659637,0.00349145276680637,"ENSG00000088854","ENSG00000088854","DNAAF9","dynein axonemal assembly factor 9","25943","Upregulated",2.45699382882105,"DNAAF9"
5678.05429658936,0.307890720000568,0.0931527442327067,0.000502170466056107,0.00349145276680637,"ENSG00000143761","ENSG00000143761","ARF1","ARF GTPase 1","375","Upregulated",2.45699382882105,"ARF1"
11037.9924094026,0.441273156121539,0.142651792199856,0.000506405463391138,0.00351440827097536,"ENSG00000103994","ENSG00000103994","ZNF106","zinc finger protein 106","64397","Upregulated",2.45414778765227,"ZNF106"
160.891742944314,0.573282811401101,0.189891895328843,0.000507604579669523,0.00352096690172168,"ENSG00000186088","ENSG00000186088","GSAP","gamma-secretase activating protein","54103","Upregulated",2.45333805742547,"GSAP"
198.778288543425,0.684535165925839,0.238075739684518,0.000509041222853283,0.00352740115376183,"ENSG00000144583","ENSG00000144583","MARCHF4","membrane associated ring-CH-type finger 4","57574","Upregulated",2.45254514737582,"MARCHF4"
502.060126878959,0.500616382113608,0.163095488238676,0.000516521167411404,0.00357744470722371,"ENSG00000211455","ENSG00000211455","STK38L","serine/threonine kinase 38 like","23012","Upregulated",2.44642706994644,"STK38L"
1537.89056967835,0.618736256063621,0.214044975846784,0.000516985646850937,0.00357887316668688,"ENSG00000102802","ENSG00000102802","MEDAG","mesenteric estrogen dependent adipogenesis","84935","Upregulated",2.44625369249685,"MEDAG"
36.5627875187115,1.14069555135955,0.437081074504284,0.000519081733816967,0.00358800685734132,"ENSG00000155849","ENSG00000155849","ELMO1","engulfment and cell motility 1","9844","Upregulated",2.44514673561049,"ELMO1"
2111.04548670197,0.403754033337565,0.126312241293634,0.000520979881174507,0.00359933209032776,"ENSG00000076685","ENSG00000076685","NT5C2","5'-nucleotidase, cytosolic II","22978","Upregulated",2.44377808156514,"NT5C2"
1514.02690615001,0.370525268518055,0.11517415990378,0.0005230186941911,0.00361161738056525,"ENSG00000124006","ENSG00000124006","OBSL1","obscurin like cytoskeletal adaptor 1","23363","Upregulated",2.44229826564286,"OBSL1"
1938.22295553767,0.345162036261607,0.106361278396582,0.00052329415840428,0.00361171999069966,"ENSG00000110047","ENSG00000110047","EHD1","EH domain containing 1","10938","Upregulated",2.44228592702073,"EHD1"
31.3941712257825,1.79969864019516,1.05628685188216,0.00052572837246214,0.00362671454153947,"ENSG00000161267","ENSG00000161267","BDH1","3-hydroxybutyrate dehydrogenase 1","622","Upregulated",2.44048662636416,"BDH1"
892.559527553896,0.381210146424559,0.118777156868003,0.000529339318670033,0.00364980776987462,"ENSG00000169359","ENSG00000169359","SLC33A1","solute carrier family 33 member 1","9197","Upregulated",2.43773000860686,"SLC33A1"
579.311810133122,0.379229289392252,0.117998102636717,0.000536980651035733,0.00369330761424527,"ENSG00000126391","ENSG00000126391","FRMD8","FERM domain containing 8","83786","Upregulated",2.43258451861342,"FRMD8"
1140.90709578449,0.336473352766599,0.103166839443062,0.000542166801278327,0.00372527996971558,"ENSG00000110931","ENSG00000110931","CAMKK2","calcium/calmodulin dependent protein kinase kinase 2","10645","Upregulated",2.42884108271878,"CAMKK2"
1708.22901219732,0.301385045081583,0.0914059626232342,0.00054352031091817,0.00373088062853636,"ENSG00000198176","ENSG00000198176","TFDP1","transcription factor Dp-1","7027","Upregulated",2.42818864621441,"TFDP1"
1538.81774601669,0.339901387367684,0.105009056495988,0.000544166784743261,0.00373346904443408,"ENSG00000131408","ENSG00000131408","NR1H2","nuclear receptor subfamily 1 group H member 2","7376","Upregulated",2.42788744521618,"NR1H2"
460.503427814963,0.409131108653568,0.128778739714347,0.000547558314962661,0.00375302210042904,"ENSG00000104886","ENSG00000104886","PLEKHJ1","pleckstrin homology domain containing J1","55111","Upregulated",2.42561887814857,"PLEKHJ1"
1362.80989230901,0.371951001471022,0.115752842025474,0.000553679833865061,0.00378935744075846,"ENSG00000204842","ENSG00000204842","ATXN2","ataxin 2","6311","Upregulated",2.42143442686348,"ATXN2"
390.736907088847,0.482635420488674,0.156745599337158,0.000554511837520207,0.00379317845814045,"ENSG00000158985","ENSG00000158985","CDC42SE2","CDC42 small effector 2","56990","Upregulated",2.42099672450985,"CDC42SE2"
901.526060167077,0.444809713927702,0.142883607676,0.000555290472049161,0.00379663081012794,"ENSG00000125753","ENSG00000125753","VASP","vasodilator stimulated phosphoprotein","7408","Upregulated",2.42060163223067,"VASP"
689.899618633166,0.355691313405728,0.109830294871076,0.000555771842147494,0.00379804830390637,"ENSG00000023902","ENSG00000023902","PLEKHO1","pleckstrin homology domain containing O1","51177","Upregulated",2.42043951616915,"PLEKHO1"
2393.15080922618,0.310209534462735,0.0944022939472171,0.000558423982577772,0.00381429175679909,"ENSG00000137312","ENSG00000137312","FLOT1","flotillin 1","10211","Upregulated",2.4185860906498,"FLOT1"
545.154338023715,0.371934566259989,0.115607610662872,0.000559058318127577,0.0038148642200542,"ENSG00000197265","ENSG00000197265","GTF2E2","general transcription factor IIE subunit 2","2961","Upregulated",2.41852091499104,"GTF2E2"
300.266148092891,0.446351011285662,0.1425362636208,0.000560991193735382,0.00382616976081627,"ENSG00000135776","ENSG00000135776","ABCB10","ATP binding cassette subfamily B member 10","23456","Upregulated",2.41723576495426,"ABCB10"
287.345266365188,0.537090306791289,0.178231782043436,0.00056617513227874,0.00385962673794937,"ENSG00000179241","ENSG00000179241","LDLRAD3","low density lipoprotein receptor class A domain containing 3","143458","Upregulated",2.41345469364099,"LDLRAD3"
420.539203002059,0.395034212005188,0.124830017286381,0.000567632158516332,0.0038676568755545,"ENSG00000161677","ENSG00000161677","JOSD2","Josephin domain containing 2","126119","Upregulated",2.41255206190631,"JOSD2"
38.1129217261042,1.09890343028455,0.421784043553814,0.000570313560419142,0.0038821098398079,"ENSG00000164106","ENSG00000164106","SCRG1","stimulator of chondrogenesis 1","11341","Upregulated",2.41093218091375,"SCRG1"
20.5684476927404,1.65746691072093,0.679017673673963,0.000577813102797991,0.00392544695670459,"ENSG00000165125","ENSG00000165125","TRPV6","transient receptor potential cation channel subfamily V member 6","55503","Upregulated",2.40611088674569,"TRPV6"
545.544811665072,0.385020345596842,0.120772421173145,0.000586547141696552,0.00398087993965354,"ENSG00000059145","ENSG00000059145","UNKL","unk like zinc finger","64718","Upregulated",2.4000209202135,"UNKL"
1398.60275867007,0.357281240688078,0.111330720231439,0.000589129793757405,0.00399645120493582,"ENSG00000093183","ENSG00000093183","SEC22C","SEC22 homolog C, vesicle trafficking protein","9117","Upregulated",2.39832548522294,"SEC22C"
327.067850774981,0.547121310663894,0.183148656349329,0.000589434941354523,0.00399656499619977,"ENSG00000091409","ENSG00000091409","ITGA6","integrin subunit alpha 6","3655","Upregulated",2.39831311969864,"ITGA6"
745.411028878576,0.483551017960496,0.159813811394509,0.000592757262452241,0.00401712611262866,"ENSG00000163637","ENSG00000163637","PRICKLE2","prickle planar cell polarity protein 2","166336","Upregulated",2.39608453392454,"PRICKLE2"
453.190037536179,0.390827350497186,0.123085951232888,0.000603087270958915,0.00407716414059493,"ENSG00000163788","ENSG00000163788","SNRK","SNF related kinase","54861","Upregulated",2.38964180414272,"SNRK"
1613.96576396096,0.332855700667192,0.102783498988262,0.000607639277572525,0.00410593503065706,"ENSG00000159346","ENSG00000159346","ADIPOR1","adiponectin receptor 1","51094","Upregulated",2.38658792687248,"ADIPOR1"
571.926148967448,0.366324017589747,0.114675201061129,0.000614183273705638,0.00414409249770518,"ENSG00000130958","ENSG00000130958","SLC35D2","solute carrier family 35 member D2","11046","Upregulated",2.38257055953825,"SLC35D2"
677.493133301952,0.435053411561532,0.139991639171177,0.000615682998046463,0.0041481529751706,"ENSG00000136111","ENSG00000136111","TBC1D4","TBC1 domain family member 4","9882","Upregulated",2.3821452361192,"TBC1D4"
691.215408203219,0.406084525023241,0.129087059426251,0.000615267405841607,0.0041481529751706,"ENSG00000181381","ENSG00000181381","DDX60L","DExD/H-box 60 like","91351","Upregulated",2.3821452361192,"DDX60L"
1723.88399307357,0.319638818065374,0.0977620958628796,0.000616112780323793,0.00414903159499876,"ENSG00000131504","ENSG00000131504","DIAPH1","diaphanous related formin 1","1729","Upregulated",2.38205325799306,"DIAPH1"
1592.72071759331,0.492336345412735,0.16343455504078,0.000624527917708292,0.00420161767549477,"ENSG00000117143","ENSG00000117143","UAP1","UDP-N-acetylglucosamine pyrophosphorylase 1","6675","Upregulated",2.37658346858336,"UAP1"
828.280550027233,0.480219903313406,0.158977116765275,0.000637180633902126,0.00427636145532667,"ENSG00000074181","ENSG00000074181","NOTCH3","notch receptor 3","4854","Upregulated",2.36892559358968,"NOTCH3"
569.721836205398,0.357472300167664,0.112170961307339,0.000644033945311907,0.00431731954526957,"ENSG00000148343","ENSG00000148343","MIGA2","mitoguardin 2","84895","Upregulated",2.36478580596236,"MIGA2"
4841.0274515427,0.276211760578821,0.0842249018083075,0.000648831949800868,0.00434194205325457,"ENSG00000175220","ENSG00000175220","ARHGAP1","Rho GTPase activating protein 1","392","Upregulated",2.36231597685574,"ARHGAP1"
316.844092264317,0.506354396350889,0.168663861603191,0.000664267628109783,0.00443453037474638,"ENSG00000143153","ENSG00000143153","ATP1B1","ATPase Na+/K+ transporting subunit beta 1","481","Upregulated",2.35315236601387,"ATP1B1"
832.652172642369,0.362003385887181,0.114220904932828,0.000667399041947201,0.00445114693086923,"ENSG00000164134","ENSG00000164134","NAA15","N-alpha-acetyltransferase 15, NatA auxiliary subunit","80155","Upregulated",2.35152806956548,"NAA15"
610.795955037488,0.364225645137274,0.114924159972592,0.000673422156143993,0.00448484270158559,"ENSG00000126767","ENSG00000126767","ELK1","ETS transcription factor ELK1","2002","Upregulated",2.34825278451094,"ELK1"
2380.19242648804,0.383102551101674,0.122166128247131,0.000677757049136163,0.00451154416137276,"ENSG00000012660","ENSG00000012660","ELOVL5","ELOVL fatty acid elongase 5","60481","Upregulated",2.34567478717216,"ELOVL5"
379.033611431579,0.449635955508225,0.146922420528954,0.00068240785000622,0.00453814318293484,"ENSG00000123179","ENSG00000123179","EBPL","EBP like","84650","Upregulated",2.3431218058117,"EBPL"
1787.56682617372,0.346570328799381,0.108837809347427,0.000683217010367781,0.00454134510632474,"ENSG00000173744","ENSG00000173744","AGFG1","ArfGAP with FG repeats 1","3267","Upregulated",2.34281549389784,"AGFG1"
3115.95963090831,0.279857533889369,0.0857677223703025,0.00068402461061575,0.00454453359469016,"ENSG00000115760","ENSG00000115760","BIRC6","baculoviral IAP repeat containing 6","57448","Upregulated",2.34251068178112,"BIRC6"
4581.33120082434,0.33552462188334,0.10547296775639,0.000685126503391863,0.00454967331600759,"ENSG00000107738","ENSG00000107738","VSIR","V-set immunoregulatory receptor","64115","Upregulated",2.34201978623273,"VSIR"
48.1986068869729,0.960199997736594,0.3695726243206,0.000692764640198448,0.00459379193708626,"ENSG00000188613","ENSG00000188613","NANOS1","nanos C2HC-type zinc finger 1","340719","Upregulated",2.3378286788453,"NANOS1"
4189.33278057422,0.327444657046981,0.102361350342383,0.000693315238633907,0.00459524432913788,"ENSG00000152818","ENSG00000152818","UTRN","utrophin","7402","Upregulated",2.33769139222665,"UTRN"
7708.65341549773,0.278501000721036,0.0855302396925281,0.000697320980485887,0.00461958483200473,"ENSG00000114867","ENSG00000114867","EIF4G1","eukaryotic translation initiation factor 4 gamma 1","1981","Upregulated",2.33539705329047,"EIF4G1"
15984.5991529493,0.288202023524766,0.0888753150554305,0.000700964364950564,0.00463928611931703,"ENSG00000138119","ENSG00000138119","MYOF","myoferlin","26509","Upregulated",2.33354884235326,"MYOF"
585.180796823361,0.383206695417045,0.122226931341563,0.000703965657272362,0.00465286049560722,"ENSG00000130479","ENSG00000130479","MAP1S","microtubule associated protein 1S","55201","Upregulated",2.33227996850611,"MAP1S"
907.279037887682,0.433467157852647,0.141519186700983,0.000708484217151424,0.00468011571282249,"ENSG00000177663","ENSG00000177663","IL17RA","interleukin 17 receptor A","23765","Upregulated",2.32974340914403,"IL17RA"
1059.24952903953,0.311810191263584,0.0971104311408677,0.000715591335355695,0.00472031428686082,"ENSG00000184863","ENSG00000184863","RBM33","RNA binding motif protein 33","155435","Upregulated",2.3260290843097,"RBM33"
81.4011238828879,0.902909146580515,0.352554325448485,0.000715940688671842,0.00472037202868842,"ENSG00000170745","ENSG00000170745","KCNS3","potassium voltage-gated channel modifier subfamily S member 3","3790","Upregulated",2.3260237717813,"KCNS3"
442.880533214961,0.389271777891431,0.124700764152655,0.000716743904710715,0.00472342072058288,"ENSG00000122376","ENSG00000122376","SHLD2","shieldin complex subunit 2","54537","Upregulated",2.32574336958529,"SHLD2"
178.345950429952,0.556979690565423,0.190901000734312,0.000722395313823439,0.00475614092839859,"ENSG00000109084","ENSG00000109084","TMEM97","transmembrane protein 97","27346","Upregulated",2.32274528535716,"TMEM97"
288.64284097467,0.464502265079117,0.15367249904239,0.000725161221111554,0.00477208421813154,"ENSG00000173276","ENSG00000173276","ZBTB21","zinc finger and BTB domain containing 21","49854","Upregulated",2.32129190046962,"ZBTB21"
2816.68030809497,1.15382526722898,0.49733652303945,0.000726448365380381,0.00477828566483469,"ENSG00000159200","ENSG00000159200","RCAN1","regulator of calcineurin 1","1827","Upregulated",2.32072788996646,"RCAN1"
229.642265782389,0.95013485996617,0.39961677898457,0.000729716388437524,0.0047975044721801,"ENSG00000135480","ENSG00000135480","KRT7","keratin 7","3855","Upregulated",2.31898461174784,"KRT7"
1058.93277767453,0.314894111777563,0.0981906250172638,0.000730421848208386,0.00479986552599337,"ENSG00000123130","ENSG00000123130","ACOT9","acyl-CoA thioesterase 9","23597","Upregulated",2.31877092973631,"ACOT9"
455.674246637313,0.376491511275732,0.120289212755329,0.000744243855279843,0.00487912752616999,"ENSG00000058799","ENSG00000058799","YIPF1","Yip1 domain family member 1","54432","Upregulated",2.31165783054768,"YIPF1"
15.2590023045861,1.5617599486688,0.663772930163846,0.00075261470634337,0.00492934178412702,"ENSG00000183644","ENSG00000183644","HOATZ","HOATZ cilia and flagella associated protein","399949","Upregulated",2.30721106826965,"HOATZ"
1349.5045501153,0.286142275126992,0.0887963005708804,0.000758561898553678,0.00496360214922352,"ENSG00000156162","ENSG00000156162","DPY19L4","dpy-19 like 4","286148","Upregulated",2.30420303606157,"DPY19L4"
3592.22902201597,0.278420396976848,0.0862899615079249,0.000765700003401396,0.00500794542101933,"ENSG00000150403","ENSG00000150403","SLC9D1","solute carrier family 9 member D1","55002","Upregulated",2.30034041292049,"SLC9D1"
2646.2182092031,0.481875142645143,0.162612894164152,0.000770424245253482,0.00503646679951321,"ENSG00000150995","ENSG00000150995","ITPR1","inositol 1,4,5-trisphosphate receptor type 1","3708","Upregulated",2.29787402458133,"ITPR1"
2503.08693128885,0.259645588494167,0.0802232833420501,0.000778270387953006,0.00508296385798337,"ENSG00000101474","ENSG00000101474","APMAP","adipocyte plasma membrane associated protein","57136","Upregulated",2.29388297830324,"APMAP"
1803.60462375731,0.492371162934511,0.167729461257047,0.000794002167266679,0.00517595298031463,"ENSG00000168209","ENSG00000168209","DDIT4","DNA damage inducible transcript 4","54541","Upregulated",2.28600967756398,"DDIT4"
1620.4472870627,0.450465765194129,0.150227828424562,0.000795347078954903,0.00518071228900881,"ENSG00000148154","ENSG00000148154","UGCG","UDP-glucose ceramide glucosyltransferase","7357","Upregulated",2.2856105255985,"UGCG"
388.728314840357,0.402371963735047,0.130900603294062,0.000799354525237807,0.00520105838745106,"ENSG00000167925","ENSG00000167925","GHDC","GH3 domain containing","84514","Upregulated",2.28390827077709,"GHDC"
1403.65374554005,0.419456123164767,0.137874761261967,0.000800226871733814,0.00520429104427918,"ENSG00000133639","ENSG00000133639","BTG1","BTG anti-proliferation factor 1","694","Upregulated",2.28363842398785,"BTG1"
2511.99031542449,0.332688679177245,0.105746606661571,0.000807207293573649,0.00524722602328199,"ENSG00000187446","ENSG00000187446","CHP1","calcineurin like EF-hand protein 1","11261","Upregulated",2.28007022824496,"CHP1"
46.8282903347765,1.35657065096422,0.567749106122782,0.000810598310145372,0.00526679886559058,"ENSG00000180287","ENSG00000180287","PLD5","phospholipase D family member 5","200150","Upregulated",2.27845326664955,"PLD5"
388.045338875319,0.612976226509943,0.220780307512494,0.000817933605196131,0.00530948095288673,"ENSG00000054277","ENSG00000054277","OPN3","opsin 3","23596","Upregulated",2.27494793283851,"OPN3"
14900.8380815693,0.464241800147073,0.155904233233107,0.000821573872591218,0.00532562782986048,"ENSG00000291237","ENSG00000291237","SOD2","superoxide dismutase 2","6648","Upregulated",2.27362918658003,"SOD2"
1059.12589403418,0.316175937733216,0.0998217814178146,0.000822461342228465,0.00532888814490149,"ENSG00000148719","ENSG00000148719","DNAJB12","DnaJ heat shock protein family (Hsp40) member B12","54788","Upregulated",2.2733633956461,"DNAJB12"
541.2338086164,0.415786888088694,0.136989936646632,0.000831978502850418,0.00538551614712936,"ENSG00000100304","ENSG00000100304","TTLL12","tubulin tyrosine ligase like 12","23170","Upregulated",2.2687726676477,"TTLL12"
2510.07763360548,0.330779433200129,0.105556691674799,0.000837798002114321,0.00542065476718131,"ENSG00000126524","ENSG00000126524","SBDS","SBDS ribosome maturation factor","51119","Upregulated",2.2659482513585,"SBDS"
13997.7320903073,0.465940228265422,0.158746909100734,0.000839432655316836,0.0054286967662324,"ENSG00000104332","ENSG00000104332","SFRP1","secreted frizzled related protein 1","6422","Upregulated",2.26530441629789,"SFRP1"
428.836700700363,0.392094006515093,0.127578696446056,0.000843546082685058,0.00544924111738371,"ENSG00000149541","ENSG00000149541","B3GAT3","beta-1,3-glucuronyltransferase 3","26229","Upregulated",2.26366397505928,"B3GAT3"
275.57624750492,0.460751643433839,0.154201808268325,0.000843788977408575,0.00544924111738371,"ENSG00000185386","ENSG00000185386","MAPK11","mitogen-activated protein kinase 11","5600","Upregulated",2.26366397505928,"MAPK11"
41.6945039805102,0.994709243964581,0.397429457493104,0.000850864373392197,0.00548981813353932,"ENSG00000165244","ENSG00000165244","ZNF367","zinc finger protein 367","195828","Upregulated",2.26044204260065,"ZNF367"
127.345004790036,0.824759336808571,0.316583049642761,0.000854598455431082,0.0055113448086642,"ENSG00000142910","ENSG00000142910","TINAGL1","tubulointerstitial nephritis antigen like 1","64129","Upregulated",2.25874241716983,"TINAGL1"
92.51085181935,0.988039462324525,0.415049763606952,0.000869693114938618,0.0056008721561033,"ENSG00000182359","ENSG00000182359","KBTBD3","kelch repeat and BTB domain containing 3","143879","Upregulated",2.25174434029904,"KBTBD3"
238.379956689384,0.511677939571522,0.174750392314992,0.000870439902019276,0.00560307784583611,"ENSG00000133027","ENSG00000133027","PEMT","phosphatidylethanolamine N-methyltransferase","10400","Upregulated",2.2515733436609,"PEMT"
748.405137553908,0.399220257497151,0.131622249519706,0.000874557205425981,0.00562696764623894,"ENSG00000125835","ENSG00000125835","SNRPB","small nuclear ribonucleoprotein polypeptides B and B1","6628","Upregulated",2.24972558193154,"SNRPB"
1857.61188619446,0.988389144287207,0.416745364665862,0.000885052309903504,0.00568657392811899,"ENSG00000153207","ENSG00000153207","AHCTF1","AT-hook containing transcription factor 1","25909","Upregulated",2.24514931044993,"AHCTF1"
37.2119488617361,1.09690568399803,0.457424187385729,0.0008886995380278,0.00570736186169012,"ENSG00000166292","ENSG00000166292","TMEM100","transmembrane protein 100","55273","Upregulated",2.24356459117049,"TMEM100"
256.254020565142,0.482376179206078,0.164096282552058,0.000889831628733763,0.00571198542965318,"ENSG00000160072","ENSG00000160072","ATAD3B","ATPase family AAA domain containing 3B","83858","Upregulated",2.24321290904513,"ATAD3B"
230.339829726586,0.829312909843813,0.335000522300956,0.000906882615757209,0.00580798806459296,"ENSG00000141576","ENSG00000141576","RNF157","ring finger protein 157","114804","Upregulated",2.23597428478158,"RNF157"
1362.02655576346,0.294662787374429,0.093281793654913,0.000916692215809667,0.00586328074721812,"ENSG00000093000","ENSG00000093000","NUP50","nucleoporin 50","10762","Upregulated",2.23185931030974,"NUP50"
332.469711381036,0.462525254327158,0.156961011753988,0.000921451660341853,0.00588768951621841,"ENSG00000174839","ENSG00000174839","DENND6A","DENN domain containing 6A","201627","Upregulated",2.23005510032619,"DENND6A"
498.266468862401,0.374211760056088,0.122130614451237,0.000926930019291713,0.00591996457943035,"ENSG00000175324","ENSG00000175324","LSM1","LSM1 homolog, mRNA degradation associated","27257","Upregulated",2.22768089175748,"LSM1"
3323.33775410992,0.43181671631504,0.146470137063287,0.000931843638823304,0.00594319671374832,"ENSG00000115232","ENSG00000115232","ITGA4","integrin subunit alpha 4","3676","Upregulated",2.22597989479958,"ITGA4"
551.929700483967,0.450405367661644,0.152778858261168,0.00093185413514504,0.00594319671374832,"ENSG00000213445","ENSG00000213445","SIPA1","signal-induced proliferation-associated 1","6494","Upregulated",2.22597989479958,"SIPA1"
654.072493874848,0.427504397134951,0.143651928885372,0.000954203795301246,0.00607455691276066,"ENSG00000077585","ENSG00000077585","GPR137B","G protein-coupled receptor 137B","7107","Upregulated",2.21648539466149,"GPR137B"
1014.85031454368,0.307034595475665,0.0981380677208775,0.000965404231862373,0.00614021902220314,"ENSG00000099904","ENSG00000099904","ZDHHC8","zDHHC palmitoyltransferase 8","29801","Upregulated",2.21181613725659,"ZDHHC8"
696.923513942521,0.370264501482956,0.121278145550223,0.000965912841615241,0.00614063581281909,"ENSG00000132357","ENSG00000132357","CARD6","caspase recruitment domain family member 6","84674","Upregulated",2.21178665887465,"CARD6"
1749.79194874259,0.294144901040684,0.0932218499222024,0.000968573974037868,0.00614627596437308,"ENSG00000099341","ENSG00000099341","PSMD8","proteasome 26S subunit, non-ATPase 8","5714","Upregulated",2.21138794406113,"PSMD8"
714.945731026261,0.333001780022458,0.107492450221135,0.00096784782252666,0.00614627596437308,"ENSG00000110218","ENSG00000110218","PANX1","pannexin 1","24145","Upregulated",2.21138794406113,"PANX1"
281.645904232575,0.461067554596618,0.157019724916811,0.00097055427878661,0.00615602368407489,"ENSG00000136783","ENSG00000136783","NIPSNAP3A","nipsnap homolog 3A","25934","Upregulated",2.21069971797583,"NIPSNAP3A"
58.2929105991634,0.822135495672822,0.320109085569942,0.000972885686556138,0.00616792885228553,"ENSG00000260549","ENSG00000260549",NA,NA,NA,"Upregulated",2.20986064456119,"ENSG00000260549"
3411.73348137749,0.318951498267501,0.102777735040041,0.000977673256335554,0.00618984634972793,"ENSG00000019144","ENSG00000019144","PHLDB1","pleckstrin homology like domain family B member 1","23187","Upregulated",2.20832013131809,"PHLDB1"
713.074542379235,0.38939895236788,0.129208789786963,0.000985140323155103,0.00622574543484112,"ENSG00000106070","ENSG00000106070","GRB10","growth factor receptor bound protein 10","2887","Upregulated",2.20580864120314,"GRB10"
53.2985941479437,1.11180477770452,0.491883790884632,0.00101069276754494,0.0063669050297297,"ENSG00000108924","ENSG00000108924","HLF","HLF transcription factor, PAR bZIP family member","3131","Upregulated",2.19607162812767,"HLF"
1147.23535973125,0.346037438126016,0.112624022141589,0.00101178185018482,0.0063708699053664,"ENSG00000224470","ENSG00000224470","ATXN1L","ataxin 1 like","342371","Upregulated",2.19580126322095,"ATXN1L"
1438.27768182272,0.459508101818448,0.15633334988406,0.00102553294866162,0.00644574201156526,"ENSG00000136720","ENSG00000136720","HS6ST1","heparan sulfate 6-O-sulfotransferase 1","9394","Upregulated",2.19072708095149,"HS6ST1"
116.50822761315,0.644820888650893,0.237811019875591,0.0010288332695655,0.00646355407203455,"ENSG00000154529","ENSG00000154529","CNTNAP3B","contactin associated protein family member 3B","728577","Upregulated",2.18952861367145,"CNTNAP3B"
1721.88320806565,0.293976887674906,0.0941786627993894,0.0010311460820095,0.00647514886749872,"ENSG00000058063","ENSG00000058063","ATP11B","ATPase phospholipid transporting 11B (putative)","23200","Upregulated",2.18875024244516,"ATP11B"
6380.59441344245,0.364733210314603,0.12069679438063,0.00104180008668641,0.00652815298920982,"ENSG00000117519","ENSG00000117519","CNN3","calponin 3","1266","Upregulated",2.18520967631439,"CNN3"
542.444561727751,0.403707192022118,0.13504790319255,0.00105016384425044,0.00657372209461011,"ENSG00000146828","ENSG00000146828","SLC12A9","solute carrier family 12 member 9","56996","Upregulated",2.18218865975066,"SLC12A9"
247.574574431645,0.604633856671756,0.22277704879375,0.00105450520139992,0.00659196553279276,"ENSG00000156140","ENSG00000156140","ADAMTS3","ADAM metallopeptidase with thrombospondin type 1 motif 3","9508","Upregulated",2.18098507208719,"ADAMTS3"
428.830873558053,0.56796535922258,0.207070355158245,0.0010567622627773,0.00660309657341326,"ENSG00000069998","ENSG00000069998","HDHD5","haloacid dehalogenase like hydrolase domain containing 5","27440","Upregulated",2.18025235091815,"HDHD5"
1080.77971561463,0.322475560630118,0.104565899456798,0.00106197452471833,0.00663267460030254,"ENSG00000163623","ENSG00000163623","NKX6-1","NK6 homeobox 1","4825","Upregulated",2.1783113087109,"NKX6-1"
1299.54686659565,0.328199537915882,0.106815158257779,0.00106342573146805,0.00663874649207912,"ENSG00000115548","ENSG00000115548","KDM3A","lysine demethylase 3A","55818","Upregulated",2.17791391505442,"KDM3A"
2429.8100092452,0.26898010552072,0.0859412513458673,0.00106537616390711,0.00664493620863574,"ENSG00000111229","ENSG00000111229","ARPC3","actin related protein 2/3 complex subunit 3","10094","Upregulated",2.17750918392674,"ARPC3"
36.5536225622269,1.15663183604166,0.518871172228946,0.00109618015507227,0.00682171565745244,"ENSG00000099849","ENSG00000099849","RASSF7","Ras association domain family member 7","8045","Upregulated",2.16610638680094,"RASSF7"
1232.60151612832,0.330043575792085,0.107999303405928,0.00110101814199667,0.0068456753835495,"ENSG00000198589","ENSG00000198589","LRBA","LPS responsive beige-like anchor protein","987","Upregulated",2.1645836986068,"LRBA"
1403.90907706644,0.296569233228377,0.0954747028326268,0.00110158737188118,0.00684614322282568,"ENSG00000205937","ENSG00000205937","RNPS1","RNA binding protein with serine rich domain 1","10921","Upregulated",2.16455401956679,"RNPS1"
2618.4385830998,0.297530943118067,0.0962712446792203,0.00111484902393127,0.00692235332556605,"ENSG00000104331","ENSG00000104331","BPNT2","3'(2'), 5'-bisphosphate nucleotidase 2","54928","Upregulated",2.15974623754297,"BPNT2"
3562.44029571967,0.277639853834081,0.0886795308803126,0.00113654055830997,0.00704441663578616,"ENSG00000184014","ENSG00000184014","DENND5A","DENN domain containing 5A","23258","Upregulated",2.15215496598245,"DENND5A"
1245.38097364547,1.02919678862343,0.460296759330597,0.00115218661166774,0.00712545928206303,"ENSG00000053747","ENSG00000053747","LAMA3","laminin subunit alpha 3","3909","Upregulated",2.14718713732126,"LAMA3"
380.110588705311,0.466445901502145,0.162467724845525,0.00115293804219738,0.00712692610473391,"ENSG00000167969","ENSG00000167969","ECI1","enoyl-CoA delta isomerase 1","1632","Upregulated",2.14709774414575,"ECI1"
2305.71677049931,0.370913600143101,0.124748139922691,0.00115876568203728,0.00715656576976591,"ENSG00000011454","ENSG00000011454","RABGAP1","RAB GTPase activating protein 1","23637","Upregulated",2.14529533314454,"RABGAP1"
2810.84619402095,0.258645238242721,0.0828765537331807,0.00117495793834223,0.00725333722382403,"ENSG00000169813","ENSG00000169813","HNRNPF","heterogeneous nuclear ribonucleoprotein F","3185","Upregulated",2.13946213074984,"HNRNPF"
948.694864873515,0.368025363739172,0.123051567096572,0.00117995674975969,0.00727771277032465,"ENSG00000090238","ENSG00000090238","YPEL3","yippee like 3","83719","Upregulated",2.13800508872294,"YPEL3"
52.2655379067368,1.23037847627791,0.624127814267405,0.00120932560362049,0.00743898958747288,"ENSG00000169031","ENSG00000169031","COL4A3","collagen type IV alpha 3 chain","1285","Upregulated",2.1284860491833,"COL4A3"
3741.33335073079,0.296335398729049,0.0964154963175817,0.00121316015441528,0.00745926645077255,"ENSG00000198561","ENSG00000198561","CTNND1","catenin delta 1","1500","Upregulated",2.12730387923587,"CTNND1"
6605.91564380765,0.232860263976454,0.0751533656170476,0.00121899950988764,0.00749184665522516,"ENSG00000075415","ENSG00000075415","SLC25A3","solute carrier family 25 member 3","5250","Upregulated",2.12541112044137,"SLC25A3"
402.775308274147,0.404638923759954,0.137839984362422,0.00124189248078341,0.0076224038490599,"ENSG00000096092","ENSG00000096092","TMEM14A","transmembrane protein 14A","28978","Upregulated",2.11790804522904,"TMEM14A"
270.198143690433,0.65504931430229,0.253971158482993,0.00124253347026094,0.00762296209134409,"ENSG00000100767","ENSG00000100767","PAPLN","papilin, proteoglycan like sulfated glycoprotein","89932","Upregulated",2.117876239952,"PAPLN"
678.750966864632,0.365602059634867,0.122420102220531,0.00124860170431664,0.00765680133633816,"ENSG00000173436","ENSG00000173436","MICOS10","mitochondrial contact site and cristae organizing system subunit 10","440574","Upregulated",2.11595262098121,"MICOS10"
21.513819696729,1.33227710337838,0.623877276684307,0.00125867634415763,0.0077151682678817,"ENSG00000174944","ENSG00000174944","P2RY14","purinergic receptor P2Y14","9934","Upregulated",2.11265459753141,"P2RY14"
140.332473170016,0.616071695327333,0.232050003011793,0.00126521080513084,0.00774836789584989,"ENSG00000179431","ENSG00000179431","FJX1","four-jointed box kinase 1","24147","Upregulated",2.11078976697405,"FJX1"
6894.20609685983,0.308178567107872,0.101980301346129,0.00127104827150511,0.00778067932632037,"ENSG00000183255","ENSG00000183255","PTTG1IP","PTTG1 interacting protein","754","Upregulated",2.10898248337116,"PTTG1IP"
119911.669160268,0.823501115909412,0.344528884011809,0.00127526755627173,0.00780306095468871,"ENSG00000103888","ENSG00000103888","CEMIP","cell migration inducing hyaluronidase 1","57214","Upregulated",2.10773500051987,"CEMIP"
964.017976523791,0.328519787605109,0.108644574205108,0.00128214968835252,0.00783134091268292,"ENSG00000196588","ENSG00000196588","MRTFA","myocardin related transcription factor A","57591","Upregulated",2.10616386998294,"MRTFA"
105.173654220632,0.673547063133121,0.260337352607712,0.00128722483512961,0.00785541567153733,"ENSG00000118507","ENSG00000118507","AKAP7","A-kinase anchoring protein 7","9465","Upregulated",2.10483082920089,"AKAP7"
1072.12150643225,0.294007016950869,0.0960895691932049,0.00128780048959713,0.00785546962382334,"ENSG00000213699","ENSG00000213699","SLC35F6","solute carrier family 35 member F6","54978","Upregulated",2.10482784640524,"SLC35F6"
289.31173345107,0.422129546341916,0.145758115580737,0.00130356296887274,0.00794812106713917,"ENSG00000105514","ENSG00000105514","RAB3D","RAB3D, member RAS oncogene family","9545","Upregulated",2.09973552626403,"RAB3D"
595.6523300199,0.391486122298639,0.133502570274541,0.00130514993010523,0.00795429766109425,"ENSG00000130311","ENSG00000130311","DDA1","DET1 and DDB1 associated 1","79016","Upregulated",2.09939816113079,"DDA1"
1638.82854002889,0.295675609915422,0.0969834284995926,0.00131071057713275,0.00797766266512198,"ENSG00000127947","ENSG00000127947","PTPN12","protein tyrosine phosphatase non-receptor type 12","5782","Upregulated",2.0981243317481,"PTPN12"
5542.52241035084,0.236810602818286,0.0761649784969659,0.00131262985396175,0.00798422849788754,"ENSG00000143641","ENSG00000143641","GALNT2","polypeptide N-acetylgalactosaminyltransferase 2","2590","Upregulated",2.09776704261852,"GALNT2"
1225.12132210602,0.327850502983065,0.10935391816712,0.00133355904514262,0.00809894601517597,"ENSG00000154945","ENSG00000154945","ANKRD40","ankyrin repeat domain 40","91369","Upregulated",2.09157149588389,"ANKRD40"
380.074389875786,0.38984847761472,0.134098296760569,0.00134410833390915,0.00815229645498772,"ENSG00000137547","ENSG00000137547","MRPL15","mitochondrial ribosomal protein L15","29088","Upregulated",2.08872003576999,"MRPL15"
1073.64935996648,0.35434601588183,0.119533479550009,0.00135012914216578,0.00818523175033923,"ENSG00000072134","ENSG00000072134","EPN2","epsin 2","22905","Upregulated",2.08696901979894,"EPN2"
199.791110757532,0.743199821083773,0.305719852129424,0.00135951557842085,0.00823493286771618,"ENSG00000057657","ENSG00000057657","PRDM1","PR/SET domain 1","639","Upregulated",2.08433993690701,"PRDM1"
260.709231490897,0.452709670768671,0.159380073420863,0.00136131486129944,0.00824222921046263,"ENSG00000095383","ENSG00000095383","TBC1D2","TBC1 domain family member 2","55357","Upregulated",2.0839553122265,"TBC1D2"
2303.26324463363,0.304829140825946,0.100782438624935,0.00136272631750842,0.00824717206740142,"ENSG00000183864","ENSG00000183864","TOB2","transducer of ERBB2, 2","10766","Upregulated",2.08369494430635,"TOB2"
123.952042338558,0.80413273834038,0.340950119587159,0.00137073403102762,0.008285609610241,"ENSG00000151320","ENSG00000151320","AKAP6","A-kinase anchoring protein 6","9472","Upregulated",2.08167553303534,"AKAP6"
174.886864208941,0.593199202618029,0.225159714400658,0.00138679107232673,0.00837452613131861,"ENSG00000091127","ENSG00000091127","PUS7","pseudouridine synthase 7","54517","Upregulated",2.07703975794794,"PUS7"
3414.80542786871,0.319043756572407,0.106074149710357,0.00138812335938657,0.00837892057392792,"ENSG00000079332","ENSG00000079332","SAR1A","secretion associated Ras related GTPase 1A","56681","Upregulated",2.0768119263556,"SAR1A"
2830.56739191912,0.247676040156473,0.0809437949659134,0.00138881871390678,0.0083794682438111,"ENSG00000185201","ENSG00000185201","IFITM2","interferon induced transmembrane protein 2","10581","Upregulated",2.07678354057092,"IFITM2"
86.0746155782048,0.669319330519076,0.260386954182641,0.00138955423733813,0.00838025769158797,"ENSG00000174899","ENSG00000174899",NA,NA,NA,"Upregulated",2.07674262667831,"ENSG00000174899"
817.200919567191,0.305570489885572,0.10143500109041,0.00139549516172126,0.00841242603144625,"ENSG00000165775","ENSG00000165775","FUNDC2","FUN14 domain containing 2","65991","Upregulated",2.07507874140404,"FUNDC2"
1117.02991146726,0.296591001169442,0.0979022906368053,0.001396475808745,0.00841467749278128,"ENSG00000180957","ENSG00000180957","PITPNB","phosphatidylinositol transfer protein beta","23760","Upregulated",2.07496252446409,"PITPNB"
1098.30621068288,0.288554099652666,0.0952647649151742,0.00140535700735483,0.00844615904810522,"ENSG00000118960","ENSG00000118960","HS1BP3","HCLS1 binding protein 3","64342","Upregulated",2.07334074471266,"HS1BP3"
3847.6794524795,0.256696454157824,0.0837341820410297,0.0014037312601441,0.00844615904810522,"ENSG00000153250","ENSG00000153250","RBMS1","RNA binding motif single stranded interacting protein 1","5937","Upregulated",2.07334074471266,"RBMS1"
5257.15581909559,0.317799211657621,0.106329840024296,0.00141113020519202,0.00847717967653067,"ENSG00000142864","ENSG00000142864","SERBP1","SERPINE1 mRNA binding protein 1","26135","Upregulated",2.07174861173489,"SERBP1"
157.92705314535,0.726012398759916,0.294649523675047,0.00142179510641104,0.00853015514274917,"ENSG00000153162","ENSG00000153162","BMP6","bone morphogenetic protein 6","654","Upregulated",2.06904307000163,"BMP6"
1334.07301887157,0.288234169532442,0.095577480807011,0.00144638710730491,0.00867018984435065,"ENSG00000160746","ENSG00000160746","ANO10","anoctamin 10","55129","Upregulated",2.06197139301384,"ANO10"
389.431241168767,0.42869808177129,0.150264411788026,0.0014609566633894,0.00875373903930554,"ENSG00000115252","ENSG00000115252","PDE1A","phosphodiesterase 1A","5136","Upregulated",2.05780640443057,"PDE1A"
2792.88883360617,0.323005469457177,0.108494360265684,0.0014626874807954,0.00876032229746905,"ENSG00000111275","ENSG00000111275","ALDH2","aldehyde dehydrogenase 2 family member","217","Upregulated",2.05747991558563,"ALDH2"
7695.03043407207,0.299815055689054,0.100312540318452,0.0014757336216814,0.00883396979167684,"ENSG00000122359","ENSG00000122359","ANXA11","annexin A11","311","Upregulated",2.05384409017277,"ANXA11"
1158.41277278424,0.31977647981596,0.107212313478852,0.00147625904015611,0.00883396979167684,"ENSG00000172531","ENSG00000172531","PPP1CA","protein phosphatase 1 catalytic subunit alpha","5499","Upregulated",2.05384409017277,"PPP1CA"
1750.47446770427,0.313906031229811,0.105021091322576,0.00147701698435675,0.00883469071480372,"ENSG00000109814","ENSG00000109814","UGDH","UDP-glucose 6-dehydrogenase","7358","Upregulated",2.05380864968922,"UGDH"
29.0716170239536,1.15381087851961,0.527214552663069,0.00148043325665885,0.00885130479035162,"ENSG00000165899","ENSG00000165899","OTOGL","otogelin like","283310","Upregulated",2.05299270427605,"OTOGL"
454.047783203687,0.567234459717929,0.216432104018396,0.00149410691333743,0.00892535677238943,"ENSG00000185716","ENSG00000185716","MOSMO","modulator of smoothened","730094","Upregulated",2.04937441485911,"MOSMO"
1115.36531176027,0.293870369324777,0.0973101264902383,0.00149754309153331,0.00894201906188152,"ENSG00000083520","ENSG00000083520","DIS3","DIS3 exosome endoribonuclease and 3'-5' exoribonuclease","22894","Upregulated",2.04856440867274,"DIS3"
2476.12138687359,0.28040211710245,0.0923297779641704,0.00149818661243155,0.00894201906188152,"ENSG00000126214","ENSG00000126214","KLC1","kinesin light chain 1","3831","Upregulated",2.04856440867274,"KLC1"
591.507283643507,0.337934037197053,0.114071134953971,0.00150488372275531,0.0089742614086342,"ENSG00000063587","ENSG00000063587","ZNF275","zinc finger protein 275","10838","Upregulated",2.04700128418183,"ZNF275"
1605.68066945631,0.296490889987749,0.0996378663693209,0.00150694989912453,0.00898271769977072,"ENSG00000119326","ENSG00000119326","CTNNAL1","catenin alpha like 1","8727","Upregulated",2.0465922486946,"CTNNAL1"
5068.42090108388,0.414522728817123,0.146956785667371,0.00157410936694462,0.00935087086004523,"ENSG00000140416","ENSG00000140416","TPM1","tropomyosin 1","7168","Upregulated",2.02914794077454,"TPM1"
5175.272009671,0.289721356627561,0.097177757544484,0.00158240884677519,0.00939614576154988,"ENSG00000138071","ENSG00000138071","ACTR2","actin related protein 2","10097","Upregulated",2.0270502546716,"ACTR2"
777.754588836492,0.354929082802802,0.121283604864799,0.0015911563678031,0.00943999833107157,"ENSG00000173281","ENSG00000173281","PPP1R3B","protein phosphatase 1 regulatory subunit 3B","79660","Upregulated",2.02502808248228,"PPP1R3B"
65.2422397503251,0.811590882352761,0.342758876328756,0.00159357840816416,0.00945032227588662,"ENSG00000054219","ENSG00000054219","LY75","lymphocyte antigen 75","4065","Upregulated",2.02455338088199,"LY75"
7994.54286682348,0.282402839519431,0.0946736492367436,0.00161338910656381,0.00955553830250764,"ENSG00000197894","ENSG00000197894","ADH5","alcohol dehydrogenase 5 (class III), chi polypeptide","128","Upregulated",2.01974484233753,"ADH5"
1544.00197145013,0.280884455655191,0.0931411202226644,0.00161794672641803,0.00957434828412785,"ENSG00000101182","ENSG00000101182","PSMA7","proteasome 20S subunit alpha 7","5688","Upregulated",2.01889077832433,"PSMA7"
139.873682844385,1.02673264077938,0.574892288390127,0.00164546341835366,0.00971524625674347,"ENSG00000136928","ENSG00000136928","GABBR2","gamma-aminobutyric acid type B receptor subunit 2","9568","Upregulated",2.01254618666591,"GABBR2"
828.243630991555,0.326950326314763,0.112033088265683,0.0016469849876612,0.00971714131289767,"ENSG00000175416","ENSG00000175416","CLTB","clathrin light chain B","1212","Upregulated",2.0124614814355,"CLTB"
462.68870643453,0.350579350920443,0.120259691050739,0.00165130337115105,0.0097384737960776,"ENSG00000171135","ENSG00000171135","JAGN1","jagunal vesicle mediated transporter 1","84522","Upregulated",2.01150909998765,"JAGN1"
3892.03779381526,0.363748583833185,0.126889257922289,0.00166637914220831,0.00981902573633714,"ENSG00000053254","ENSG00000053254","FOXN3","forkhead box N3","1112","Upregulated",2.00793160165534,"FOXN3"
132.383693167039,0.695915467221802,0.285968148824757,0.00168263922055884,0.00990641332103865,"ENSG00000284791","ENSG00000284791","SMIM41","small integral membrane protein 41","113523638","Upregulated",2.00408355609295,"SMIM41"
12.7534263028953,1.55036535648619,0.776032207328762,0.00168367402965584,0.00990829655074323,"ENSG00000070388","ENSG00000070388","FGF22","fibroblast growth factor 22","27006","Upregulated",2.00400100365826,"FGF22"
1136.59804999227,0.314400823917971,0.106569580968418,0.00170569217905005,0.0100293542254793,"ENSG00000164031","ENSG00000164031","DNAJB14","DnaJ heat shock protein family (Hsp40) member B14","79982","Upregulated",1.99872702962562,"DNAJB14"
1665.28489143017,0.296801802158771,0.100428025787843,0.00173084603290043,0.0101557134504518,"ENSG00000132463","ENSG00000132463","GRSF1","G-rich RNA sequence binding factor 1","2926","Upregulated",1.99328956150482,"GRSF1"
10776.7167837898,0.261808279717528,0.0872223280385699,0.00173193802326361,0.0101578201711428,"ENSG00000111897","ENSG00000111897","SERINC1","serine incorporator 1","57515","Upregulated",1.99319947996693,"SERINC1"
140.524619848925,0.886136432620845,0.42427750763842,0.00173794421491094,0.0101887347184648,"ENSG00000255330","ENSG00000255330",NA,NA,NA,"Upregulated",1.99187974522884,"ENSG00000255330"
735.995642592758,0.3964885396759,0.140192860678918,0.00174305351671575,0.0102143673100058,"ENSG00000254986","ENSG00000254986","DPP3","dipeptidyl peptidase 3","10072","Upregulated",1.99078852891239,"DPP3"
407.268065784111,0.438727822837003,0.158953749242041,0.0017541347434055,0.010274959175341,"ENSG00000162341","ENSG00000162341","TPCN2","two pore segment channel 2","219931","Upregulated",1.98821989499538,"TPCN2"
577.31102661608,0.492187735270049,0.183898294976364,0.00176453927064014,0.0103271747262676,"ENSG00000118804","ENSG00000118804","STBD1","starch binding domain 1","8987","Upregulated",1.98601847505501,"STBD1"
598.601812259937,0.341527400309133,0.117789596864034,0.00177231847978667,0.0103683249520318,"ENSG00000145041","ENSG00000145041","DCAF1","DDB1 and CUL4 associated factor 1","9730","Upregulated",1.98429140010554,"DCAF1"
1943.47569016377,0.434051949701057,0.157096275142606,0.00177461058146424,0.0103773536069675,"ENSG00000164949","ENSG00000164949","GEM","GTP binding protein overexpressed in skeletal muscle","2669","Upregulated",1.98391338448615,"GEM"
537.145123682446,0.385591812735792,0.135740411835816,0.00178675593844634,0.010439565999548,"ENSG00000105339","ENSG00000105339","DENND3","DENN domain containing 3","22898","Upregulated",1.98131755573216,"DENND3"
875.074686671257,0.359991300528699,0.126705833771383,0.001789066685641,0.0104486621139059,"ENSG00000105726","ENSG00000105726","ATP13A1","ATPase 13A1","57130","Upregulated",1.98093931469604,"ATP13A1"
871.466217606057,0.360317762050421,0.125755167115838,0.00180837895374738,0.0105525574399937,"ENSG00000134905","ENSG00000134905","CARS2","cysteinyl-tRNA synthetase 2, mitochondrial","79587","Upregulated",1.97664227520251,"CARS2"
107.731941000016,0.898105382824713,0.427069324554812,0.00181674408141196,0.0105924510829989,"ENSG00000123572","ENSG00000123572","NRK","Nik related kinase","203447","Upregulated",1.9750035329378,"NRK"
4109.68740638323,0.299423410839541,0.101782960984194,0.00181771825875484,0.0105936742422554,"ENSG00000143549","ENSG00000143549","TPM3","tropomyosin 3","7170","Upregulated",1.97495338584313,"TPM3"
271.279502539957,0.481544741442399,0.178511619587053,0.00181890576810238,0.0105961391509588,"ENSG00000144959","ENSG00000144959","NCEH1","neutral cholesterol ester hydrolase 1","57552","Upregulated",1.97485234708142,"NCEH1"
1777.58188230419,0.346331512887712,0.120606203855823,0.00187423583635672,0.0109001403508467,"ENSG00000113163","ENSG00000113163","CERT1","ceramide transporter 1","10087","Upregulated",1.96256791002214,"CERT1"
38.9984283253341,0.926403619270067,0.420248609410776,0.00187652137698004,0.0109088547665966,"ENSG00000128482","ENSG00000128482","RNF112","ring finger protein 112","7732","Upregulated",1.96222084012239,"RNF112"
3540.67885136182,0.465425555168979,0.172850437513546,0.00188730445861163,0.0109485778534527,"ENSG00000105426","ENSG00000105426","PTPRS","protein tyrosine phosphatase receptor type S","5802","Upregulated",1.96064228908955,"PTPRS"
1090.10726554747,0.325166405003767,0.111509024949843,0.00189355741340628,0.0109756638194888,"ENSG00000182022","ENSG00000182022","CHST15","carbohydrate sulfotransferase 15","51363","Upregulated",1.95956920371248,"CHST15"
1932.08527729297,0.421714107684263,0.15423185966015,0.00192377472315988,0.0111318018456498,"ENSG00000013016","ENSG00000013016","EHD3","EH domain containing 3","30845","Upregulated",1.9534345330339,"EHD3"
1972.89376236339,0.249731445946882,0.0838937948490661,0.00192451094755588,0.0111318018456498,"ENSG00000198832","ENSG00000198832","SELENOM","selenoprotein M","140606","Upregulated",1.9534345330339,"SELENOM"
1693.45741309783,0.335448792068781,0.116791494931051,0.00192944147825601,0.0111556651844598,"ENSG00000116406","ENSG00000116406","EDEM3","ER degradation enhancing alpha-mannosidase like protein 3","80267","Upregulated",1.95250452871252,"EDEM3"
115.951151919613,0.654786876143226,0.267877098794427,0.00195293027255593,0.0112773586030636,"ENSG00000068781","ENSG00000068781","STON1-GTF2A1L","STON1-GTF2A1L readthrough","286749","Upregulated",1.94779260943479,"STON1-GTF2A1L"
995.361588625823,0.393342784294218,0.141146964435652,0.00195614799164352,0.0112849492201064,"ENSG00000172216","ENSG00000172216","CEBPB","CCAAT enhancer binding protein beta","1051","Upregulated",1.94750039081548,"CEBPB"
819.393364581035,0.330163485973374,0.114644414266884,0.00195641388596412,0.0112849492201064,"ENSG00000188921","ENSG00000188921","HACD4","3-hydroxyacyl-CoA dehydratase 4","401494","Upregulated",1.94750039081548,"HACD4"
334.981498945193,0.417484752914045,0.150979617762283,0.00195668756590776,0.0112849492201064,"ENSG00000196116","ENSG00000196116","TDRD7","tudor domain containing 7","23424","Upregulated",1.94750039081548,"TDRD7"
384.000420708381,0.44092333673577,0.161874686474676,0.00197310702467859,0.0113607354611635,"ENSG00000167114","ENSG00000167114","SLC27A4","solute carrier family 27 member 4","10999","Upregulated",1.94459355274595,"SLC27A4"
1273.20987569721,0.308851986636927,0.106308590825073,0.00197745233809508,0.0113810265588288,"ENSG00000108592","ENSG00000108592","FTSJ3","FtsJ RNA 2'-O-methyltransferase 3","117246","Upregulated",1.94381856318459,"FTSJ3"
599.649819647419,0.390918905957354,0.139965875986096,0.00198658852426037,0.0114241204803836,"ENSG00000102547","ENSG00000102547","CAB39L","calcium binding protein 39 like","81617","Upregulated",1.94217722541298,"CAB39L"
864.073495144689,0.412750412609486,0.150088429540993,0.00198603963604259,0.0114241204803836,"ENSG00000132361","ENSG00000132361","CLUH","CLUH binding protein of NUMT mRNA","23277","Upregulated",1.94217722541298,"CLUH"
11.814931268253,2.01808803804583,1.52850522537787,0.00199480651353544,0.0114618671107328,"ENSG00000226121","ENSG00000226121",NA,NA,NA,"Upregulated",1.9407446310737,"ENSG00000226121"
2409.26930562509,0.262985918360339,0.0890014523542423,0.00202058384770594,0.0115866444949016,"ENSG00000055211","ENSG00000055211","GINM1","glycosylated integral membrane protein 1","116254","Upregulated",1.93604231799175,"GINM1"
2739.36692048569,0.283523144027317,0.0965454433044748,0.00202886009613624,0.0116237999472312,"ENSG00000162368","ENSG00000162368","CMPK1","cytidine/uridine monophosphate kinase 1","51727","Upregulated",1.9346518731217,"CMPK1"
866.601598454363,0.394598008456081,0.142098594469835,0.00203794543360781,0.0116710271753598,"ENSG00000220205","ENSG00000220205","VAMP2","vesicle associated membrane protein 2","6844","Upregulated",1.93289091970789,"VAMP2"
358.289393574423,0.382961483332168,0.136947826037807,0.00204971076874064,0.0117335570194038,"ENSG00000136840","ENSG00000136840","ST6GALNAC4","ST6 N-acetylgalactosaminide alpha-2,6-sialyltransferase 4","27090","Upregulated",1.93057031186368,"ST6GALNAC4"
92.5843965197531,0.635492602215197,0.259439306494444,0.00207827954135937,0.0118872786478331,"ENSG00000244165","ENSG00000244165","P2RY11","purinergic receptor P2Y11","5032","Upregulated",1.92491755694578,"P2RY11"
1577.71385208214,0.366444987415622,0.130778508696542,0.00211153425916179,0.0120476547129367,"ENSG00000138031","ENSG00000138031","ADCY3","adenylate cyclase 3","109","Upregulated",1.91909748789098,"ADCY3"
1061.71732498424,0.301427011547532,0.104264209234652,0.00211652496585009,0.0120673920063319,"ENSG00000082996","ENSG00000082996","RNF13","ring finger protein 13","11342","Upregulated",1.91838657908594,"RNF13"
1111.93035142008,0.321364900832643,0.112192965532148,0.0021173616409148,0.0120673920063319,"ENSG00000153989","ENSG00000153989","NUS1","NUS1 dehydrodolichyl diphosphate synthase subunit","116150","Upregulated",1.91838657908594,"NUS1"
1069.04008088572,0.360808451188319,0.128153736552,0.00213918254020688,0.0121728986627494,"ENSG00000013619","ENSG00000013619","MAMLD1","mastermind like domain containing 1","10046","Upregulated",1.91460599339352,"MAMLD1"
6167.04748690531,0.265132551325362,0.0906407471748287,0.0021396335336213,0.0121728986627494,"ENSG00000196914","ENSG00000196914","ARHGEF12","Rho guanine nucleotide exchange factor 12","23365","Upregulated",1.91460599339352,"ARHGEF12"
1961.61748453732,0.278879719472155,0.095414785309239,0.00214755593412713,0.012209720010737,"ENSG00000023734","ENSG00000023734","STRAP","serine/threonine kinase receptor associated protein","11171","Upregulated",1.91329429503842,"STRAP"
690.725888375619,0.336879637912403,0.118294534378967,0.00214786762292927,0.012209720010737,"ENSG00000122490","ENSG00000122490","SLC66A2","solute carrier family 66 member 2","80148","Upregulated",1.91329429503842,"SLC66A2"
893.649321149932,0.322963394867384,0.112813126919636,0.00214965378903386,0.0122148634121444,"ENSG00000110395","ENSG00000110395","CBL","Cbl proto-oncogene","867","Upregulated",1.91311138498884,"CBL"
309.299449240793,0.412192647054712,0.150287223642332,0.00216567717626549,0.0122958295722505,"ENSG00000259207","ENSG00000259207","ITGB3","integrin subunit beta 3","3690","Upregulated",1.91024216505484,"ITGB3"
215.147862791522,0.494102985178736,0.188586685696588,0.0021687691965086,0.0123083424629044,"ENSG00000215251","ENSG00000215251","FASTKD5","FAST kinase domains 5","60493","Upregulated",1.90980042860263,"FASTKD5"
1425.32204106352,0.294806315835718,0.102161325497925,0.00217998315637539,0.0123669204110546,"ENSG00000181852","ENSG00000181852","RNF41","ring finger protein 41","10193","Upregulated",1.907738434162,"RNF41"
206.657471834311,0.487485285191597,0.185491202798992,0.00218099853449515,0.0123676181217546,"ENSG00000261609","ENSG00000261609","GAN","gigaxonin","8139","Upregulated",1.90771393304535,"GAN"
1118.51799629058,0.360935101139585,0.129114862683813,0.00219730598530093,0.01245499535799,"ENSG00000114770","ENSG00000114770","ABCC5","ATP binding cassette subfamily C member 5","10057","Upregulated",1.90465642999016,"ABCC5"
1384.507686152,0.337525073337304,0.119169878774569,0.00220294326081976,0.0124818440930912,"ENSG00000056586","ENSG00000056586","RC3H2","ring finger and CCCH-type domains 2","54542","Upregulated",1.90372124636121,"RC3H2"
939.333092882991,0.353714910542424,0.125936105124204,0.0022288445684911,0.0126182830370581,"ENSG00000160218","ENSG00000160218","TRAPPC10","trafficking protein particle complex subunit 10","7109","Upregulated",1.89899973528684,"TRAPPC10"
180.250704923692,0.735659383355912,0.33165686817871,0.00223962980017972,0.0126638226849003,"ENSG00000113578","ENSG00000113578","FGF1","fibroblast growth factor 1","2246","Upregulated",1.89743517896601,"FGF1"
1385.89226416289,0.302585149059977,0.105615331256575,0.00223899874886862,0.0126638226849003,"ENSG00000119541","ENSG00000119541","VPS4B","vacuolar protein sorting 4 homolog B","9525","Upregulated",1.89743517896601,"VPS4B"
525.247878708282,0.436345545137687,0.162876922631323,0.00223828088546248,0.0126638226849003,"ENSG00000127955","ENSG00000127955","GNAI1","G protein subunit alpha i1","2770","Upregulated",1.89743517896601,"GNAI1"
1500.98744711067,0.314526274186437,0.110169340664614,0.00225734637117669,0.012748395826462,"ENSG00000047644","ENSG00000047644","WWC3","WWC family member 3","55841","Upregulated",1.89454446052781,"WWC3"
134.778951568829,0.531252369191293,0.207653561248824,0.00226932861246298,0.0128108453116597,"ENSG00000183655","ENSG00000183655","KLHL25","kelch like family member 25","64410","Upregulated",1.89242221279418,"KLHL25"
436.328671700155,0.342550155880594,0.121530837850971,0.00227277000540806,0.0128198288583436,"ENSG00000198818","ENSG00000198818","SFT2D1","SFT2 domain containing 1","113402","Upregulated",1.89211777250621,"SFT2D1"
12632.264159847,0.235804495176197,0.0801361539879855,0.00227898516961375,0.0128496564140264,"ENSG00000197324","ENSG00000197324","LRP10","LDL receptor related protein 10","26020","Upregulated",1.89110848474415,"LRP10"
580.571894324151,0.403455686306628,0.148286167725929,0.00228015204857835,0.0128510074181567,"ENSG00000142102","ENSG00000142102","PGGHG","protein-glucosylgalactosylhydroxylysine glucosidase","80162","Upregulated",1.89106282571813,"PGGHG"
1450.22838595515,0.342052483056935,0.12143203394155,0.00228163601426996,0.0128541437080355,"ENSG00000013583","ENSG00000013583","HEBP1","heme binding protein 1","50865","Upregulated",1.89095684902979,"HEBP1"
745.325633434608,0.353905673753856,0.126892456358633,0.00228465025914361,0.0128658951407848,"ENSG00000169446","ENSG00000169446","MMGT1","membrane magnesium transporter 1","93380","Upregulated",1.8905599924945,"MMGT1"
1195.88575874366,0.302451957085606,0.104809336513185,0.00231657192059761,0.013029776886186,"ENSG00000174021","ENSG00000174021","GNG5","G protein subunit gamma 5","2787","Upregulated",1.88506302081296,"GNG5"
2838.47233841585,0.760548169715394,0.347360138873818,0.00232284450563081,0.0130597574050862,"ENSG00000155511","ENSG00000155511","GRIA1","glutamate ionotropic receptor AMPA type subunit 1","2890","Upregulated",1.8840648903359,"GRIA1"
408.125792080103,0.396619858203102,0.145133323015897,0.00233168670031386,0.0130988431210579,"ENSG00000151229","ENSG00000151229","SLC2A13","solute carrier family 2 member 13","114134","Upregulated",1.88276705917836,"SLC2A13"
2450.22871656158,0.279754718199486,0.0967693232061445,0.00233727748227241,0.0131196146726664,"ENSG00000114439","ENSG00000114439","BBX","BBX high mobility group box domain containing","56987","Upregulated",1.88207892014269,"BBX"
801.929127337355,0.352609393582853,0.126340578280303,0.00233716538037688,0.0131196146726664,"ENSG00000140743","ENSG00000140743","CDR2","cerebellar degeneration related protein 2","1039","Upregulated",1.88207892014269,"CDR2"
540.255293873314,0.337434784413261,0.119017430229674,0.00234609423522009,0.0131587380425819,"ENSG00000134575","ENSG00000134575","ACP2","acid phosphatase 2, lysosomal","53","Upregulated",1.88078575870249,"ACP2"
1099.45443535046,0.287157973135402,0.0997948752900448,0.00236980212231783,0.0132860386784801,"ENSG00000111737","ENSG00000111737","RAB35","RAB35, member RAS oncogene family","11021","Upregulated",1.87660448756916,"RAB35"
1184.83019655633,0.276590534689928,0.0958899154516395,0.00239107091230259,0.0133836234949926,"ENSG00000171865","ENSG00000171865","RNASEH1","ribonuclease H1","246243","Upregulated",1.87342628934595,"RNASEH1"
924.370842403408,0.299538756593387,0.104812351914665,0.00239347054983792,0.0133916464877689,"ENSG00000205250","ENSG00000205250","E2F4","E2F transcription factor 4","1874","Upregulated",1.87316602369054,"E2F4"
368.317941997498,0.443855905344625,0.167362605865773,0.002394881515509,0.0133941335445679,"ENSG00000155816","ENSG00000155816","FMN2","formin 2","56776","Upregulated",1.87308537529832,"FMN2"
131.380541938342,0.583905499282975,0.237651355305828,0.00239787974259456,0.013405492276167,"ENSG00000151967","ENSG00000151967","SCHIP1","schwannomin interacting protein 1","29970","Upregulated",1.87271723323668,"SCHIP1"
1577.06335480914,0.256631910250342,0.0884778513184554,0.00240982566490639,0.0134614163200071,"ENSG00000167863","ENSG00000167863","ATP5PD","ATP synthase peripheral stalk subunit d","10476","Upregulated",1.87090924415333,"ATP5PD"
1924.6929383907,0.27311847624913,0.0946540900073049,0.00242919502924865,0.0135641474256072,"ENSG00000157954","ENSG00000157954","WIPI2","WD repeat domain, phosphoinositide interacting 2","26100","Upregulated",1.86760749862119,"WIPI2"
819.692615150627,0.435502277150689,0.164594634173664,0.00246365129136146,0.0137178558645956,"ENSG00000120800","ENSG00000120800","UTP20","UTP20 small subunit processome component","27340","Upregulated",1.86271376464561,"UTP20"
2309.78986608449,0.27939068185103,0.097518910132874,0.00249047286302475,0.0138616318910281,"ENSG00000110713","ENSG00000110713","NUP98","nucleoporin 98 and 96 precursor","4928","Upregulated",1.85818563844362,"NUP98"
3059.94335784898,0.301302121560893,0.106449255470312,0.00249930718131506,0.0138936585915214,"ENSG00000173482","ENSG00000173482","PTPRM","protein tyrosine phosphatase receptor type M","5797","Upregulated",1.85718337723653,"PTPRM"
378.162563790751,0.364228995491569,0.131927153817334,0.00250250110072922,0.0139006664348722,"ENSG00000162961","ENSG00000162961","DPY30","dpy-30 histone methyltransferase complex regulatory subunit","84661","Upregulated",1.85696437801573,"DPY30"
970.567899638852,0.330679153687741,0.118095107055496,0.00251047737233442,0.0139338029247828,"ENSG00000091483","ENSG00000091483","FH","fumarate hydratase","2271","Upregulated",1.85593033627917,"FH"
744.04860965136,0.297361098187791,0.104936890421746,0.00251568138114878,0.0139570969821221,"ENSG00000204560","ENSG00000204560","DHX16","DEAH-box helicase 16","8449","Upregulated",1.8552049037582,"DHX16"
3388.29569346136,0.446388937895095,0.171384173455111,0.00253314344898434,0.0140371191761191,"ENSG00000169213","ENSG00000169213","RAB3B","RAB3B, member RAS oncogene family","5865","Upregulated",1.85272201288212,"RAB3B"
57.0717182927219,1.04690421374975,0.549401787439927,0.00253516827129714,0.0140427246490436,"ENSG00000168955","ENSG00000168955","TM4SF20","transmembrane 4 L six family member 20","79853","Upregulated",1.85254861975308,"TM4SF20"
3201.24277509589,0.322576241024702,0.114367259654438,0.00255619409659547,0.014153533353862,"ENSG00000183291","ENSG00000183291","SELENOF","selenoprotein F","9403","Upregulated",1.84913512731092,"SELENOF"
582.914643125725,0.353650650208087,0.128082678602229,0.00258220923827731,0.0142918681442832,"ENSG00000115540","ENSG00000115540","MOB4","MOB family member 4, phocein","25843","Upregulated",1.84491099921983,"MOB4"
2902.87394620515,0.246271152373368,0.084815491442117,0.00260764263096225,0.0144268739411201,"ENSG00000145907","ENSG00000145907","G3BP1","G3BP stress granule assembly factor 1","10146","Upregulated",1.84082776296047,"G3BP1"
318.481897046362,0.507875247312639,0.202068502237611,0.00263374623778441,0.0145538632812816,"ENSG00000005249","ENSG00000005249","PRKAR2B","protein kinase cAMP-dependent type II regulatory subunit beta","5577","Upregulated",1.83702170914961,"PRKAR2B"
45.2922983416324,1.11988489086642,0.90690997273944,0.00269066993413789,0.0148388359002057,"ENSG00000128815","ENSG00000128815","WDFY4","WDFY family member 4","57705","Upregulated",1.82860016792135,"WDFY4"
4146.66357993636,0.248595910573534,0.086750670472683,0.00268965124346,0.0148388359002057,"ENSG00000155506","ENSG00000155506","LARP1","La ribonucleoprotein 1, translational regulator","23367","Upregulated",1.82860016792135,"LARP1"
2132.93663224695,0.269071080964767,0.0943313719981961,0.00269262400233746,0.0148437056676193,"ENSG00000105993","ENSG00000105993","DNAJB6","DnaJ heat shock protein family (Hsp40) member B6","10049","Upregulated",1.82845766576196,"DNAJB6"
2382.60595716455,0.263310007580217,0.0918427011872482,0.00269873918177716,0.014871501518986,"ENSG00000162889","ENSG00000162889","MAPKAPK2","MAPK activated protein kinase 2","9261","Upregulated",1.82764518020105,"MAPKAPK2"
958.756356708879,0.313329225536276,0.112000674626011,0.0027109998548677,0.0149051401681817,"ENSG00000013561","ENSG00000013561","RNF14","ring finger protein 14","9604","Upregulated",1.82666393549974,"RNF14"
1239.21053243549,0.283653733121428,0.0994606746226661,0.002711259068326,0.0149051401681817,"ENSG00000103035","ENSG00000103035","PSMD7","proteasome 26S subunit, non-ATPase 7","5713","Upregulated",1.82666393549974,"PSMD7"
7680.37722219355,0.234577876114044,0.0812684143986323,0.00270833104787413,0.0149051401681817,"ENSG00000149115","ENSG00000149115","TNKS1BP1","tankyrase 1 binding protein 1","85456","Upregulated",1.82666393549974,"TNKS1BP1"
14.1054832576376,1.53084935121082,1.06874608710086,0.00271739056775683,0.0149327184292394,"ENSG00000164107","ENSG00000164107","HAND2","heart and neural crest derivatives expressed 2","9464","Upregulated",1.8258611238657,"HAND2"
1518.93362524874,0.266335658921942,0.0935384319020609,0.00271975295587699,0.0149397765420132,"ENSG00000114650","ENSG00000114650","SCAP","SREBF chaperone","22937","Upregulated",1.82565589832359,"SCAP"
755.401076139061,0.346732240179755,0.126067017323599,0.00272323591469713,0.0149529819896147,"ENSG00000154889","ENSG00000154889","MPPE1","metallophosphoesterase 1","65258","Upregulated",1.82527218978151,"MPPE1"
22.0423694233282,1.249958966943,0.712865051152075,0.00273593505803104,0.0149989414435333,"ENSG00000039537","ENSG00000039537","C6","complement C6","729","Upregulated",1.82393939037462,"C6"
609.731475194769,0.304797542322197,0.108423569296753,0.00274206866393222,0.0150266230183616,"ENSG00000163516","ENSG00000163516","ANKZF1","ankyrin repeat and zinc finger peptidyl tRNA hydrolase 1","55139","Upregulated",1.82313860885262,"ANKZF1"
3372.19076164586,0.27879272483126,0.0984990115338916,0.00274631372285724,0.0150352800844905,"ENSG00000166333","ENSG00000166333","ILK","integrin linked kinase","3611","Upregulated",1.82288847723984,"ILK"
366.764998281127,0.361983115186624,0.132604849557773,0.00274690303585612,0.0150352800844905,"ENSG00000167985","ENSG00000167985","SDHAF2","succinate dehydrogenase complex assembly factor 2","54949","Upregulated",1.82288847723984,"SDHAF2"
26.3282562884274,1.11882678509517,0.62260222884547,0.00274491430882122,0.0150352800844905,"ENSG00000196196","ENSG00000196196","HRCT1","histidine rich carboxyl terminus 1","646962","Upregulated",1.82288847723984,"HRCT1"
536.553368137754,0.403356270886486,0.151151061850462,0.00275021640231928,0.0150474730042412,"ENSG00000162032","ENSG00000162032","SPSB3","splA/ryanodine receptor domain and SOCS box containing 3","90864","Upregulated",1.82253642714387,"SPSB3"
673.340266789748,0.345355536885257,0.125377058880295,0.00276269620286872,0.01510978953258,"ENSG00000120675","ENSG00000120675","DNAJC15","DnaJ heat shock protein family (Hsp40) member C15","29103","Upregulated",1.82074158499756,"DNAJC15"
1784.98444977995,0.263946975176755,0.0927014733900135,0.00276802397121644,0.0151329562986543,"ENSG00000101367","ENSG00000101367","MAPRE1","microtubule associated protein RP/EB family member 1","22919","Upregulated",1.82007622209078,"MAPRE1"
382.850112376464,0.440686936411118,0.169883890377675,0.00279778002120037,0.0152835763948821,"ENSG00000163659","ENSG00000163659","TIPARP","TCDD inducible poly(ADP-ribose) polymerase","25976","Upregulated",1.81577500787938,"TIPARP"
455.420461864533,0.482121337892062,0.190435801317443,0.00280720561276074,0.0153290238720453,"ENSG00000088387","ENSG00000088387","DOCK9","dedicator of cytokinesis 9","23348","Upregulated",1.81448549944971,"DOCK9"
501.714050076874,0.433215218579829,0.167034675371069,0.00281790911716075,0.0153814109707486,"ENSG00000126522","ENSG00000126522","ASL","argininosuccinate lyase","435","Upregulated",1.81300382391666,"ASL"
1268.92894701363,0.26722361294405,0.094540610010405,0.00285265781078761,0.0155282736055403,"ENSG00000055130","ENSG00000055130","CUL1","cullin 1","8454","Upregulated",1.80887682535736,"CUL1"
1943.29592319808,0.331272389781577,0.120307973257025,0.00286530918269873,0.0155910168680886,"ENSG00000154978","ENSG00000154978","VOPP1","VOPP1 WW domain binding protein","81552","Upregulated",1.80712555858936,"VOPP1"
1067.82885006602,0.286776717755608,0.101997605162102,0.00287230967613432,0.0156229748043742,"ENSG00000141699","ENSG00000141699","RETREG3","reticulophagy regulator family member 3","162427","Upregulated",1.80623626763439,"RETREG3"
3133.41183148259,0.28089970505807,0.100509013432365,0.00292149871304852,0.0158718348350213,"ENSG00000198408","ENSG00000198408","OGA","O-GlcNAcase","10724","Upregulated",1.79937286450769,"OGA"
711.121968504391,0.317947271284783,0.114898030515907,0.00294472380557247,0.0159729656443949,"ENSG00000135503","ENSG00000135503","ACVR1B","activin A receptor type 1B","91","Upregulated",1.79661444244494,"ACVR1B"
5677.09216218592,0.333589144730743,0.122525425833299,0.00294791811203484,0.0159777853401216,"ENSG00000163297","ENSG00000163297","ANTXR2","ANTXR cell adhesion molecule 2","118429","Upregulated",1.79648341783926,"ANTXR2"
90.4465013575156,1.01642145831972,0.676478979530753,0.00296702654745543,0.0160562362050702,"ENSG00000108551","ENSG00000108551","RASD1","ras related dexamethasone induced 1","51655","Upregulated",1.79435625151932,"RASD1"
744.165216713872,0.297216517106006,0.106678728007296,0.00299266438465124,0.0161823393315964,"ENSG00000198954","ENSG00000198954","KIFBP","kinesin family binding protein","26128","Upregulated",1.79095869623634,"KIFBP"
2514.32866500752,0.301616134048171,0.109714499555098,0.00300909103065136,0.0162648177042891,"ENSG00000203485","ENSG00000203485","INF2","inverted formin 2","64423","Upregulated",1.78875079991763,"INF2"
1064.60244476168,0.280127537197583,0.100021790770724,0.00302159736055049,0.0163260498323077,"ENSG00000159792","ENSG00000159792","PSKH1","protein serine kinase H1","5681","Upregulated",1.78711888222939,"PSKH1"
655.49010164109,0.313755531179721,0.113800629896132,0.00303755767900056,0.0164058892725132,"ENSG00000168924","ENSG00000168924","LETM1","leucine zipper and EF-hand containing transmembrane protein 1","3954","Upregulated",1.78500022393821,"LETM1"
15.4446221481274,1.60184134167618,0.970199857396549,0.00306428658060031,0.0165314287329468,"ENSG00000223865","ENSG00000223865","HLA-DPB1","major histocompatibility complex, class II, DP beta 1","3115","Upregulated",1.78168961079509,"HLA-DPB1"
274.619037317981,0.404683890729327,0.153833451894072,0.00306857309484266,0.0165476087632002,"ENSG00000164051","ENSG00000164051","CCDC51","coiled-coil domain containing 51","79714","Upregulated",1.78126475572382,"CCDC51"
1671.59814642433,0.311782134364679,0.113269936135361,0.00310059868684554,0.0166878435732009,"ENSG00000130382","ENSG00000130382","MLLT1","MLLT1 super elongation complex subunit","4298","Upregulated",1.7775997798436,"MLLT1"
208.529377352998,0.512497636679392,0.210201929185107,0.00314587823869266,0.0168791043399309,"ENSG00000070371","ENSG00000070371","CLTCL1","clathrin heavy chain like 1","8218","Upregulated",1.77265060217398,"CLTCL1"
915.117447164396,0.310144954142407,0.112786683173596,0.00315059467208451,0.0168931360998762,"ENSG00000103066","ENSG00000103066","PLA2G15","phospholipase A2 group XV","23659","Upregulated",1.77228971902338,"PLA2G15"
774.933359589744,1.10616085379936,0.78750646274391,0.00315206697397041,0.0168931360998762,"ENSG00000117594","ENSG00000117594","HSD11B1","hydroxysteroid 11-beta dehydrogenase 1","3290","Upregulated",1.77228971902338,"HSD11B1"
745.778489624336,0.450378851368059,0.177508192791332,0.00315752323346063,0.0169023230948362,"ENSG00000160712","ENSG00000160712","IL6R","interleukin 6 receptor","3570","Upregulated",1.77205360083415,"IL6R"
580.154873476001,0.331693887174733,0.121833213686675,0.00318172260053534,0.0170055894796835,"ENSG00000164934","ENSG00000164934","DCAF13","DDB1 and CUL4 associated factor 13","25879","Upregulated",1.76940830913928,"DCAF13"
1694.89243480114,0.261526235414937,0.0931212883845367,0.00319833274490899,0.017078358897823,"ENSG00000146433","ENSG00000146433","TMEM181","transmembrane protein 181","57583","Upregulated",1.76755386408391,"TMEM181"
77.4302756011265,0.837202356248362,0.434891140055405,0.00320146442615216,0.0170847498968205,"ENSG00000132334","ENSG00000132334","PTPRE","protein tyrosine phosphatase receptor type E","5791","Upregulated",1.76739137444355,"PTPRE"
385.850675351503,0.406505198190512,0.15617583627169,0.00323357098644217,0.017235026031113,"ENSG00000138382","ENSG00000138382","METTL5","methyltransferase 5, N6-adenosine","29081","Upregulated",1.76358805631404,"METTL5"
473.929260372737,0.360193937112274,0.134991506592579,0.003235131304473,0.017235026031113,"ENSG00000144228","ENSG00000144228","SPOPL","speckle type BTB/POZ protein like","339745","Upregulated",1.76358805631404,"SPOPL"
61.3020106527666,0.903072953025477,0.488274727346895,0.00323584224929332,0.017235026031113,"ENSG00000197943","ENSG00000197943","PLCG2","phospholipase C gamma 2","5336","Upregulated",1.76358805631404,"PLCG2"
1934.89637492064,0.332767495332396,0.122714027926394,0.00324093417580186,0.0172555154600223,"ENSG00000115295","ENSG00000115295","CLIP4","CAP-Gly domain containing linker protein family member 4","79745","Upregulated",1.76307206285179,"CLIP4"
2098.08968255869,0.260947265665589,0.0930905691780242,0.00325512408818512,0.0173244104217195,"ENSG00000179632","ENSG00000179632","MAF1","MAF1 negative regulator of RNA polymerase III","84232","Upregulated",1.76134153622269,"MAF1"
583.24300712289,0.397582981033686,0.152355835616244,0.00326822821777469,0.017387475957827,"ENSG00000137942","ENSG00000137942","FNBP1L","formin binding protein 1 like","54874","Upregulated",1.7597634575112,"FNBP1L"
1455.72262547508,0.420080894728584,0.164185483547933,0.00328921797223998,0.0174790152903657,"ENSG00000198909","ENSG00000198909","MAP3K3","mitogen-activated protein kinase kinase kinase 3","4215","Upregulated",1.7574830377203,"MAP3K3"
429.206086023938,0.356266529284795,0.1335996181683,0.00331543355837302,0.0176115728959339,"ENSG00000176485","ENSG00000176485","PLAAT3","phospholipase A and acyltransferase 3","11145","Upregulated",1.7542018553036,"PLAAT3"
42.0844220144445,0.770749183325665,0.366333919120244,0.00335697764918631,0.0178049572292664,"ENSG00000184185","ENSG00000184185","KCNJ12","potassium inwardly rectifying channel subfamily J member 12","3768","Upregulated",1.74945906524252,"KCNJ12"
260.663565591875,0.501525057047684,0.206138473664736,0.00338113831203201,0.0179262417239677,"ENSG00000224531","ENSG00000224531","SMIM13","small integral membrane protein 13","221710","Upregulated",1.74651075168864,"SMIM13"
1529.11000068493,0.287984924099844,0.104744170990716,0.00345090526840416,0.0182612050839302,"ENSG00000128016","ENSG00000128016","ZFP36","ZFP36 zinc finger CCCH-type","7538","Upregulated",1.73847056612088,"ZFP36"
237.483669544801,0.400835316703068,0.154480849834282,0.00348738703883047,0.0184472125844089,"ENSG00000063169","ENSG00000063169","BICRA","BRD4 interacting chromatin remodeling complex associated protein","29998","Upregulated",1.73406924742711,"BICRA"
7976.20963846138,0.215232967503732,0.0759569005814491,0.00349057977309363,0.0184570564957286,"ENSG00000122566","ENSG00000122566","HNRNPA2B1","heterogeneous nuclear ribonucleoprotein A2/B1","3181","Upregulated",1.73383755843425,"HNRNPA2B1"
1376.83964918956,0.339229736474309,0.126816692469337,0.00349321158350788,0.0184639280457039,"ENSG00000106299","ENSG00000106299","WASL","WASP like actin nucleation promoting factor","8976","Upregulated",1.73367590097533,"WASL"
526.753184251495,0.334488001637926,0.124904484304493,0.0035483609409912,0.0187126081739715,"ENSG00000173915","ENSG00000173915","ATP5MK","ATP synthase membrane subunit k","84833","Upregulated",1.72786567606917,"ATP5MK"
42.8545497720949,0.841127120193741,0.425011718073044,0.00354740230184476,0.0187126081739715,"ENSG00000198108","ENSG00000198108","CHSY3","chondroitin sulfate synthase 3","337876","Upregulated",1.72786567606917,"CHSY3"
1333.4621383873,0.326771230056867,0.121877087344755,0.00357484358906129,0.0188164668821878,"ENSG00000165516","ENSG00000165516","KLHDC2","kelch domain containing 2","23588","Upregulated",1.72546191957067,"KLHDC2"
458.730765043729,0.398420226716073,0.154996785149666,0.00357931081035973,0.0188328278362853,"ENSG00000078177","ENSG00000078177","N4BP2","NEDD4 binding protein 2","55728","Upregulated",1.72508446375995,"N4BP2"
997.025681581144,0.293760589759783,0.107675938881842,0.00358795262600333,0.018871132995742,"ENSG00000120265","ENSG00000120265","PCMT1","protein-L-isoaspartate (D-aspartate) O-methyltransferase","5110","Upregulated",1.72420202463489,"PCMT1"
4475.55237783757,0.273035844084083,0.0995060407116422,0.00360446142523443,0.0189435839561335,"ENSG00000115641","ENSG00000115641","FHL2","four and a half LIM domains 2","2274","Upregulated",1.72253785293963,"FHL2"
1369.18759216618,0.281598456786431,0.103029570071159,0.00363740341153047,0.0190949901062124,"ENSG00000145147","ENSG00000145147","SLIT2","slit guidance ligand 2","9353","Upregulated",1.71908056231389,"SLIT2"
641.448477655701,0.413164083028295,0.162794813981543,0.00364710382238025,0.0191386640948004,"ENSG00000242732","ENSG00000242732","RTL5","retrotransposon Gag like 5","340526","Upregulated",1.71808837985618,"RTL5"
164.502235724074,0.486545081730755,0.199682598186245,0.00364857233961621,0.0191391234120897,"ENSG00000146386","ENSG00000146386","ABRACL","ABRA C-terminal like","58527","Upregulated",1.71807795715533,"ABRACL"
540.011952471644,0.33886637999173,0.127342418574591,0.00366048644313869,0.0191842603868911,"ENSG00000099977","ENSG00000099977","DDT","D-dopachrome tautomerase","1652","Upregulated",1.71705493955056,"DDT"
119.258151988242,0.521725391129666,0.219807918477912,0.00366132972965777,0.0191842603868911,"ENSG00000100116","ENSG00000100116","GCAT","glycine C-acetyltransferase","23464","Upregulated",1.71705493955056,"GCAT"
338.491189138345,0.37298349287161,0.142769128952476,0.00367521358648062,0.0192351907458591,"ENSG00000173065","ENSG00000173065","FAM222B","family with sequence similarity 222 member B","55731","Upregulated",1.71590350265255,"FAM222B"
82.0623937272228,0.620620724011008,0.276998353400961,0.00369106900498809,0.0192963128404866,"ENSG00000169418","ENSG00000169418","NPR1","natriuretic peptide receptor 1","4881","Upregulated",1.71452566850575,"NPR1"
133.626339234622,0.564281217531432,0.245168141479205,0.00374418205230483,0.0195444892892251,"ENSG00000258461","ENSG00000258461",NA,NA,NA,"Upregulated",1.70897567349314,"ENSG00000258461"
816.183295546773,0.298693875167821,0.110373409195113,0.003773651355988,0.0196760850799991,"ENSG00000151327","ENSG00000151327","FAM177A1","family with sequence similarity 177 member A1","283635","Upregulated",1.7060613082059,"FAM177A1"
734.301989326133,0.439053599901165,0.176470124993049,0.00378273212842317,0.0197160152567945,"ENSG00000135074","ENSG00000135074","ADAM19","ADAM metallopeptidase domain 19","8728","Upregulated",1.70518085444818,"ADAM19"
637.02815505104,0.340804636063973,0.128886226333655,0.00378501398872553,0.0197204920562959,"ENSG00000138686","ENSG00000138686","BBS7","Bardet-Biedl syndrome 7","55212","Upregulated",1.70508225295119,"BBS7"
1352.82859810731,0.255920596840075,0.0926872214057277,0.0037925318450831,0.0197522355659552,"ENSG00000173039","ENSG00000173039","RELA","RELA proto-oncogene, NF-kB subunit","5970","Upregulated",1.70438374363179,"RELA"
603.855795499879,0.383218887616514,0.149256934352565,0.00384412169747192,0.0200058890744511,"ENSG00000135540","ENSG00000135540","NHSL1","NHS like 1","57224","Upregulated",1.69884214353276,"NHSL1"
277.350375966891,0.384538916254687,0.149810122935021,0.00388178447714119,0.0201943134642266,"ENSG00000182796","ENSG00000182796",NA,NA,NA,"Upregulated",1.69477090673099,"ENSG00000182796"
686.456102961997,0.319386334268744,0.11978649590486,0.00395473653534227,0.0205583997161698,"ENSG00000155850","ENSG00000155850","SLC26A2","solute carrier family 26 member 2","1836","Upregulated",1.68701069422373,"SLC26A2"
217.152027445767,0.58615320422686,0.265755176426614,0.00395821281557147,0.0205687556846663,"ENSG00000182107","ENSG00000182107","CDC50B","cell division cycle 50 P4-ATPase accessory subunit B","161291","Upregulated",1.6867919803339,"CDC50B"
1049.13405920228,0.313540999843054,0.117075494119738,0.00396091761158348,0.0205750963939038,"ENSG00000188549","ENSG00000188549","CCDC9B","coiled-coil domain containing 9B","388115","Upregulated",1.6866581214502,"CCDC9B"
2258.68833996138,0.233749048747188,0.084463374895955,0.00400731663753512,0.0207694096034402,"ENSG00000167193","ENSG00000167193","CRK","CRK proto-oncogene, adaptor protein","1398","Upregulated",1.68257584865567,"CRK"
296.731746637295,0.384934796570095,0.15049153379216,0.00404442171202266,0.0209382295505872,"ENSG00000133641","ENSG00000133641","RLIG1","RNA 5'-phosphate and 3'-OH ligase 1","91298","Upregulated",1.67906004323582,"RLIG1"
117.486518101874,0.847631696325543,0.52909958953124,0.00405590238950842,0.0209898249500363,"ENSG00000144891","ENSG00000144891","AGTR1","angiotensin II receptor type 1","185","Upregulated",1.67799118331137,"AGTR1"
236.000926501925,0.413174050275562,0.164157887276349,0.00409196525925215,0.0211527588690696,"ENSG00000170085","ENSG00000170085","SIMC1","SUMO interacting motifs containing 1","375484","Upregulated",1.67463298131617,"SIMC1"
397.973050023626,0.462605814381779,0.192023980815042,0.00410988596471135,0.0212363872372864,"ENSG00000106993","ENSG00000106993","CDC37L1","cell division cycle 37 like 1, HSP90 cochaperone","55664","Upregulated",1.67291936406721,"CDC37L1"
40665.0953295364,0.243448650938602,0.0896216558596895,0.00413569724019391,0.021346975065865,"ENSG00000100345","ENSG00000100345","MYH9","myosin heavy chain 9","4627","Upregulated",1.6706636571859,"MYH9"
13.7746446372025,1.25818389108007,0.890503709258196,0.00413785546497125,0.0213501633987478,"ENSG00000171219","ENSG00000171219","CDC42BPG","CDC42 binding protein kinase gamma","55561","Upregulated",1.67059879684959,"CDC42BPG"
8145.93788850925,0.409531827623788,0.166973277987362,0.00415870228955258,0.0214497413587307,"ENSG00000182752","ENSG00000182752","PAPPA","pappalysin 1","5069","Upregulated",1.66857794017638,"PAPPA"
576.418640200104,0.296724876154038,0.111182837287256,0.00419207606245248,0.0216057947748341,"ENSG00000145022","ENSG00000145022","TCTA","T cell leukemia translocation altered","6988","Upregulated",1.66542975342235,"TCTA"
500.389761285357,0.311827304018563,0.117739408390313,0.00421049110957653,0.0216896650048599,"ENSG00000173545","ENSG00000173545","ZNF622","zinc finger protein 622","90441","Upregulated",1.66374715557752,"ZNF622"
508.505974994736,0.343409424536829,0.131992372338852,0.00421147907699531,0.0216896650048599,"ENSG00000241878","ENSG00000241878","PISD","phosphatidylserine decarboxylase","23761","Upregulated",1.66374715557752,"PISD"
4229.05481215478,0.393173349030477,0.157180079954763,0.00425142323025302,0.0218688997950839,"ENSG00000074416","ENSG00000074416","MGLL","monoglyceride lipase","11343","Upregulated",1.66017306538225,"MGLL"
740.483851570391,0.312487376846428,0.117959037919262,0.00426303378865738,0.0219063349191704,"ENSG00000175782","ENSG00000175782","SLC35E3","solute carrier family 35 member E3","55508","Upregulated",1.65943027682203,"SLC35E3"
718.112506731426,0.367854456181996,0.145210996221753,0.00428840029984031,0.0220040502611947,"ENSG00000135899","ENSG00000135899","SP110","SP110 nuclear body protein","3431","Upregulated",1.6574973717147,"SP110"
2420.84152648473,0.343409669928509,0.132706818067105,0.00429086871276885,0.0220085675389576,"ENSG00000163683","ENSG00000163683","SMIM14","small integral membrane protein 14","201895","Upregulated",1.65740822324271,"SMIM14"
2175.10040046389,0.2317284565933,0.0845460299314925,0.00430702090449294,0.0220832418480827,"ENSG00000005007","ENSG00000005007","UPF1","UPF1 RNA helicase and ATPase","5976","Upregulated",1.6559371712786,"UPF1"
326.453391886679,0.417708962408906,0.168532132762101,0.00431635802337869,0.022122931156067,"ENSG00000109016","ENSG00000109016","DHRS7B","dehydrogenase/reductase 7B","25979","Upregulated",1.6551573321336,"DHRS7B"
866.89114900148,0.263465718035386,0.0985372486197829,0.00432800216177094,0.0221744110757794,"ENSG00000168291","ENSG00000168291","PDHB","pyruvate dehydrogenase E1 subunit beta","5162","Upregulated",1.65414790565342,"PDHB"
19602.995861494,0.265417260377655,0.0971274542236485,0.00434847807480421,0.0222710856018889,"ENSG00000065534","ENSG00000065534","MYLK","myosin light chain kinase","4638","Upregulated",1.65225861280795,"MYLK"
5282.9388487241,0.204491612530766,0.0738599483267281,0.00436570841645995,0.0223510723840851,"ENSG00000197965","ENSG00000197965","MPZL1","myelin protein zero like 1","9019","Upregulated",1.65070163497868,"MPZL1"
302.477939624398,0.392981274187689,0.155860728774925,0.00436886921990598,0.022358995021668,"ENSG00000104976","ENSG00000104976","SNAPC2","small nuclear RNA activating complex polypeptide 2","6618","Upregulated",1.65054772074772,"SNAPC2"
685.822980636644,0.362005187683686,0.140817701980273,0.00444346367707673,0.0227155894874978,"ENSG00000033050","ENSG00000033050","ABCF2","ATP binding cassette subfamily F member 2","10061","Upregulated",1.64367598841812,"ABCF2"
556.463626703902,0.333220053815681,0.127934560392734,0.00445117899978028,0.022738256453356,"ENSG00000117620","ENSG00000117620","SLC35A3","solute carrier family 35 member A3","23443","Upregulated",1.64324283963583,"SLC35A3"
1218.61234497644,0.334160873063199,0.127560930782374,0.00446559125408398,0.0228034742779476,"ENSG00000100221","ENSG00000100221","JOSD1","Josephin domain containing 1","9929","Upregulated",1.64199897998233,"JOSD1"
46.9094799454602,0.860248283549126,0.48647862127279,0.00448562086893198,0.0228720454829023,"ENSG00000174808","ENSG00000174808","BTC","betacellulin","685","Upregulated",1.6406949940197,"BTC"
5730.31868653276,0.236888740549058,0.0870619639848358,0.00449094804928612,0.0228907866918192,"ENSG00000082153","ENSG00000082153","BZW1","basic leucine zipper and W2 domains 1","9689","Upregulated",1.64033928159173,"BZW1"
15091.3085117754,0.19815654761277,0.0718384916675368,0.00450200709851347,0.0229387192567273,"ENSG00000108654","ENSG00000108654","DDX5","DEAD-box helicase 5","1655","Upregulated",1.63943083383072,"DDX5"
1175.22475406288,0.326553618446111,0.125382638888982,0.00453411926439527,0.0230853632936275,"ENSG00000166068","ENSG00000166068","SPRED1","sprouty related EVH1 domain containing 1","161742","Upregulated",1.63666328658062,"SPRED1"
49.7022482836314,0.826677341854507,0.463268199462306,0.004624756533295,0.0235036673248755,"ENSG00000187479","ENSG00000187479","C11orf96","chromosome 11 open reading frame 96","387763","Upregulated",1.62886436859234,"C11orf96"
2963.72743707999,0.258861636043194,0.0965094364487926,0.00465459855652214,0.0236300358298948,"ENSG00000113384","ENSG00000113384","GOLPH3","golgi phosphoprotein 3","64083","Upregulated",1.62653561985245,"GOLPH3"
2924.82934944352,0.225609738514539,0.0825854759099719,0.00467935412097051,0.0237463085911865,"ENSG00000169871","ENSG00000169871","TRIM56","tripartite motif containing 56","81844","Upregulated",1.62440389269506,"TRIM56"
135.327556115348,0.548642415808135,0.245418546751465,0.0046850934100517,0.0237667311749292,"ENSG00000105889","ENSG00000105889","STEAP1B","STEAP family member 1B","256227","Upregulated",1.62403054609314,"STEAP1B"
1047.54687432519,0.308064081606517,0.118080195696456,0.00469895681680008,0.0238283360863638,"ENSG00000172175","ENSG00000172175","MALT1","MALT1 paracaspase","10892","Upregulated",1.62290628303081,"MALT1"
223.63507315962,0.471424544306142,0.201071869783373,0.00472625136376873,0.0239492203475213,"ENSG00000259330","ENSG00000259330","INAFM2","InaF motif containing 2","100505573","Upregulated",1.62070862021521,"INAFM2"
1436.07023526167,0.351940877314429,0.138314563617804,0.00472824095994543,0.0239505451256885,"ENSG00000027697","ENSG00000027697","IFNGR1","interferon gamma receptor 1","3459","Upregulated",1.62068459738995,"IFNGR1"
1282.61552789889,0.277895415154114,0.105032001037919,0.00475261637115397,0.0240652211500997,"ENSG00000140374","ENSG00000140374","ETFA","electron transfer flavoprotein subunit alpha","2108","Upregulated",1.61861014296952,"ETFA"
696.195053412824,0.307863822464101,0.117395995361037,0.00476834719269819,0.0241360568822514,"ENSG00000101343","ENSG00000101343","CRNKL1","crooked neck pre-mRNA splicing factor 1","51340","Upregulated",1.61733367931555,"CRNKL1"
652.166970383203,0.305253057329606,0.116941240296936,0.00480419592064587,0.0242997632351209,"ENSG00000179941","ENSG00000179941","BBS10","Bardet-Biedl syndrome 10","79738","Upregulated",1.61439795793179,"BBS10"
443.537981403067,0.326902230137279,0.126657045942445,0.00486031888412296,0.0245299196704516,"ENSG00000146376","ENSG00000146376","ARHGAP18","Rho GTPase activating protein 18","93663","Upregulated",1.61030387400057,"ARHGAP18"
38.4065974092399,0.771677316045775,0.406034142605218,0.00490389975204586,0.0247138715140377,"ENSG00000172955","ENSG00000172955","ADH6","alcohol dehydrogenase 6 (class V)","130","Upregulated",1.6070592155255,"ADH6"
542.06834622203,0.344827716699608,0.13537211956015,0.00494308843625652,0.0249023128455395,"ENSG00000180198","ENSG00000180198","RCC1","regulator of chromosome condensation 1","1104","Upregulated",1.60376031517701,"RCC1"
2992.2079923245,0.24825869477311,0.0932453309522137,0.00496065014331767,0.0249817043372964,"ENSG00000148672","ENSG00000148672","GLUD1","glutamate dehydrogenase 1","2746","Upregulated",1.60237793589649,"GLUD1"
994.808803668898,0.293280373500358,0.112086567303202,0.00497623951152756,0.0250511091137888,"ENSG00000115649","ENSG00000115649","CNPPD1","cyclin Pas1/PHO80 domain containing 1","27013","Upregulated",1.60117304140012,"CNPPD1"
211.615426630261,0.49578364187452,0.216716139943408,0.00499023606169182,0.025103332696547,"ENSG00000133106","ENSG00000133106","EPSTI1","epithelial stromal interaction 1","94240","Upregulated",1.6002686181349,"EPSTI1"
8874.42759702931,0.204139808329865,0.0750253627510432,0.00499644199459537,0.0251254316411818,"ENSG00000122545","ENSG00000122545","SEPTIN7","septin 7","989","Upregulated",1.59988646856556,"SEPTIN7"
3538.28562650539,0.260487370279773,0.0979901866339241,0.0050027074768761,0.0251478138999006,"ENSG00000070214","ENSG00000070214","SLC44A1","solute carrier family 44 member 1","23446","Upregulated",1.59949976219752,"SLC44A1"
1348.39070159216,0.294273090712847,0.112669106628091,0.00501519573584515,0.0251998499138904,"ENSG00000135090","ENSG00000135090","TAOK3","TAO kinase 3","51347","Upregulated",1.59860204579637,"TAOK3"
360.386781589751,0.336188846171808,0.13154992643685,0.00502710203504583,0.0252425081828265,"ENSG00000129235","ENSG00000129235","TXNDC17","thioredoxin domain containing 17","84817","Upregulated",1.59786749428363,"TXNDC17"
1497.20321373531,0.327116499568232,0.127677823075808,0.00503065211061165,0.0252425081828265,"ENSG00000180354","ENSG00000180354","MTURN","maturin, neural progenitor differentiation regulator homolog","222166","Upregulated",1.59786749428363,"MTURN"
1127.35348483685,0.279892550260583,0.106486475648314,0.00504111957216773,0.0252857833853473,"ENSG00000049656","ENSG00000049656","CLPTM1L","CLPTM1 like","81037","Upregulated",1.59712358683416,"CLPTM1L"
2718.62935083569,0.263119024811242,0.0981981217621925,0.00504292555574716,0.0252857833853473,"ENSG00000104388","ENSG00000104388","RAB2A","RAB2A, member RAS oncogene family","5862","Upregulated",1.59712358683416,"RAB2A"
251.651463041923,0.388267235243346,0.1568220767389,0.00504968240141035,0.0253013551703348,"ENSG00000213516","ENSG00000213516","RBMXL1","RBMX like 1","494115","Upregulated",1.59685621687807,"RBMXL1"
24.0260441447723,1.05862002004988,1.05588835011642,0.00506651497996732,0.0253673522786731,"ENSG00000116690","ENSG00000116690","PRG4","proteoglycan 4","10216","Upregulated",1.59572485996667,"PRG4"
319.162163097537,0.392778401367303,0.159873071293484,0.00513141751308285,0.0256367394786644,"ENSG00000128596","ENSG00000128596","CCDC136","coiled-coil domain containing 136","64753","Upregulated",1.59113720990465,"CCDC136"
35.5708364504157,0.919972785714552,0.63462349238415,0.0051547020655996,0.0257159884546958,"ENSG00000154319","ENSG00000154319","FAM167A","family with sequence similarity 167 member A","83648","Upregulated",1.58979677788889,"FAM167A"
901.384777962863,0.31622588976917,0.122946331345135,0.00516659348846508,0.0257567694808049,"ENSG00000145337","ENSG00000145337","PYURF","PIGY upstream open reading frame","100996939","Upregulated",1.5891086088837,"PYURF"
1369.3670518834,0.298728950093585,0.115261978757792,0.00521131985923685,0.0259407157567933,"ENSG00000151694","ENSG00000151694","ADAM17","ADAM metallopeptidase domain 17","6868","Upregulated",1.58601804502383,"ADAM17"
86.2073160729064,0.614575707687786,0.296298084447292,0.00521252421796071,0.0259407157567933,"ENSG00000174886","ENSG00000174886","NDUFA11","NADH:ubiquinone oxidoreductase subunit A11","126328","Upregulated",1.58601804502383,"NDUFA11"
3531.84384644207,0.228791426111506,0.0859720859872718,0.00521798525992664,0.0259569482115303,"ENSG00000159658","ENSG00000159658","EFCAB14","EF-hand calcium binding domain 14","9813","Upregulated",1.58574636937561,"EFCAB14"
851.592377102671,0.338933939522011,0.132970871068088,0.00522593804456571,0.0259778949824848,"ENSG00000106565","ENSG00000106565","TMEM176B","transmembrane protein 176B","28959","Upregulated",1.58539604319869,"TMEM176B"
57957.755691532,0.283241412754944,0.108355534730715,0.00522594496075963,0.0259778949824848,"ENSG00000198727","ENSG00000198727","MT-CYB","cytochrome b","4519","Upregulated",1.58539604319869,"MT-CYB"
61.1573616992952,0.741711456665641,0.401767076213216,0.00523851839451874,0.0260247062173171,"ENSG00000137869","ENSG00000137869","CYP19A1","cytochrome P450 family 19 subfamily A member 1","1588","Upregulated",1.58461416436952,"CYP19A1"
9814.26191642691,0.2031438115052,0.0758483281155295,0.00524219466543596,0.0260306613644848,"ENSG00000065308","ENSG00000065308","TRAM2","translocation associated membrane protein 2","9697","Upregulated",1.58451479757277,"TRAM2"
1030.95210081281,0.25825917861811,0.0976788664846913,0.00525597719708175,0.0260843168045026,"ENSG00000110911","ENSG00000110911","SLC11A2","solute carrier family 11 member 2","4891","Upregulated",1.58362053375166,"SLC11A2"
509.684233548524,0.314171259939476,0.122149314678254,0.00525997849022291,0.0260843168045026,"ENSG00000269556","ENSG00000269556","TMEM185A","transmembrane protein 185A","84548","Upregulated",1.58362053375166,"TMEM185A"
1713.62689909733,0.289259817414495,0.111150612184524,0.0052658170057548,0.0261012009594978,"ENSG00000117906","ENSG00000117906","RCN2","reticulocalbin 2","5955","Upregulated",1.58333950959338,"RCN2"
11104.5030292673,0.187567726616711,0.0686041753260268,0.00527414680345614,0.0261331428491593,"ENSG00000197694","ENSG00000197694","SPTAN1","spectrin alpha, non-erythrocytic 1","6709","Upregulated",1.58280835759111,"SPTAN1"
933.659505832331,0.413867490131683,0.174695388628327,0.0052950389422179,0.026217915219792,"ENSG00000181804","ENSG00000181804","SLC9A9","solute carrier family 9 member A9","285195","Upregulated",1.58140184523698,"SLC9A9"
681.953523380429,0.280088728295223,0.107274916731811,0.00530064896327637,0.0262363192793026,"ENSG00000144233","ENSG00000144233","AMMECR1L","AMMECR1 like","83607","Upregulated",1.58109709265049,"AMMECR1L"
27.4434635285239,1.00648818377853,0.756460961423691,0.00532694629810609,0.0263382621282384,"ENSG00000284969","ENSG00000284969",NA,NA,NA,"Upregulated",1.57941288438623,"ENSG00000284969"
1439.92789011389,0.27129997095342,0.102710261052564,0.00534983073244245,0.0264325504887415,"ENSG00000158470","ENSG00000158470","B4GALT5","beta-1,4-galactosyltransferase 5","9334","Upregulated",1.57786092957561,"B4GALT5"
60.7889049803716,0.809583075124655,0.492093464635375,0.0053480748261106,0.0264325504887415,"ENSG00000172817","ENSG00000172817","CYP7B1","cytochrome P450 family 7 subfamily B member 1","9420","Upregulated",1.57786092957561,"CYP7B1"
673.756074833366,0.400126581624556,0.165903279770738,0.00537615750863242,0.0265342474758322,"ENSG00000172164","ENSG00000172164","SNTB1","syntrophin beta 1","6641","Upregulated",1.57619322466274,"SNTB1"
470.72424256142,0.310078374722147,0.120651206815632,0.00542316848309282,0.0267377061569489,"ENSG00000120697","ENSG00000120697","ALG5","ALG5 dolichyl-phosphate beta-glucosyltransferase","29880","Upregulated",1.57287585384706,"ALG5"
4345.53093475615,0.218003524759656,0.0815119608684231,0.0054390597832372,0.0268000856073088,"ENSG00000095139","ENSG00000095139","ARCN1","archain 1 coat protein complex I subunit delta","372","Upregulated",1.57186381870545,"ARCN1"
458.200750304234,0.392143243130397,0.161317730846733,0.0054472571654056,0.0268183080125599,"ENSG00000128284","ENSG00000128284","APOL3","apolipoprotein L3","80833","Upregulated",1.57156862558913,"APOL3"
367.010577668059,0.356577649393155,0.142796977492202,0.00546906020760811,0.0269065336944412,"ENSG00000132406","ENSG00000132406","TMEM128","transmembrane protein 128","85013","Upregulated",1.57014224777103,"TMEM128"
633.258889915689,0.295882904745144,0.114612570473598,0.00550668331943234,0.0270724101184863,"ENSG00000163870","ENSG00000163870","TPRA1","transmembrane protein adipocyte associated 1","131601","Upregulated",1.56747307948746,"TPRA1"
25.617012781734,0.43896644463919,0.859077448312936,0.00553268699660158,0.0271713356080444,"ENSG00000285791","ENSG00000285791",NA,NA,NA,"Upregulated",1.56588901329549,"ENSG00000285791"
1577.59637263315,0.320383228365445,0.12613565062886,0.00555279512546787,0.0272507746614233,"ENSG00000168528","ENSG00000168528","SERINC2","serine incorporator 2","347735","Upregulated",1.56462114746442,"SERINC2"
908.030190892946,0.364658272555395,0.146959393859587,0.00559126950936598,0.0274298775682489,"ENSG00000162688","ENSG00000162688","AGL","amylo-alpha-1,6-glucosidase and 4-alpha-glucanotransferase","178","Upregulated",1.5617761308407,"AGL"
395.751074420586,0.45882086771598,0.200229264623199,0.00561500223078278,0.0275365590645501,"ENSG00000215012","ENSG00000215012","RTL10","retrotransposon Gag like 10","79680","Upregulated",1.56009032960715,"RTL10"
102.484420306011,0.60051935629403,0.291898286805184,0.00563429605378394,0.0276116368491484,"ENSG00000149809","ENSG00000149809","TM7SF2","transmembrane 7 superfamily member 2","7108","Upregulated",1.55890784712815,"TM7SF2"
1530.88764928059,0.290418852056625,0.112502245946967,0.00563367678776041,0.0276116368491484,"ENSG00000164164","ENSG00000164164","OTUD4","OTU deubiquitinase 4","54726","Upregulated",1.55890784712815,"OTUD4"
1150.43694074606,0.269132636851307,0.103226412155825,0.00563887692708338,0.0276243178976489,"ENSG00000087470","ENSG00000087470","DNM1L","dynamin 1 like","10059","Upregulated",1.55870843681614,"DNM1L"
895.494139616363,0.255244259805478,0.097110886640808,0.00564908482971994,0.0276645465212327,"ENSG00000138459","ENSG00000138459","SLC35A5","solute carrier family 35 member A5","55032","Upregulated",1.5580764443705,"SLC35A5"
36.6460998407589,0.774650336956805,0.43180017030404,0.00566474924805464,0.0277314587879863,"ENSG00000273604","ENSG00000273604","EPOP","elongin BC and polycomb repressive complex 2 associated protein","100170841","Upregulated",1.55702728415784,"EPOP"
524.111499155917,0.358873175344533,0.145431613763726,0.00568902822404193,0.0278208335063504,"ENSG00000117525","ENSG00000117525","F3","coagulation factor III, tissue factor","2152","Upregulated",1.55562986277726,"F3"
1048.57771004015,0.310040165941968,0.121847543324161,0.00569444446609155,0.0278374976562831,"ENSG00000197451","ENSG00000197451","HNRNPAB","heterogeneous nuclear ribonucleoprotein A/B","3182","Upregulated",1.55536980652237,"HNRNPAB"
2689.92335526119,0.216846034741811,0.0818693723746039,0.0057053733074749,0.0278810890931928,"ENSG00000099783","ENSG00000099783","HNRNPM","heterogeneous nuclear ribonucleoprotein M","4670","Upregulated",1.55469026579907,"HNRNPM"
2662.45344727931,0.383564178213501,0.159023751699735,0.00571662153722938,0.0279262100403462,"ENSG00000119280","ENSG00000119280","C1orf198","chromosome 1 open reading frame 198","84886","Upregulated",1.55398799986106,"C1orf198"
2475.11372605153,0.36920684575309,0.151977441006329,0.00575761085030201,0.0280939249137972,"ENSG00000101236","ENSG00000101236","RNF24","ring finger protein 24","11237","Upregulated",1.55138758264504,"RNF24"
2058.05323914706,0.263157784010268,0.101170115670927,0.00576010556930081,0.0280939249137972,"ENSG00000164713","ENSG00000164713","BRI3","brain protein I3","25798","Upregulated",1.55138758264504,"BRI3"
90.1435123798396,0.555159646624299,0.258173988631713,0.00575695163364944,0.0280939249137972,"ENSG00000187758","ENSG00000187758","ADH1A","alcohol dehydrogenase 1A (class I), alpha polypeptide","124","Upregulated",1.55138758264504,"ADH1A"
311.259321714661,0.381120564291934,0.156633670340258,0.00576420588382189,0.0280992364909911,"ENSG00000087338","ENSG00000087338","GMCL1","germ cell-less 1, spermatogenesis associated","64395","Upregulated",1.55130548053102,"GMCL1"
944.639696223021,0.299669729282133,0.117490608274328,0.00581288317754608,0.0282867794794983,"ENSG00000146063","ENSG00000146063","TRIM41","tripartite motif containing 41","90933","Upregulated",1.54841649524007,"TRIM41"
177.730485730002,0.434620179121215,0.185608653522592,0.00583589779057596,0.0283888057141426,"ENSG00000139734","ENSG00000139734","DIAPH3","diaphanous related formin 3","81624","Upregulated",1.54685287738142,"DIAPH3"
761.221715778147,0.435500438205934,0.188365542181517,0.00585845824512235,0.0284827047117569,"ENSG00000147408","ENSG00000147408","CSGALNACT1","chondroitin sulfate N-acetylgalactosaminyltransferase 1","55790","Upregulated",1.54541877256266,"CSGALNACT1"
973.722323990219,0.270229542314493,0.104190593884889,0.00589289165335885,0.0285957932156513,"ENSG00000173456","ENSG00000173456","RNF26","ring finger protein 26","79102","Upregulated",1.54369785210201,"RNF26"
1377.07518484596,0.290878971653172,0.113711937513712,0.00596012137768962,0.0288412437756286,"ENSG00000079950","ENSG00000079950","STX7","syntaxin 7","8417","Upregulated",1.53998601464454,"STX7"
514.797320136312,0.385271488644319,0.160061711389228,0.00595977966048291,0.0288412437756286,"ENSG00000153006","ENSG00000153006","SREK1IP1","SREK1 interacting protein 1","285672","Upregulated",1.53998601464454,"SREK1IP1"
520.732934212899,0.317714801635846,0.126053862795896,0.00598279014089311,0.0289408337042365,"ENSG00000155906","ENSG00000155906","RMND1","required for meiotic nuclear division 1 homolog","55005","Upregulated",1.538488962231,"RMND1"
313.471554729607,0.342033004704896,0.138354436590695,0.00598541656531361,0.0289434362102866,"ENSG00000135801","ENSG00000135801","TAF5L","TATA-box binding protein associated factor 5 like","27097","Upregulated",1.53844991003188,"TAF5L"
579.56300198367,0.302485536242595,0.119038397204443,0.00599017192727546,0.0289563281270006,"ENSG00000176834","ENSG00000176834","VSIG10","V-set and immunoglobulin domain containing 10","54621","Upregulated",1.53825651068227,"VSIG10"
1495.93890160262,0.252036570996802,0.0975164120065165,0.00599662200213568,0.0289774003931654,"ENSG00000043143","ENSG00000043143","JADE2","jade family PHD finger 2","23338","Upregulated",1.5379405783384,"JADE2"
8890.96482110516,0.207529316825993,0.0786671706568972,0.00600123910680311,0.0289896036183982,"ENSG00000107581","ENSG00000107581","EIF3A","eukaryotic translation initiation factor 3 subunit A","8661","Upregulated",1.537757722814,"EIF3A"
120.401843272287,0.498586634893967,0.225371566023615,0.00601578165009674,0.0290497274873487,"ENSG00000110628","ENSG00000110628","SLC67A1","solute carrier family 67 member 1","5002","Upregulated",1.53685793732858,"SLC67A1"
53.6673679435027,0.683415228279769,0.356239926725024,0.00602025301797896,0.029061193513121,"ENSG00000048540","ENSG00000048540","LMO3","LIM domain only 3","55885","Upregulated",1.53668655364713,"LMO3"
1352.89143459566,0.339957761218729,0.137343157784402,0.00602899518300481,0.0290861783563811,"ENSG00000145779","ENSG00000145779","TNFAIP8","TNF alpha induced protein 8","25816","Upregulated",1.53631333711548,"TNFAIP8"
751.13552328246,0.279712224303387,0.108718972782813,0.00603172498710147,0.0290861783563811,"ENSG00000155034","ENSG00000155034","FBXL18","F-box and leucine rich repeat protein 18","80028","Upregulated",1.53631333711548,"FBXL18"
114.104493095316,0.533778782915619,0.248677267899007,0.00603971130327558,0.0291145596355118,"ENSG00000148426","ENSG00000148426","PROSER2","proline and serine rich 2","254427","Upregulated",1.53588977431136,"PROSER2"
137.135781278676,0.462268364276267,0.202786194480337,0.00605941109000237,0.0291790751550879,"ENSG00000285589","ENSG00000285589",NA,NA,NA,"Upregulated",1.53492847739826,"ENSG00000285589"
2628.7531549019,0.261949541447884,0.100271138032311,0.00606154686096728,0.0291792212386751,"ENSG00000148484","ENSG00000148484","RSU1","Ras suppressor protein 1","6251","Upregulated",1.53492630313,"RSU1"
12654.6240018403,0.389764827236166,0.164669168693449,0.0061718079737246,0.0296276711838757,"ENSG00000072110","ENSG00000072110","ACTN1","actinin alpha 1","87","Upregulated",1.52830248391449,"ACTN1"
1940.14846552884,0.224836277080059,0.0854384061299183,0.00617451504554835,0.0296304030527197,"ENSG00000141985","ENSG00000141985","SH3GL1","SH3 domain containing GRB2 like 1, endophilin A2","6455","Upregulated",1.52826244091342,"SH3GL1"
193.172076102281,0.474101811348152,0.211396263749408,0.00618593948787786,0.0296632640531829,"ENSG00000123178","ENSG00000123178","SPRYD7","SPRY domain containing 7","57213","Upregulated",1.52778106226613,"SPRYD7"
350.075652619614,0.424893763511466,0.185458563989577,0.00620111776255051,0.0297067766675283,"ENSG00000118503","ENSG00000118503","TNFAIP3","TNF alpha induced protein 3","7128","Upregulated",1.52714446874328,"TNFAIP3"
557.054768875963,0.402017336761777,0.170644181037278,0.00620982771880019,0.0297380795973918,"ENSG00000138641","ENSG00000138641","HERC3","HECT and RLD domain containing E3 ubiquitin protein ligase 3","8916","Upregulated",1.52668708044031,"HERC3"
326.783755114523,0.365496183191674,0.150739272270922,0.00621527952780283,0.0297539063819756,"ENSG00000040199","ENSG00000040199","PHLPP2","PH domain and leucine rich repeat protein phosphatase 2","23035","Upregulated",1.52645600779212,"PHLPP2"
1359.73350871007,0.324850738147525,0.13027422970884,0.00625068608316281,0.0298718132505357,"ENSG00000078747","ENSG00000078747","ITCH","itchy E3 ubiquitin protein ligase","83737","Upregulated",1.52473841446313,"ITCH"
2322.1148556665,0.306037730208575,0.121872328414608,0.00624990195301326,0.0298718132505357,"ENSG00000167615","ENSG00000167615","LENG8","leukocyte receptor cluster member 8","114823","Upregulated",1.52473841446313,"LENG8"
284.248216168014,0.367983709343011,0.151709812833326,0.00628748598553494,0.0300269704595206,"ENSG00000060762","ENSG00000060762","MPC1","mitochondrial pyruvate carrier 1","51660","Upregulated",1.52248848328835,"MPC1"
292.773557033796,0.398879279504294,0.169605588804774,0.00637724586206259,0.0303927958742522,"ENSG00000008083","ENSG00000008083","JARID2","jumonji and AT-rich interaction domain containing 2","3720","Upregulated",1.51722934674768,"JARID2"
1102.00576029953,0.243856461510674,0.09411516531573,0.00639693287325597,0.0304656675912215,"ENSG00000128159","ENSG00000128159","TUBGCP6","tubulin gamma complex component 6","85378","Upregulated",1.51618930078235,"TUBGCP6"
439.544372559061,0.313613615857303,0.125495371477073,0.00643076623167879,0.0306162793558352,"ENSG00000109762","ENSG00000109762","SNX25","sorting nexin 25","83891","Upregulated",1.5140475880796,"SNX25"
2500.35267242284,0.236447493951257,0.0910603479756949,0.00645202222942957,0.0306963872563214,"ENSG00000121892","ENSG00000121892","PDS5A","PDS5 cohesin associated factor A","23244","Upregulated",1.51291273484758,"PDS5A"
16.5957574369965,0.995034683290467,0.688293507069416,0.00647641616352938,0.0307913041544953,"ENSG00000226887","ENSG00000226887","ERVMER34-1","endogenous retrovirus group MER34 member 1, envelope","100288413","Upregulated",1.51157191632233,"ERVMER34-1"
770.175382400458,0.277567757604605,0.108989687069635,0.00648907041106331,0.0308197487412359,"ENSG00000213281","ENSG00000213281","NRAS","NRAS proto-oncogene, GTPase","4893","Upregulated",1.51117090619968,"NRAS"
588.677142401069,0.287863691833803,0.113532735663059,0.00650143779158727,0.0308573377923315,"ENSG00000056972","ENSG00000056972","TRAF3IP2","TRAF3 interacting protein 2","10758","Upregulated",1.51064154528432,"TRAF3IP2"
1599.65668606713,0.353036174203447,0.146832643055311,0.00653016773509945,0.0309724827654837,"ENSG00000123908","ENSG00000123908","AGO2","argonaute RISC catalytic component 2","27161","Upregulated",1.50902398004419,"AGO2"
988.734174006288,0.337871913520179,0.138554409140296,0.00653377010894869,0.0309789667943619,"ENSG00000130164","ENSG00000130164","LDLR","low density lipoprotein receptor","3949","Upregulated",1.50893307085667,"LDLR"
2369.80799971204,0.316248074424981,0.127463232215414,0.00656645665142563,0.0311020241736527,"ENSG00000133104","ENSG00000133104","SPART","spartin","23111","Upregulated",1.50721134541558,"SPART"
1915.14849964318,0.308199073693789,0.124984611282556,0.00657361166054323,0.0311252763933955,"ENSG00000172725","ENSG00000172725","CORO1B","coronin 1B","57175","Upregulated",1.50688678333095,"CORO1B"
219.197878486872,0.383227410611595,0.160661804776623,0.00658061142134763,0.0311371436286981,"ENSG00000166394","ENSG00000166394","CYB5R2","cytochrome b5 reductase 2","51700","Upregulated",1.50672123002069,"CYB5R2"
635.819971329676,0.309010068464171,0.123778276983219,0.00659043440779166,0.0311729796783565,"ENSG00000099219","ENSG00000099219","ERMP1","endoplasmic reticulum metallopeptidase 1","79956","Upregulated",1.50622168357431,"ERMP1"
3470.08932622958,0.284105687842541,0.112763882122595,0.00665718032689935,0.0314350467293009,"ENSG00000127314","ENSG00000127314","RAP1B","RAP1B, member of RAS oncogene family","5908","Upregulated",1.50258588971932,"RAP1B"
514.008718864331,0.291125923583461,0.115507027642311,0.00666698167880669,0.0314706059559203,"ENSG00000292358","ENSG00000292358","GTPBP6","GTP binding protein 6","8225","Upregulated",1.50209489481227,"GTPBP6"
949.90152192965,0.259134586566044,0.101519275391261,0.00678576096601524,0.031987707900682,"ENSG00000242802","ENSG00000242802","AP5Z1","adaptor related protein complex 5 subunit zeta 1","9907","Upregulated",1.49501687844511,"AP5Z1"
1347.25860763592,0.311259158722027,0.125144315230932,0.00679464129558401,0.0320186785839846,"ENSG00000108799","ENSG00000108799","EZH1","enhancer of zeste 1 polycomb repressive complex 2 subunit","2145","Upregulated",1.49459659545,"EZH1"
580.29943444847,0.434457545107737,0.192617483400072,0.00679738577844777,0.0320207238285206,"ENSG00000173641","ENSG00000173641","HSPB7","heat shock protein family B (small) member 7","27129","Upregulated",1.4945688550782,"HSPB7"
14.8678494240335,1.11007428220577,0.985488149101652,0.00680565418700656,0.032048780624439,"ENSG00000138039","ENSG00000138039","LHCGR","luteinizing hormone/choriogonadotropin receptor","3973","Upregulated",1.49418848964444,"LHCGR"
434.613984819575,0.392995356882076,0.167949836006015,0.00681599816635766,0.0320865891941409,"ENSG00000125629","ENSG00000125629","INSIG2","insulin induced gene 2","51141","Upregulated",1.49367644597372,"INSIG2"
632.755440009706,0.332284719493104,0.135796177475891,0.00687770054857285,0.0323112040348038,"ENSG00000103005","ENSG00000103005","USB1","U6 snRNA biogenesis phosphodiesterase 1","79650","Upregulated",1.49064685826436,"USB1"
1691.59361713638,0.271515358734626,0.107410645241801,0.00690063546853627,0.0323860165792225,"ENSG00000157538","ENSG00000157538","VPS26C","VPS26 endosomal protein sorting factor C","10311","Upregulated",1.48964246613155,"VPS26C"
2978.71873499655,0.257030524036646,0.100714247373373,0.00694428139593057,0.0325577793864012,"ENSG00000075426","ENSG00000075426","FOSL2","FOS like 2, AP-1 transcription factor subunit","2355","Upregulated",1.48734522396466,"FOSL2"
44.5410815298768,0.689014647015092,0.378172015590336,0.00699444589521471,0.032770799750433,"ENSG00000260456","ENSG00000260456","C16orf95","chromosome 16 open reading frame 95","100506581","Upregulated",1.4845129598089,"C16orf95"
3452.47703562161,0.220736029671323,0.0861599958106786,0.00704527404093155,0.0329977874056338,"ENSG00000163902","ENSG00000163902","RPN1","ribophorin I","6184","Upregulated",1.48151517981118,"RPN1"
3233.28216123909,0.256620819895147,0.101038969236547,0.0070603924193083,0.03305742518216,"ENSG00000097033","ENSG00000097033","SH3GLB1","SH3 domain containing GRB2 like, endophilin B1","51100","Upregulated",1.48073097631592,"SH3GLB1"
1188.46311134561,0.280668710881521,0.112015932263366,0.00711144327648277,0.0332852051228553,"ENSG00000185483","ENSG00000185483","ROR1","receptor tyrosine kinase like orphan receptor 1","4919","Upregulated",1.47774876232806,"ROR1"
77.74914827075,0.601046530745855,0.308004752714649,0.00711468953612187,0.033289156745818,"ENSG00000162073","ENSG00000162073","PAQR4","progestin and adipoQ receptor family member 4","124222","Upregulated",1.477697205903,"PAQR4"
290.048163225665,0.384790296872426,0.164440657019218,0.00716104475338164,0.0334834410381633,"ENSG00000133597","ENSG00000133597","ADCK2","aarF domain containing kinase 2","90956","Upregulated",1.47516991665566,"ADCK2"
100.775723637538,0.578191727609903,0.291545022007659,0.00716437573628918,0.0334877178176161,"ENSG00000205085","ENSG00000205085","GARIN1A","golgi associated RAB2 interactor 1A","346653","Upregulated",1.47511444854817,"GARIN1A"
72.5170206070226,0.580172467430984,0.290478636708196,0.00716704451759831,0.0334888974947387,"ENSG00000136867","ENSG00000136867","SLC31A2","solute carrier family 31 member 2","1318","Upregulated",1.47509914985735,"SLC31A2"
221.769583722163,0.399299165827975,0.172735472128245,0.00717066218827857,0.0334945086846487,"ENSG00000140406","ENSG00000140406","TLNRD1","talin rod domain containing 1","59274","Upregulated",1.47502638828969,"TLNRD1"
36.226014706622,0.738758115037841,0.428227543120104,0.0071935271126619,0.0335560727884151,"ENSG00000099840","ENSG00000099840","IZUMO4","IZUMO family member 4","113177","Upregulated",1.47422887222121,"IZUMO4"
464.808637022978,0.366806275925299,0.155639785906003,0.00729117148945247,0.0339544172286027,"ENSG00000139200","ENSG00000139200","PIANP","PILR alpha associated neural protein","196500","Upregulated",1.46910371907955,"PIANP"
7609.6624780139,0.2414810239601,0.0947338095979288,0.00734953625142418,0.0341802761437878,"ENSG00000110880","ENSG00000110880","CORO1C","coronin 1C","23603","Upregulated",1.466224432919,"CORO1C"
28.9008787316899,0.938882859386773,0.782571344200861,0.00735423383079444,0.0341906496682255,"ENSG00000162894","ENSG00000162894","FCMR","Fc mu receptor","9214","Upregulated",1.46609264694705,"FCMR"
401.173913096683,0.327895306907506,0.135097661889306,0.00737929988512405,0.034284182738161,"ENSG00000042429","ENSG00000042429","MED17","mediator complex subunit 17","9440","Upregulated",1.46490619872996,"MED17"
43.3653721031449,0.702575403491997,0.399294504510724,0.00743872247705932,0.0345255374445965,"ENSG00000163602","ENSG00000163602","RYBP","RING1 and YY1 binding protein","23429","Upregulated",1.46185955221621,"RYBP"
3829.82303677997,0.236248182307916,0.0926944997194029,0.00746072969459935,0.0346024131147183,"ENSG00000163527","ENSG00000163527","STT3B","STT3 oligosaccharyltransferase complex catalytic subunit B","201595","Upregulated",1.46089361317651,"STT3B"
3073.73921803094,0.230774394084753,0.0902244515019936,0.00747228511339654,0.0346349161827969,"ENSG00000169045","ENSG00000169045","HNRNPH1","heterogeneous nuclear ribonucleoprotein H1","3187","Upregulated",1.46048585902737,"HNRNPH1"
36.2253372184909,0.731621499750598,0.427842819062027,0.0075111485066968,0.034745329490758,"ENSG00000165383","ENSG00000165383","LRRC18","leucine rich repeat containing 18","474354","Upregulated",1.45910356554045,"LRRC18"
870.714283724183,0.315496387183725,0.12996008432703,0.00751673340796684,0.0347479680790569,"ENSG00000130962","ENSG00000130962","PRRG1","proline rich and Gla domain 1","5638","Upregulated",1.45907058612002,"PRRG1"
1044.99540299681,0.233417550188841,0.0917997335922155,0.00752718552677725,0.0347730880718686,"ENSG00000188243","ENSG00000188243","COMMD6","COMM domain containing 6","170622","Upregulated",1.45875673948585,"COMMD6"
2602.82385034906,0.249242887451021,0.0988535000181556,0.00754431327028088,0.0348230290691798,"ENSG00000055070","ENSG00000055070","SZRD1","SUZ RNA binding domain containing 1","26099","Upregulated",1.45813345461978,"SZRD1"
654.946394282126,0.311229405266176,0.127300266857652,0.00757345131015769,0.0349286062254494,"ENSG00000206527","ENSG00000206527","HACD2","3-hydroxyacyl-CoA dehydratase 2","201562","Upregulated",1.4568187438978,"HACD2"
3504.82925340579,0.244834477193821,0.0964133929570926,0.0075863460810854,0.0349648055662662,"ENSG00000177119","ENSG00000177119","ANO6","anoctamin 6","196527","Upregulated",1.45636888245971,"ANO6"
101.205380864407,0.503345001013469,0.238547485059734,0.00760815917586457,0.0350536828518308,"ENSG00000139146","ENSG00000139146","SINHCAF","SIN3-HDAC complex associated factor","58516","Upregulated",1.45526634693545,"SINHCAF"
2158.74812525314,0.249999879639824,0.0991010029001455,0.0076308538101991,0.0351232158603618,"ENSG00000172594","ENSG00000172594","SMPDL3A","sphingomyelin phosphodiesterase acid like 3A","10924","Upregulated",1.45440572720584,"SMPDL3A"
1118.08876127771,0.451684679728108,0.209050887370968,0.00763480189541655,0.0351297209391029,"ENSG00000153214","ENSG00000153214","TMEM87B","transmembrane protein 87B","84910","Upregulated",1.45432530011088,"TMEM87B"
217.616635809474,0.499024299688405,0.237645981717561,0.00769215497359252,0.035370131313543,"ENSG00000204351","ENSG00000204351","SKIC2","SKI2 subunit of superkiller complex","6499","Upregulated",1.45136332784029,"SKIC2"
809.322516135239,0.342076604325263,0.144002823067498,0.00773709914464729,0.0355414176485471,"ENSG00000106348","ENSG00000106348","IMPDH1","inosine monophosphate dehydrogenase 1","3614","Upregulated",1.44926525338321,"IMPDH1"
727.84772522303,0.512682073773948,0.255737014486933,0.00777092613793377,0.0356849785770789,"ENSG00000154027","ENSG00000154027","AK5","adenylate kinase 5","26289","Upregulated",1.4475145596289,"AK5"
870.041944052505,0.28066356951704,0.113099236820397,0.00777734462269677,0.035702623095712,"ENSG00000162695","ENSG00000162695","SLC30A7","solute carrier family 30 member 7","148867","Upregulated",1.44729987480816,"SLC30A7"
1255.73176257368,0.335466587686481,0.141031827128376,0.0078112154021056,0.0358240723263936,"ENSG00000033327","ENSG00000033327","GAB2","GRB2 associated binding protein 2","9846","Upregulated",1.4458250469528,"GAB2"
1440.75340729901,0.281784071742778,0.114964108537989,0.00787732186895401,0.0361017869648921,"ENSG00000112343","ENSG00000112343","TRIM38","tripartite motif containing 38","10475","Upregulated",1.44247130087039,"TRIM38"
47.7625686441943,0.757295218466261,0.487331704869927,0.00788766802535923,0.0361372532771747,"ENSG00000120162","ENSG00000120162","MOB3B","MOB kinase activator 3B","79817","Upregulated",1.4420448604054,"MOB3B"
1425.42020271126,0.241092539113538,0.0956246435946212,0.00790506617389762,0.0362032025343449,"ENSG00000121644","ENSG00000121644","DESI2","desumoylating isopeptidase 2","51029","Upregulated",1.44125301008906,"DESI2"
144.655082796155,0.509673452201675,0.248413267810988,0.00791032830807167,0.0362051651326173,"ENSG00000177192","ENSG00000177192","PUS1","pseudouridine synthase 1","80324","Upregulated",1.44122946735146,"PUS1"
1195.22466180747,0.251479163874513,0.101059679435055,0.00804289001998326,0.0367148922223149,"ENSG00000145740","ENSG00000145740","SLC30A5","solute carrier family 30 member 5","64924","Upregulated",1.43515774233898,"SLC30A5"
826.595272415342,0.277546602615224,0.112461300840753,0.00806317175073413,0.03678324466538,"ENSG00000136100","ENSG00000136100","VPS36","vacuolar protein sorting 36 homolog","51028","Upregulated",1.43434996411051,"VPS36"
1940.36796496062,0.210424156287622,0.0822416106316455,0.00808738682612946,0.0368815709191603,"ENSG00000185825","ENSG00000185825","BCAP31","B cell receptor associated protein 31","10134","Upregulated",1.43319058905569,"BCAP31"
204.279179328702,0.488960813481444,0.235987550945633,0.00811517150569157,0.0369961058872959,"ENSG00000262246","ENSG00000262246","CORO7","coronin 7","79585","Upregulated",1.43184398622115,"CORO7"
1839.71124902264,0.368315548496217,0.160053184044736,0.00812666265861154,0.0370241347093022,"ENSG00000140526","ENSG00000140526","ABHD2","abhydrolase domain containing 2, acylglycerol lipase","11057","Upregulated",1.43151508258033,"ABHD2"
63.4511466685357,0.635993551075979,0.348178327664564,0.00812433219473373,0.0370241347093022,"ENSG00000186462","ENSG00000186462","NAP1L2","nucleosome assembly protein 1 like 2","4674","Upregulated",1.43151508258033,"NAP1L2"
146.063714837402,0.447760286730077,0.206014998395135,0.00814732900567865,0.0370817184531036,"ENSG00000111199","ENSG00000111199","TRPV4","transient receptor potential cation channel subfamily V member 4","59341","Upregulated",1.4308401478445,"TRPV4"
516.343987986851,0.348854270083677,0.148497173423459,0.00818298681649379,0.0372102946738267,"ENSG00000273841","ENSG00000273841","TAF9","TATA-box binding protein associated factor 9","6880","Upregulated",1.42933689072262,"TAF9"
898.115059198751,0.266772568710857,0.107747952629657,0.00819665545822154,0.0372572804183314,"ENSG00000180182","ENSG00000180182","MED14","mediator complex subunit 14","9282","Upregulated",1.42878884945099,"MED14"
377.620278891395,0.328244182853428,0.137645283535502,0.00820052628906074,0.0372626537180632,"ENSG00000120688","ENSG00000120688","WBP4","WW domain binding protein 4","11193","Upregulated",1.4287262193788,"WBP4"
370.742407974597,0.426339580248024,0.194273062504651,0.00823468975592302,0.0374056261315428,"ENSG00000144802","ENSG00000144802","NFKBIZ","NFKB inhibitor zeta","64332","Upregulated",1.42706307121877,"NFKBIZ"
1529.60710955026,0.24913005215454,0.0986951724094999,0.00824888059050516,0.0374578099946956,"ENSG00000136986","ENSG00000136986","DERL1","derlin 1","79139","Upregulated",1.42645761764477,"DERL1"
764.152501296217,0.363495185605209,0.158493483297554,0.00827138771058731,0.0375477111958826,"ENSG00000168758","ENSG00000168758","SEMA4C","semaphorin 4C","54910","Upregulated",1.42541653123755,"SEMA4C"
858.100664306553,0.269655266267079,0.106601947545426,0.00829839195725582,0.0376271738645601,"ENSG00000100522","ENSG00000100522","GNPNAT1","glucosamine-phosphate N-acetyltransferase 1","64841","Upregulated",1.42449839983371,"GNPNAT1"
61.1366735711639,0.617858533978934,0.338101257417128,0.00829975254375931,0.0376271738645601,"ENSG00000172476","ENSG00000172476","RAB40A","RAB40A, member RAS oncogene family","142684","Upregulated",1.42449839983371,"RAB40A"
1271.0397871723,0.25806012703161,0.10390994127292,0.00832332168483694,0.0377216858175785,"ENSG00000140497","ENSG00000140497","SCAMP2","secretory carrier membrane protein 2","10066","Upregulated",1.42340890647258,"SCAMP2"
229.956269873887,0.372430158967254,0.161382847470221,0.00832667481044016,0.0377245459947336,"ENSG00000143353","ENSG00000143353","LYPLAL1","lysophospholipase like 1","127018","Upregulated",1.42337597814398,"LYPLAL1"
6531.40328161141,0.222792810037683,0.0881110681299136,0.00839880965815865,0.0379855817929048,"ENSG00000215301","ENSG00000215301","DDX3X","DEAD-box helicase 3 X-linked","1654","Upregulated",1.42038121748891,"DDX3X"
243.443658041249,0.37567994348151,0.163456984494594,0.00844976723975812,0.038157485883287,"ENSG00000138709","ENSG00000138709","LARP1B","La ribonucleoprotein 1B","55132","Upregulated",1.41842024777782,"LARP1B"
586.434633665838,0.282424604736016,0.115580356153963,0.00848994773950733,0.0383139647417232,"ENSG00000163281","ENSG00000163281","GNPDA2","glucosamine-6-phosphate deaminase 2","132789","Upregulated",1.41664290475511,"GNPDA2"
269.956414196551,0.342618155001137,0.145780498955432,0.00851833562053965,0.0384295616422718,"ENSG00000164654","ENSG00000164654","MIOS","meiosis regulator for oocyte development","54468","Upregulated",1.41533456941096,"MIOS"
124.044663960837,0.496936458044658,0.24133707302009,0.00853440797832471,0.0384895412208272,"ENSG00000128944","ENSG00000128944","KNSTRN","kinetochore localized astrin (SPAG5) binding protein","90417","Upregulated",1.41465726548246,"KNSTRN"
24.3020260575764,0.851880425041467,0.678443839765271,0.00856290016739219,0.0385558316465533,"ENSG00000158125","ENSG00000158125","XDH","xanthine dehydrogenase","7498","Upregulated",1.4139099247369,"XDH"
984.325787219955,0.268156335341964,0.109170821899152,0.00856301679833257,0.0385558316465533,"ENSG00000162298","ENSG00000162298","SYVN1","synoviolin 1","84447","Upregulated",1.4139099247369,"SYVN1"
312.82263870829,0.38090154696164,0.167430492882356,0.00856666482956451,0.0385597297411285,"ENSG00000103150","ENSG00000103150","MLYCD","malonyl-CoA decarboxylase","23417","Upregulated",1.4138660186579,"MLYCD"
358.076812661796,0.390319832292153,0.173415098620695,0.00858648583614587,0.0386363984425797,"ENSG00000051382","ENSG00000051382","PIK3CB","phosphatidylinositol-4,5-bisphosphate 3-kinase catalytic subunit beta","5291","Upregulated",1.41300336386662,"PIK3CB"
36.5494384517215,0.741782328362618,0.479499348859504,0.00863403544086755,0.0388377465676675,"ENSG00000085265","ENSG00000085265","FCN1","ficolin 1","2219","Upregulated",1.41074597654,"FCN1"
396.947025656021,0.789415011872519,0.883410478580477,0.00869285743040722,0.0390389861075871,"ENSG00000168079","ENSG00000168079","SCARA5","scavenger receptor class A member 5","286133","Upregulated",1.40850147004218,"SCARA5"
736.763273861666,0.283255976904703,0.11631741926784,0.00872471903451299,0.0391340727710103,"ENSG00000129245","ENSG00000129245","FXR2","FMR1 autosomal homolog 2","9513","Upregulated",1.40744495174327,"FXR2"
332.53857618115,0.431106022917574,0.199699457277199,0.00875386791172983,0.0392493870555366,"ENSG00000160179","ENSG00000160179","ABCG1","ATP binding cassette subfamily G member 1","9619","Upregulated",1.40616712109648,"ABCG1"
342.657592185323,0.484736403348974,0.238616070537304,0.00879271225318779,0.0394108017842592,"ENSG00000112297","ENSG00000112297","CRYBG1","crystallin beta-gamma domain containing 1","202","Upregulated",1.40438472963738,"CRYBG1"
1460.56832174346,0.218602075826174,0.0872407519781851,0.0088198400240908,0.0394813187641713,"ENSG00000185883","ENSG00000185883","ATP6V0C","ATPase H+ transporting V0 subunit c","527","Upregulated",1.40360834935506,"ATP6V0C"
1168.92710871713,0.232095511111854,0.0930335739785698,0.00883414229330369,0.0395325728262498,"ENSG00000198258","ENSG00000198258","UBL5","ubiquitin like 5","59286","Upregulated",1.40304492034252,"UBL5"
1018.55260465867,0.271533860850168,0.111242956073213,0.00885701379448529,0.0396221285273633,"ENSG00000155957","ENSG00000155957","TMBIM4","transmembrane BAX inhibitor motif containing 4","51643","Upregulated",1.40206219757945,"TMBIM4"
21.2263154112884,0.611703487208658,1.22541524699331,0.00887986508460276,0.0397115360463084,"ENSG00000187151","ENSG00000187151","ANGPTL5","angiopoietin like 5","253935","Upregulated",1.40108331405589,"ANGPTL5"
2222.00051934197,0.35056880950129,0.151879858576979,0.00888561098107588,0.0397244137376551,"ENSG00000162413","ENSG00000162413","KLHL21","kelch like family member 21","9903","Upregulated",1.40094250349453,"KLHL21"
846.780756139178,0.307646135453359,0.129168684131199,0.00891550877298914,0.039793892458891,"ENSG00000127920","ENSG00000127920","GNG11","G protein subunit gamma 11","2791","Upregulated",1.40018357805046,"GNG11"
6038.10520271411,0.271936422158629,0.111858842803672,0.00893157763197101,0.0398375894572958,"ENSG00000108518","ENSG00000108518","PFN1","profilin 1","5216","Upregulated",1.39970694828718,"PFN1"
649.803884530825,0.426257882470742,0.198621517061695,0.0089287372978919,0.0398375894572958,"ENSG00000183580","ENSG00000183580","FBXL7","F-box and leucine rich repeat protein 7","23194","Upregulated",1.39970694828718,"FBXL7"
191.453726871527,0.394277104129465,0.176161919971073,0.00897460782202551,0.0399581730432403,"ENSG00000169689","ENSG00000169689","CENPX","centromere protein X","201254","Upregulated",1.39839437668674,"CENPX"
1321.42341958931,0.402855702613462,0.183570207557578,0.00898957368264121,0.039982831087203,"ENSG00000135931","ENSG00000135931","ARMC9","armadillo repeat containing 9","80210","Upregulated",1.39812645779121,"ARMC9"
1170.16813136194,0.27585181126064,0.113718050679156,0.00900244125612489,0.0400143788866693,"ENSG00000109184","ENSG00000109184","DCUN1D4","defective in cullin neddylation 1 domain containing 4","23142","Upregulated",1.39778391994672,"DCUN1D4"
707.198512449899,0.267721875994044,0.109742423108441,0.00902644337678269,0.0401082009486474,"ENSG00000159593","ENSG00000159593","NAE1","NEDD8 activating enzyme E1 subunit 1","8883","Upregulated",1.39676681783879,"NAE1"
274.378206016125,0.461614170806605,0.219759596474125,0.00912774901689193,0.0405063956532518,"ENSG00000133794","ENSG00000133794","BMAL1","basic helix-loop-helix ARNT like 1","406","Upregulated",1.39247639956007,"BMAL1"
165.720389430739,0.456791229264998,0.216659456526991,0.00922759696417361,0.0408840365493868,"ENSG00000110721","ENSG00000110721","CHKA","choline kinase alpha","1119","Upregulated",1.38844623213506,"CHKA"
2067.70622968744,0.313090964071524,0.132696614135097,0.00923634563380205,0.0409097200827302,"ENSG00000103187","ENSG00000103187","COTL1","coactosin like F-actin binding protein 1","23406","Upregulated",1.38817349207194,"COTL1"
413.254167601493,0.348965416527142,0.151665337549006,0.00926973217826468,0.0409975239664188,"ENSG00000044446","ENSG00000044446","PHKA2","phosphorylase kinase regulatory subunit alpha 2","5256","Upregulated",1.38724237157765,"PHKA2"
259.856671625993,0.376089150982925,0.166583121817083,0.00927096039474395,0.0409975239664188,"ENSG00000196371","ENSG00000196371","FUT4","fucosyltransferase 4","2526","Upregulated",1.38724237157765,"FUT4"
1969.84911027071,0.246744971829315,0.095943980580552,0.0092707278272812,0.0409975239664188,"ENSG00000214753","ENSG00000214753","HNRNPUL2","heterogeneous nuclear ribonucleoprotein U like 2","221092","Upregulated",1.38724237157765,"HNRNPUL2"
369.508862025504,0.356709314805894,0.156867984716167,0.00933611565663844,0.0412330232266897,"ENSG00000105656","ENSG00000105656","ELL","elongation factor for RNA polymerase II","8178","Upregulated",1.38475482133413,"ELL"
718.125551778399,0.251138398690827,0.102920977719832,0.0093415260125484,0.0412437747715541,"ENSG00000239697","ENSG00000239697","TNFSF12","TNF superfamily member 12","8742","Upregulated",1.38464159345074,"TNFSF12"
162.876203225843,0.624976637733185,0.390615547425312,0.00938367180154134,0.0413771261525808,"ENSG00000254087","ENSG00000254087","LYN","LYN proto-oncogene, Src family tyrosine kinase","4067","Upregulated",1.38323967653684,"LYN"
977.958328202998,0.357976282617803,0.157762570441614,0.00941747173939171,0.041499918645433,"ENSG00000180628","ENSG00000180628","PCGF5","polycomb group ring finger 5","84333","Upregulated",1.38195275465837,"PCGF5"
1963.67081340835,0.271303960740327,0.112343550316312,0.00949334612606286,0.0417942452227145,"ENSG00000164889","ENSG00000164889","SLC4A2","solute carrier family 4 member 2","6522","Upregulated",1.37888351344213,"SLC4A2"
765.621129267497,0.275418817639753,0.115030195488978,0.00952764069692013,0.0419185944186083,"ENSG00000088038","ENSG00000088038","CNOT3","CCR4-NOT transcription complex subunit 3","4849","Upregulated",1.37759328820173,"CNOT3"
281.355036030432,0.332923971814569,0.143468686532837,0.00954862875489939,0.0419976026385753,"ENSG00000132603","ENSG00000132603","NIP7","nucleolar pre-rRNA processing protein NIP7","51388","Upregulated",1.37677549985338,"NIP7"
14.0937340188668,0.211950322274481,0.412121443108472,0.00957454719119669,0.0420982390618004,"ENSG00000085231","ENSG00000085231","AK6","adenylate kinase 6","102157402","Upregulated",1.37573607000133,"AK6"
169.357407312425,0.531581154144202,0.280116580623876,0.00967328690234487,0.042465024763889,"ENSG00000160796","ENSG00000160796","NBEAL2","neurobeachin like 2","23218","Upregulated",1.37196861831612,"NBEAL2"
42.4911744994909,0.718133797506358,0.490584406766415,0.0096975962353981,0.0425447882957842,"ENSG00000132141","ENSG00000132141","CCT6B","chaperonin containing TCP1 subunit 6B","10693","Upregulated",1.37115363306494,"CCT6B"
566.497025537011,0.305827507163632,0.129587756002182,0.00976073513458492,0.0427946941569796,"ENSG00000057663","ENSG00000057663","ATG5","autophagy related 5","9474","Upregulated",1.36861007307065,"ATG5"
1673.39450443317,0.247104890230759,0.102019314761894,0.00979819658911902,0.0429453531083493,"ENSG00000169905","ENSG00000169905","TOR1AIP2","torsin 1A interacting protein 2","163590","Upregulated",1.36708382202093,"TOR1AIP2"
227.748367110552,0.393465141453805,0.178273506217458,0.00980917402609727,0.042966290400658,"ENSG00000106415","ENSG00000106415","GLCCI1","glucocorticoid induced 1","113263","Upregulated",1.36687214056952,"GLCCI1"
1691.52600158947,0.284215290302099,0.119411155104156,0.00985878909360878,0.0431134621611395,"ENSG00000157796","ENSG00000157796","WDR19","WD repeat domain 19","57728","Upregulated",1.36538710038655,"WDR19"
401.604088768392,0.33945850254151,0.148511623529874,0.00996173910685389,0.0435216087769132,"ENSG00000125744","ENSG00000125744","RTN2","reticulon 2","6253","Upregulated",1.3612950593112,"RTN2"
882.769615760192,0.345996818614464,0.152840168880001,0.0101069973297002,0.0440619301643015,"ENSG00000132823","ENSG00000132823","OSER1","oxidative stress responsive serine rich 1","51526","Upregulated",1.35593648218877,"OSER1"
446.852835935469,0.295682057334857,0.12540414249022,0.010110967713822,0.0440653778446097,"ENSG00000181610","ENSG00000181610","MRPS23","mitochondrial ribosomal protein S23","51649","Upregulated",1.35590250160846,"MRPS23"
933.466935435394,0.290105910254007,0.123038642421755,0.0101195547920942,0.0440782351100156,"ENSG00000075391","ENSG00000075391","RASAL2","RAS protein activator like 2","9462","Upregulated",1.35577580293409,"RASAL2"
1673.58844482282,0.261431056671416,0.108711640606368,0.0101204897221448,0.0440782351100156,"ENSG00000135932","ENSG00000135932","CAB39","calcium binding protein 39","51719","Upregulated",1.35577580293409,"CAB39"
9884.72721418207,0.36426416769125,0.164500321355995,0.0101374649610289,0.0441253539242775,"ENSG00000198959","ENSG00000198959","TGM2","transglutaminase 2","7052","Upregulated",1.35531179816516,"TGM2"
248.311974237752,0.527117521100446,0.284712755720639,0.0101503983440775,0.044153914202941,"ENSG00000130810","ENSG00000130810","PPAN","peter pan homolog","56342","Upregulated",1.35503079058272,"PPAN"
388.82091209135,0.296128124874014,0.125738066908303,0.0101837250223291,0.0442849843377655,"ENSG00000168564","ENSG00000168564","CDKN2AIP","CDKN2A interacting protein","55602","Upregulated",1.35374350458273,"CDKN2AIP"
5065.24392889853,0.211635311060464,0.0859835038819068,0.0102046929217094,0.0443483346509785,"ENSG00000136238","ENSG00000136238","RAC1","Rac family small GTPase 1","5879","Upregulated",1.3531226839601,"RAC1"
11531.733598047,0.187031238411241,0.0753692491976959,0.0102190270428731,0.0443688896576375,"ENSG00000024422","ENSG00000024422","EHD2","EH domain containing 2","30846","Upregulated",1.35292143947355,"EHD2"
913.808226435027,0.27034621223608,0.113050486056961,0.010217784362261,0.0443688896576375,"ENSG00000174574","ENSG00000174574","AKIRIN1","akirin 1","79647","Upregulated",1.35292143947355,"AKIRIN1"
79.5486722188368,0.563133821829234,0.30858274331334,0.0102912661868557,0.0446405815598225,"ENSG00000185442","ENSG00000185442","FAM174B","family with sequence similarity 174 member B","400451","Upregulated",1.35027015621706,"FAM174B"
197.675870144362,0.484138902307718,0.245734392572135,0.0103188240159828,0.0447181307184197,"ENSG00000170390","ENSG00000170390","DCLK2","doublecortin like kinase 2","166614","Upregulated",1.34951635887035,"DCLK2"
253.641681794652,0.348196645878451,0.153913502165369,0.0103631882730079,0.0448963508207618,"ENSG00000137563","ENSG00000137563","GGH","gamma-glutamyl hydrolase","8836","Upregulated",1.34778895705485,"GGH"
218.404538261522,0.404456190647131,0.187666379398127,0.0104348999806129,0.0451928996347858,"ENSG00000140398","ENSG00000140398","NEIL1","nei like DNA glycosylase 1","79661","Upregulated",1.34492979288019,"NEIL1"
880.049659522408,0.275740414934612,0.116234754699087,0.0104858129584893,0.045328409791548,"ENSG00000148843","ENSG00000148843","PDCD11","programmed cell death 11","22984","Upregulated",1.34362951656606,"PDCD11"
409.811218392824,0.339378370094533,0.149849253259029,0.0105021557328468,0.0453566146156197,"ENSG00000189077","ENSG00000189077","TMEM120A","transmembrane protein 120A","83862","Upregulated",1.34335936832643,"TMEM120A"
252.395666360367,0.346181191290361,0.153274342562836,0.0105694868381179,0.0456047690191394,"ENSG00000002919","ENSG00000002919","SNX11","sorting nexin 11","29916","Upregulated",1.34098973956365,"SNX11"
4361.33621691183,0.257098116858998,0.108451024227721,0.0106489596352334,0.0459047998708241,"ENSG00000213625","ENSG00000213625","LEPROT","leptin receptor overlapping transcript","54741","Upregulated",1.33814190164298,"LEPROT"
1894.03123665473,0.23530964802028,0.096981442045817,0.0106757905323256,0.046006150804571,"ENSG00000165672","ENSG00000165672","PRDX3","peroxiredoxin 3","10935","Upregulated",1.3371841013204,"PRDX3"
692.3892814822,0.260760506357007,0.109088714715011,0.0107248404599514,0.0461888017198467,"ENSG00000139233","ENSG00000139233","LLPH","LLP homolog, long-term synaptic facilitation factor","84298","Upregulated",1.33546330454732,"LLPH"
74.9852892690311,0.666815392236003,0.463751921317627,0.0107638628230413,0.0463280667281148,"ENSG00000135917","ENSG00000135917","SLC19A3","solute carrier family 19 member 3","80704","Upregulated",1.33415582254301,"SLC19A3"
762.013239012952,0.257378065865742,0.108090198258809,0.0107839670069603,0.0463857848384429,"ENSG00000142733","ENSG00000142733","MAP3K6","mitogen-activated protein kinase kinase kinase 6","9064","Upregulated",1.33361509082632,"MAP3K6"
30748.6190198163,0.20582037173824,0.0840249402255318,0.0108001842957093,0.0464123268695301,"ENSG00000071967","ENSG00000071967","CYBRD1","cytochrome b reductase 1","79901","Upregulated",1.33336665779806,"CYBRD1"
1165.94027180109,0.243669167697544,0.10170652654907,0.0107944055347999,0.0464123268695301,"ENSG00000081087","ENSG00000081087","OSTM1","osteoclastogenesis associated transmembrane protein 1","28962","Upregulated",1.33336665779806,"OSTM1"
588.45011309877,0.339430363594357,0.15107476259772,0.0108571968594527,0.0466284137821985,"ENSG00000188786","ENSG00000188786","MTF1","metal regulatory transcription factor 1","4520","Upregulated",1.3313493582396,"MTF1"
169.87332841027,0.500946436439538,0.261102284680092,0.0109315661256058,0.0469187286883775,"ENSG00000143434","ENSG00000143434","SEMA6C","semaphorin 6C","10500","Upregulated",1.32865376405656,"SEMA6C"
727.584504585151,0.379792228603608,0.175726480236151,0.01105942196817,0.0474228499954825,"ENSG00000162337","ENSG00000162337","LRP5","LDL receptor related protein 5","4041","Upregulated",1.32401234955399,"LRP5"
936.505894541269,0.45781340341936,0.234202681770777,0.0111596548553333,0.0477793193203784,"ENSG00000086544","ENSG00000086544","ITPKC","inositol-trisphosphate 3-kinase C","80271","Upregulated",1.32076004164159,"ITPKC"
195.283457719698,0.366858208252482,0.167046919273766,0.0111655731607807,0.047789894513669,"ENSG00000105607","ENSG00000105607","GCDH","glutaryl-CoA dehydrogenase","2639","Upregulated",1.3206639280936,"GCDH"
277.806512602258,0.347528039406567,0.155528639144763,0.0111893116976995,0.0478639313777511,"ENSG00000156521","ENSG00000156521","TYSND1","trypsin like peroxisomal matrix peptidase 1","219743","Upregulated",1.31999163281112,"TYSND1"
658.129346886597,0.280499836555832,0.119806999841358,0.011197039560109,0.0478802132871182,"ENSG00000103966","ENSG00000103966","EHD4","EH domain containing 4","30844","Upregulated",1.31984392365384,"EHD4"
345.630299158734,0.337367272041791,0.149783260078395,0.0112025418821967,0.0478889660534743,"ENSG00000104885","ENSG00000104885","DOT1L","DOT1 like histone lysine methyltransferase","84444","Upregulated",1.31976453948941,"DOT1L"
480.544644160552,0.316650908460058,0.141118385511415,0.0112540684865852,0.0480499492161381,"ENSG00000136718","ENSG00000136718","IMP4","IMP U3 small nucleolar ribonucleoprotein 4","92856","Upregulated",1.31830706699986,"IMP4"
309.412232314545,0.325359813346839,0.144084123332044,0.0112904120186926,0.0481754372435534,"ENSG00000156928","ENSG00000156928","MALSU1","mitochondrial assembly of ribosomal large subunit 1","115416","Upregulated",1.31717433496829,"MALSU1"
1976.67358750425,0.268676749946661,0.114367261312727,0.0113047952869814,0.0482162944683343,"ENSG00000008282","ENSG00000008282","SYPL1","synaptophysin like 1","6856","Upregulated",1.31680616919275,"SYPL1"
1664.14946092116,0.250719000742913,0.10507358987983,0.0113069454522034,0.0482162944683343,"ENSG00000117899","ENSG00000117899","MESD","mesoderm development LRP chaperone","23184","Upregulated",1.31680616919275,"MESD"
3745.1102253022,0.291537834212061,0.126760453974161,0.0113919703199446,0.0485340659895826,"ENSG00000102317","ENSG00000102317","RBM3","RNA binding motif protein 3","5935","Upregulated",1.31395332370903,"RBM3"
3596.24969141795,0.203096356248172,0.0834571775453396,0.0114209327008176,0.0486425034728432,"ENSG00000205339","ENSG00000205339","IPO7","importin 7","10527","Upregulated",1.31298408142318,"IPO7"
2084.00848014228,0.349862907024382,0.15984411255047,0.0114704740243793,0.048823494933622,"ENSG00000136068","ENSG00000136068","FLNB","filamin B","2317","Upregulated",1.31137113569188,"FLNB"
1282.62413597648,0.349802003632714,0.158785650625613,0.0114891639820484,0.0488880330448908,"ENSG00000118596","ENSG00000118596","SLC16A7","solute carrier family 16 member 7","9194","Upregulated",1.31079743573544,"SLC16A7"
2795.00411721301,0.26680356299822,0.113829533772261,0.011579581658363,0.0492123343156248,"ENSG00000173402","ENSG00000173402","DAG1","dystroglycan 1","1605","Upregulated",1.30792603434916,"DAG1"
1166.38565866836,0.237309222320006,0.099377098168873,0.01162853426997,0.0494052288312428,"ENSG00000144744","ENSG00000144744","UBA3","ubiquitin like modifier activating enzyme 3","9039","Upregulated",1.30622708483379,"UBA3"
149.299179046111,0.402579506823271,0.190038393005918,0.0116451296468805,0.0494454202745457,"ENSG00000174132","ENSG00000174132","FAM174A","family with sequence similarity 174 member A","345757","Upregulated",1.30587392735498,"FAM174A"
275.88689732105,0.348094572413608,0.157435759678069,0.0116579156387172,0.0494845491078044,"ENSG00000175182","ENSG00000175182","FAM131A","family with sequence similarity 131 member A","131408","Upregulated",1.30553038257559,"FAM131A"
32634.1167489566,0.251686603168457,0.107137350932699,0.0116898397310041,0.0495896813076173,"ENSG00000150991","ENSG00000150991","UBC","ubiquitin C","7316","Upregulated",1.30460868273103,"UBC"
275.406497764606,0.342856434424266,0.15433878330449,0.0117065075752217,0.0496451923148708,"ENSG00000247077","ENSG00000247077","PGAM5","PGAM family member 5, mitochondrial serine/threonine protein phosphatase","192111","Upregulated",1.304122802601,"PGAM5"
282.342696687653,0.366408738417664,0.168210600891836,0.0117313558773793,0.0497353505979199,"ENSG00000087301","ENSG00000087301","TXNDC16","thioredoxin domain containing 16","57544","Upregulated",1.30333481625236,"TXNDC16"
1286.2365110033,0.260277777339784,0.110982713812913,0.0117468560700239,0.0497858343346977,"ENSG00000108061","ENSG00000108061","SHOC2","SHOC2 leucine rich repeat scaffold protein","8036","Upregulated",1.30289421036118,"SHOC2"
